:020000040800F2
:1000000000400220F95E0108895F010841410108B2
:1000100000000000000000000000000000000000E0
:100020000000000000000000000000007F9F0108A9
:10003000000000000000000091A001082D4101080F
:10004000895F0108895F0108895F0108895F0108EC
:10005000895F0108895F0108895F0108895F0108DC
:10006000895F010809450108294501087D45010806
:10007000895F0108895F0108895F0108895F0108BC
:10008000895F0108895F0108895F0108895F0108AC
:10009000895F0108895F0108895F0108895F01089C
:1000A000895F0108895F0108895F0108F54101083E
:0C00B000A14201084D430108895F0108CE
:1000C00010B5064C2378002B07D1054B002B02D02E
:1000D000044800E000BF0123237010BD780A00200F
:1000E0000000000020AA0208044B10B5002B03D02A
:1000F0000349044800E000BF10BDC04600000000F6
:100100007C0A002020AA020802780B78002A03D07B
:10011000013001319A42F7D0D01A70470023C25CF7
:100120000133002AFBD1581E7047000002B471460B
:1001300049084900095C49008E4402BC7047C0462A
:1001400003B47146490840004900095A49008E44E9
:1001500003BC7047002243088B4274D303098B42CF
:100160005FD3030A8B4244D3030B8B4228D3030C87
:100170008B420DD3FF22090212BA030C8B4202D329
:100180001212090265D0030B8B4219D300E0090A51
:10019000C30B8B4201D3CB03C01A5241830B8B425A
:1001A00001D38B03C01A5241430B8B4201D34B0343
:1001B000C01A5241030B8B4201D30B03C01A5241A8
:1001C000C30A8B4201D3CB02C01A5241830A8B422D
:1001D00001D38B02C01A5241430A8B4201D34B0216
:1001E000C01A5241030A8B4201D30B02C01A52417A
:1001F000CDD2C3098B4201D3CB01C01A524183092E
:100200008B4201D38B01C01A524143098B4201D367
:100210004B01C01A524103098B4201D30B01C01A92
:100220005241C3088B4201D3CB00C01A524183080C
:100230008B4201D38B00C01A524143088B4201D339
:100240004B00C01A5241411A00D201465241104699
:100250007047FFE701B5002000F0F0F802BDC0468E
:100260000029F7D076E7704703460B437FD400227E
:1002700043088B4274D303098B425FD3030A8B423A
:1002800044D3030B8B4228D3030C8B420DD3FF22A4
:10029000090212BA030C8B4202D31212090265D072
:1002A000030B8B4219D300E0090AC30B8B4201D325
:1002B000CB03C01A5241830B8B4201D38B03C01A6C
:1002C0005241430B8B4201D34B03C01A5241030BE3
:1002D0008B4201D30B03C01A5241C30A8B4201D394
:1002E000CB02C01A5241830A8B4201D38B02C01A3F
:1002F0005241430A8B4201D34B02C01A5241030AB6
:100300008B4201D30B02C01A5241CDD2C3098B429A
:1003100001D3CB01C01A524183098B4201D38B0117
:10032000C01A524143098B4201D34B01C01A5241BA
:1003300003098B4201D30B01C01A5241C3088B42FF
:1003400001D3CB00C01A524183088B4201D38B00EA
:10035000C01A524143088B4201D34B00C01A52418C
:10036000411A00D201465241104670475DE0CA0F63
:1003700000D04942031000D34042534000229C4623
:1003800003098B422DD3030A8B4212D3FC2289012D
:1003900012BA030A8B420CD3890192118B4208D303
:1003A000890192118B4204D389013AD0921100E065
:1003B0008909C3098B4201D3CB01C01A5241830979
:1003C0008B4201D38B01C01A524143098B4201D3A6
:1003D0004B01C01A524103098B4201D30B01C01AD1
:1003E0005241C3088B4201D3CB00C01A524183084B
:1003F0008B4201D38B00C01A5241D9D243088B42A1
:1004000001D34B00C01A5241411A00D20146634643
:1004100052415B10104601D34042002B00D54942A7
:10042000704763465B1000D3404201B5002000F0E6
:1004300005F802BD0029F8D016E770477047C0469E
:100440008446100062468C461900634600E0C046B0
:100450001FB501F0E1FF002801D40021C8421FBDF3
:1004600010B501F025FF4042013010BD10B501F07C
:10047000D3FF002801DB002010BD012010BDC046C5
:1004800010B501F0C9FF002801DD002010BD0120DA
:1004900010BDC04610B501F04FFF002801DC002060
:1004A00010BD012010BDC04610B501F045FF002869
:1004B00001DA002010BD012010BDC04684460800AE
:1004C0006146FFE71FB500F059FB002801D4002169
:1004D000C8421FBD10B500F0E1FA4042013010BD26
:1004E00010B500F04BFB002801DB002010BD0120FF
:1004F00010BDC04610B500F041FB002801DD002012
:1005000010BD012010BDC04610B500F0EFFA002864
:1005100001DC002010BD012010BDC04610B500F068
:10052000E5FA002801DA002010BD012010BDC04608
:10053000002B11D1002A0FD1002900D1002802D0B0
:100540000021C943080007B4024802A140180290E4
:1005500003BDC046E9FEFFFF03B4684601B502983B
:1005600000F0BAF8019B9E4602B00CBC7047C04632
:10057000F0B5CE469946030C9C46130447461B0C27
:100580001D000E0061460404240C80B50700100C09
:100590004B436543414360432C0CC01824188C46E0
:1005A000A34203D980235B029846C4444946794359
:1005B0005643230C2D042D0C89196344240460191F
:1005C000C918C0BCB946B046F0BDC0469E2110B5A2
:1005D000C905041CFFF7A2FF002803D1201C00F06E
:1005E000D3FE10BD9E21201CC90500F069FC00F05F
:1005F000CBFE80231B069C466044F2E770B50022C8
:100600000C4B04000D00FFF74FFF002804D1200021
:10061000290002F081FE70BD064B00222000290057
:1006200002F04EFA02F078FE80231B069C466044DE
:10063000F1E7C0460000E04170B50022002304004D
:100640000D00FFF713FF002808D12000290000F05B
:100650000FF802000B001000190070BD80231B066C
:10066000E918200000F004F8002342428B41F2E731
:1006700070B500220B4B0D00040001F03BFFFFF7AB
:10068000BDFF060002F0B2FE0022074B01F032FF70
:1006900002000B002000290002F012FAFFF7AEFF63
:1006A000310070BD0000F03D0000F04170B5060063
:1006B000080002F06DFE0022064B01F01BFF0D004A
:1006C0000400300002F092FE2B00220000F012FF26
:1006D00070BDC0460000F041F0B557464E46454655
:1006E000DE46E0B504000D009246994683B08B4289
:1006F00030D82DD04946504602F084FF290006002C
:10070000200002F07FFF331A9846203B34D49B46EA
:1007100053465A46934042461F00534693401E009C
:10072000AF423BD8AF4200D179E05B46A41BBD414C
:10073000002B00DA76E000220023009201930123CF
:100740005A4693400193012342469340009329E087
:100750008242CFD900220023009201930C9B002BF0
:1007600001D01C605D600098019903B0F0BCBB46ED
:10077000B246A946A046F0BD42469B4620239B1A9E
:100780005246DA40414613004A468A401700424624
:100790001F43534693401E00AF42C3D9002200239B
:1007A000009201934346002BD8D0FB0772081A43EE
:1007B00046467B080EE0AB4201D1A2420CD8A41AF7
:1007C0009D41012024196D410021013E24184D4115
:1007D000002E06D0AB42EED9013E24196D41002E09
:1007E000F8D1009801995B4600196941002B24DB80
:1007F0002B005A464446D3402A00E2401C005B4688
:100800001500002B2ADB26009E40330026004746B9
:10081000BE403200801A9941009001919EE7A342A8
:10082000BCD882E74246202300219B1A0022009177
:1008300001920122DA40019285E7424620239B1A69
:100840002A0046469A402300F340444613432A00B8
:10085000E2401C005B461500002BD4DA42462F0014
:100860002023260097409B1ADE403B003343CDE710
:10087000F0B546464F46D6464502C0B5C30F4700C1
:1008800098460E1C6D0A3F0E5BD0FF2F21D08023AF
:10089000ED00DB041D43002399469A467F3F740216
:1008A0007300640A1B0EF60F002B20D0FF2B43D0E1
:1008B00080220020E400D20414437F3B4246FF1A0A
:1008C0004B4672400F2B00D99DE071499B00CB58DD
:1008D0009F46002D5AD108239946063B74029A463A
:1008E0007300FF27640A1B0EF60F002BDED1002CCD
:1008F0003BD1012342464946724019430E2918D87C
:100900006448890041588F465346022B00D1B8E015
:10091000032B6ED042462C00012B40D10020002436
:10092000C0052043D2071043E0BCBA46B146A846F2
:10093000F0BDFF200024F3E7002C20D10223FF3F6D
:10094000D8E7002D05D104239946033B00279A469A
:10095000A5E7280002F038FE7627431F9D400023BC
:100960007F4299469A463F1A99E7200002F02CFEF2
:10097000431F9C4076235B421B1A00209EE7032303
:100980004A461A4391460320FC3397E70C239946C5
:10099000093BFF279A4682E703282CD03200380013
:1009A0007F30002847DD630704D00F232340042B4A
:1009B00000D00434230103D53800374B80301C406D
:1009C000FE28B6DCA401640AC0B2A9E78024002294
:1009D000FF20E403A4E78023DB031D4201D01C4277
:1009E0000BD08024E4032C4364024246FF20640AB7
:1009F00096E746462C008023DB031C43640232004A
:100A0000FF20640A8CE76D01600185422DD21B2313
:100A10000024013F0126290064006D00002901DB4C
:100A2000854201D32D1A3443013B002BF3D16B1EB9
:100A30009D412C43B3E701231B1A1B2B00DD6DE7FF
:100A400021009E37D940BC400B00611E8C412343DE
:100A5000590704D00F211940042900D0043359014B
:100A600013D49B0100205C0A5AE71A2301242D1A93
:100A7000D0E7981E43425841404232000024C0B2A1
:100A80004EE74246FF2000244AE70120002447E7C2
:100A900090E40208D0E40208FFFFFFF770B54200BF
:100AA0004E024C0045026D0A120EC30F760A240E48
:100AB000C90FFF2A10D0FF2C0CD00120A2420AD16E
:100AC000B54208D18B420FD0002A04D12800431E22
:100AD000984100E0012070BD0120FF2CFBD135437F
:100AE000F9D14B401800F6E70020F4E730B542009A
:100AF00044024D02C30F4800640A120E6D0A000E34
:100B0000C90FFF2A18D0FF280AD0002A1ED10028BA
:100B10000AD1002D29D0002C2DD14800013830BD3C
:100B2000002D25D1002A01D1002CF6D08B4219D0FE
:100B300001205B421843F2E7002C19D1FF28F7D1BE
:100B4000002D15D100208B42F2D1E8E70028EFD02C
:100B50008B42EDD18242EBDC04DBAC42E8D80020D2
:100B6000AC42DCD258000138D9E7002CD7D0DFE7FF
:100B700002204042D3E78B42DAD1EEE730B54200A3
:100B800044024D02C30F4800640A120E6D0A000EA3
:100B9000C90FFF2A17D0FF280AD0002A1BD100282E
:100BA0000AD1002D1DD0002C2DD14800013811E0B4
:100BB000002D0ED1002A01D1002CF6D08B420CD191
:100BC0005800013806E0002C03D1FF2805D1002D84
:100BD00015D0022030BD002806D101205B42184309
:100BE000F8E7002CF6D0F8E78B42F6D18242F4DC2D
:100BF000E6DBAC42F1D80020AC42EBD2E0E70020CB
:100C00008B42EAD1E6E78B42E7D1F2E7F0B54F46F7
:100C10004646D6464400C0B546020F1C760A240E4E
:100C2000C50F002C00D1DAE0FF2C74D08023F60031
:100C3000DB041E43002399469A467F3C7B025B0AF5
:100C400098467B001B0EFF0F002B74D0FF2B00D1AA
:100C50008EE042468021D200C90411437F3B2A0026
:100C6000E4184B467A408846D2B20A2B75DC4B46D4
:100C70000020022B0FDD494601238B40A621C9002D
:100C80000B4269D1902189000B4200D000E18821FC
:100C9000194200D0F5E041460904090C434608001A
:100CA000350C36041B0C360C704369435E435D43C0
:100CB0007618030C9B19994203D9802149028C466E
:100CC000654400041904000C09188E01701E864149
:100CD0001B0C890E5B190E439B011E431B016CD438
:100CE00023007F33002B00DCB1E0150071070BD02F
:100CF0000F2021003040042806D00436320103D5ED
:100D00006E4B1E400B008033FE2B00DDBDE0B201B8
:100D1000520ADBB248E0002E00D092E00823994648
:100D2000063B9A467B025B0A98467B00FF241B0E1B
:100D3000FF0F002B8AD14246002A64D14946013276
:100D4000114389460A2908DC7D400120EAB20229C4
:100D500091DC1500002227E015005346022B00D13C
:100D600093E0032B1AD0012B2CD1002300221BE08F
:100D70004346FF34002B55D003214B460B4319004B
:100D80000A2B00DC92E00F2B00D08CE08022D203F3
:100D9000164203D04346134200D17DE08022D203A5
:100DA00032435202520AFF23D805ED07104328436D
:100DB000E0BCBA46B146A846F0BD01231500710853
:100DC0001E400E4323008033611C002B41DD72075F
:100DD00094D00F223240042A00D08EE78EE7002EF6
:100DE00005D104239946033B00249A4626E73000A8
:100DF00002F0EAFB7624431F9E400023644299469A
:100E00009A46241A1AE7404602F0DEFB4B46241AA3
:100E1000763C0A2BA1DC4346053883407D4098464A
:100E2000EAB224E74A46023313432A007A40D2B298
:100E30000A2B92DC49461500002926D0994602204B
:100E400019E70C239946093BFF249A46F6E615005C
:100E500021000122D31A1B2B00DD86E79E313200D0
:100E60008E40DA40731E9E413243530704D00F2355
:100E70001340042B00D00432530110D5012300226B
:100E800092E73D004646824667E7FF2300228BE754
:100E900080220025D20386E73D001A4383E79201B2
:100EA0000023520A80E73D00464677E72A000123E7
:100EB0007A408B400320D2B2E9E6C046FFFFFFF73D
:100EC000F8B54746CE46430280B55F0A9B09450008
:100ED0004A009C464B02C40FCE0F2D0E580A120E2C
:100EE0009909FF2A6BD001235E40AB1AB4424BD064
:100EF000002B00DCFFE0002A00D188E0FF2D00D1AC
:100F0000EFE08022D204114301201B2B08DC0800F3
:100F10002022D840D31A99400B005A1E93411843FF
:100F200063461B1A9C4663465B0100D4CDE06346D2
:100F30009F01BF09380002F047FB3B0005388340A2
:100F4000854200DCA2E0B74A2D1A1A4094465A079F
:100F500000D1C3E00F221340042B00D1BEE00423D4
:100F60009846C44463465B0100D4B7E0681CFE2D7C
:100F700000D0A5E0FF200022C0051043E407204375
:100F8000C0BCB946B046F8BD002B00DCEBE1002A3E
:100F900046D0FF2D00D1A4E08022D20411431B2BA8
:100FA00000DCFBE0052398462B00C4446246D708CA
:100FB000FF2B00D195E07A02520AD8B2DCE72B0071
:100FC000FF3B9946002918D101235E40B44200D16D
:100FD000CAE04B46002B2DD0002D00D03CE1FF2372
:100FE0006446002C00D15FE15D1E012B00D174E14D
:100FF0003400FF2B74D02B0003E1B44200D19CE0FD
:10100000002B17D0002DEAD0070034006CE0002937
:10101000CCD05A1E012B2BD0FF2B62D0130073E7CC
:101020000029C3D05A1E012B00D11EE1FF2B58D03E
:101030001300B4E7FE226B1C1A420DD1002D60D0C4
:101040006346002B00D020E1002900D028E1802257
:101050000024FF20D2038FE763465F1A7B0100D58F
:10106000FEE0002F00D065E700240020002283E787
:101070006346591A4B0100D419E18F01BF093800AA
:1010800002F0A2FA3B000538834001252022401BD4
:101090000130121A19009340C1405A1E934119435E
:1010A0008C460B1EE1D05B0700D152E10F230025D7
:1010B0000B40042B00D052E701204A0100D492E0FB
:1010C000C0B263469A01520A56E763465B0705D0F1
:1010D0000F2362461340042B00D040E72B0065E746
:1010E0000700002F00D145E78022D2033A43520285
:1010F000FF20520A40E7002B79D1FE226B1C1A42D6
:10110000AAD16346002B00D1F5E0002900D1D1E03F
:101110005F1A8023DB041F4200D10EE162460124E6
:101120008A1A944600203440002A00D124E7012086
:101130001A42C6D10023D7083DE7002B17D0002D57
:1011400000D0AFE0FF236546002D00D1ADE05E1E6C
:10115000012B00D189E0FF2BC2D01B2E00DCABE0BD
:101160004B1D9C46130021E74B46002B70D1FE22FD
:101170006B1C1A425ED1002D00D0C3E06346002BE9
:1011800000D1D0E0002900D194E00A00624453016C
:1011900000D4D8E092010120520AEDE60800202296
:1011A000D840D31A99400B005A1E934103439C44E4
:1011B00063465B0189D50135FF2D00D1DAE6624631
:1011C00001231949134052080A401A431300944658
:1011D0005B0704D00F231340042B00D0BFE6634607
:1011E0005B0100D5C2E66346DF082B00E3E6531B34
:1011F000002D00D1F4E680206446C0040443A446D8
:10120000340001201B2B09DC20256046D840EB1A56
:1012100065469D402B005D1EAB4118430B1A9C4652
:10122000150080E6FFFFFFFBFFFFFF7DFE226B1C2A
:101230001342A3D0FF2B00D19CE6614449084A0722
:1012400049D00F220A40042A45D00A1D9446ADE633
:10125000002D00D176E78DE63400FF2000228BE6DA
:1012600063460124CF1A344064E661444B016DD5D6
:1012700048084449014043072CD00F230340042B66
:1012800028D00B1D9C46022390E6002900D12BE7B5
:101290008023DB039F4200D226E7984200D323E756
:1012A0000124344007001FE734008C467EE601230A
:1012B000CF0880E600237EE620206546801B85401F
:1012C00063462800F340451EA84103439C46150091
:1012D0008C446DE70223CF086DE60F1B7B0128D5F8
:1012E000BF01BF09380002F06FF93B0005388340A9
:1012F00034000125CAE6002900D1B5E60124070023
:10130000344058E66346002B00D1E9E6002900D1BD
:10131000EAE68023DB039F4200D2E5E6984200D351
:10132000E2E60700E0E6002900D19EE60023CF08B0
:1013300041E634000123FF083DE6002F00D193E68B
:101340000023FF0837E60023D70834E60123CF083F
:1013500031E680220B00D20401201340114200D05C
:10136000AEE6CF0827E6002B00D15FE7561B002D25
:1013700001D13300E7E680236046DB04184384464E
:10138000EBE6C046FFFFFF7D41024200C30F490A62
:101390000020120E7E2A03DD9D2A02DD094A9818DC
:1013A0007047802000040143952A07DC9620821AAA
:1013B000D1404842002BF3D10800F1E7963A914022
:1013C000F7E7C046FFFFFF7F70B5002812D0C317B4
:1013D000C5185D40C40F280002F0F6F89E231B1AC2
:1013E000962B0FDC082838D0083885406D026D0A2E
:1013F000D8B202E0002400200025C0052843E407FD
:10140000204370BD992B14DC421F95402A001549DA
:10141000114055071CD00F252A40042A18D004314A
:10142000CA08490115D59F235202181A550AC0B29D
:10143000E3E705222900121AD14002001B32954031
:101440002A00551EAA410A43064911405507E2D118
:10145000CA085202550AD8B2CFE76D026D0A8E3023
:10146000CBE7C046FFFFFFFB10B5041E0DD002F016
:10147000ABF89E231B1A962B0CDC082834D00838B6
:1014800084406402640AD8B201E000200024C00550
:10149000204310BD992B13DC421F9440144A224074
:1014A00061071CD00F212140042918D00432D40830
:1014B000520115D59F236402181A640AC0B2E6E7E8
:1014C000020021001B3291400A00511E8A41052171
:1014D000091ACC401443064A22406107E2D1D408DD
:1014E0006402640AD8B2D2E76402640A8E30CEE79E
:1014F000FFFFFFFBF0B54F464646D646C0B582B06B
:10150000009001910E034C00CD0F710A009E5F0008
:10151000760F0E43009900920193C9008946190382
:101520007B0D9846019B490ADB0F9C46009B009A65
:101530005B0F0B434146640DD200611A654500D133
:10154000A6E0002972DD4746002F00D1DDE0CC4F38
:10155000BC4200D19AE10127382917DC80273F04DB
:101560003B431F2900DDDDE12027781A1F0087405B
:10157000BA461700CF4084463800574607436046B6
:101580008240CB40501E8241F61A17434B46DF1B68
:10159000B94580414042361A330200D4FFE076025A
:1015A000760A002E00D13CE1300002F00DF8030075
:1015B000083B20213800CA1AD0409E4002009F40BC
:1015C00032439C4200DDA6E1181B0130091A3E009F
:1015D0008F40C6407B1E9F4113008B4037431F4303
:1015E000C2403B0016000024134300D1DFE17B071B
:1015F00000D132E30F233A003B40042B04D03A1DC4
:10160000BA42BF417F42F619330200D423E39C4B18
:1016100001349C4200D1B4E09A4B64051E40640D35
:101620007707D20876021743360BACE0002900D1C9
:101630007EE04146091B002C00D060E134004846A2
:10164000044300D1C9E14C1E012900D12EE28C4D8A
:10165000A94200D124E20127382C11DC21001F29E6
:1016600000DD0BE2202437004846641AA740C8403A
:1016700007434846A040CE40441EA0419B1B074361
:10168000D71BBA4292415242654644469E1A83E7AE
:10169000002900DC9CE04746002F67D11F0017435C
:1016A00000D1E4E0481E012900D19BE1744FB9420A
:1016B00000D1EBE001270100382811DC1F2900DDF3
:1016C000C7E12027781A1F00844687401000C840D1
:1016D000074360468240CB40501E8241F6181743B4
:1016E0004F444F45804140423618330257D5644B32
:1016F00001349C4245D00121624B7A081E4039409A
:101700000A43F7071743760871E71F00174300D114
:10171000ADE04F1EBC46012900D182E1584FB942CD
:1017200000D190E161460127382900DD2EE718E756
:10173000554F611C394200D0D0E0310048461F00AF
:1017400001431743002C00D03DE1002900D1BCE14A
:10175000002F00D0BFE14B460021D8087707074390
:10176000F00806034C05360B640D0CE0444FBC42F8
:1017700000D18BE001273829B2DC80273F043B43AE
:101780009CE70026002724053443ED072C4338004E
:10179000210002B0E0BCBA46B146A846F0BD7B07C6
:1017A00004D00F233B40042B00D028E7F808344B2B
:1017B00077070743F0089C4200D04AE23B0003430E
:1017C00059D080263603064336032D4C360BDAE714
:1017D000002961D04146091B002C00D1B9E0284CFA
:1017E000A04500D1A5E10127382913DC8024240479
:1017F00026431F2900DDC8E1202437004846641A2B
:10180000A740C84007434846A040CE40441EA041E0
:101810009B190743BF189742924152424446D6183B
:1018200063E7380001F0D0FE030018331F2B00DC03
:10183000BFE63A00083882409C4200DD83E01B1B73
:10184000581C1F2800DCB4E117001F3BDF40202894
:1018500005D040231B1A9A40531E9A411743002477
:10186000002F0AD07B0700D0C4E626009EE74B4637
:101870000C00D8089BE70027014C002683E7C046F0
:10188000FF070000FFFF7FFFFE0700004B467707C2
:10189000D8080743F00891E7CD4F611C39426BD15E
:1018A000310048460143002C00D04BE11F00174394
:1018B000002900D181E1002F00D14CE74A444A457C
:1018C0008041F61840423618330200D5B0E11700C7
:1018D0009146374300D03EE7002654E74946891A2F
:1018E0008846C145BF41F11A7F42C91B0F0261D42E
:1018F00047460F4300D1BDE00E00474651E6B54CC8
:10190000A04500D100E10127382900DDB8E6802498
:1019100024042643A3E6B04EE41A16407B0700D009
:101920003FE743E70F001800203FF8408446202996
:1019300003D04027791A8B401A43531E9A416346BD
:1019400017001F4322E6A448E11A10404707C008C9
:1019500007E734004846044300D1FAE04C1E012951
:1019600000D1D7E09B4FB94200D1E2E00127382CEB
:1019700000DD4FE721003CE7964CA14200D1DDE0BD
:101980004A444A458041F31840421818C707520894
:1019900017434608520705D00F220C003A40042A8C
:1019A00000D02CE67607FF0837430009D9E6002768
:1019B0000026E8E64946571ABA4292419E1B524217
:1019C0006546B61AEDE5002900D0C6E0002F67D1C4
:1019D000802600257F4C3603D5E665460C001E00A8
:1019E000D008E4E64A444A458041F31840421818BA
:1019F0001100030200D496E0774B49081840C30752
:101A00000B434408490700D129E10F221A40042A58
:101A100000D1EAE01F1D9F42B641764236190224EA
:101A2000C4E649468F1AB9458041F61A4042361A33
:101A3000330206D47307FF0801211F43F00890E624
:101A400065460124ABE54B467707D8080743F00805
:101A5000B4E60F001800203FF8408446202903D048
:101A60004027791A8B401A43531E9A416346170048
:101A70001F4335E600250024002684E60C003500CF
:101A8000203CE540202905D04024611A8E4049467B
:101A9000314389464846411E884107002F43EFE500
:101AA000D2085F0765461743D80887E6171ABA4277
:101AB00092419E1B5242B61A3302C1D47307FF08EB
:101AC000654601211F43F0084BE6002F7BD0654699
:101AD0001E0091463FE6811A8846C145A441F11A8D
:101AE0006442091B80242404214277D0101A8242C8
:101AF000924107009E1B5242B61A374300D0A0E025
:101B00006546002400263EE65F07D2086546174377
:101B1000D80853E6811891429241F0185242801839
:101B2000030200D568E74707C9080F43C008012131
:101B300017E6D2085F071743D8083FE60C000026D7
:101B4000002720E6002956D15F07D2081743D8089E
:101B500034E60C001E00D00829E6C10870070143D6
:101B6000F008002F62D080242403204207D0DE0832
:101B7000264204D165463000D1085B0719434F0F58
:101B8000C900C9087F070F4318E60C003000203C4D
:101B9000E0408446202905D04024611A8E40494601
:101BA000314389464846411E8841614607000F433C
:101BB00030E620210027091A0EE51E00002F00D074
:101BC00022E5002458E7002500240026DBE5C04676
:101BD000FE070000FF070000FFFF7FFF47460F439F
:101BE00000D147E70E00C146B5E5DF0864070221D2
:101BF00027430009B5E51900C008770707431143DB
:101C0000F008002900D1D9E580210903084207D056
:101C1000DC080C4204D1D2085B071A4317002000ED
:101C20007B0FFF00FF085B071F43C7E50F00C5E5FB
:101C3000124BD20833405F075B02012417431E0B8F
:101C4000A1E5264212D00D4B6546020001241E403C
:101C5000E6E4210085E51700A8E53A00D4E4DB08B6
:101C600064071C432700022100097AE5C0087707B2
:101C7000074365460021F00873E5C046FFFF7FFF7C
:101C8000F0B5DE46454657464E46E0B587B0009271
:101C900001930B031B0B9B46CA0F4B0004008046AD
:101CA0005B0D029200D198E07C4A934237D05946AE
:101CB000420FC9000A43802109041143C200904623
:101CC000774A894692469A44002300240393009E53
:101CD000019F3B031B0B9B467B0030005B0DFD0F00
:101CE000002B59D06D4A934248D05946720FC90013
:101CF0000A438021090411438B466949F2008C464E
:101D000051466344CB1A9A460021029E6E40F6B2B9
:101D10000F2C00D9CEE0634BA4001B599F465A46B6
:101D20000243914600D090E09A4602239046082450
:101D30000393CCE7CB464246029D0399022900D18A
:101D4000DEE1032900D18DE0012900D079E12E00E8
:101D500000220023002490461B052343F60733434B
:101D60004046190007B0F0BCBB46B246A946A046A3
:101D7000F0BD002200249046484BEDE75A46009BF8
:101D80001A43494B9C46E244002A59D102231C4382
:101D9000002302219B46B8E75A46009B1A4349D0CC
:101DA0005B46002B00D19CE1584601F00DFC02007F
:101DB00003000B3A1D27009EBA1A19005846D64058
:101DC00008398840320002439346009A8A403749D6
:101DD00053448A4600219A4497E75B460343994659
:101DE00021D05B46002B00D169E1584601F0ECFBA5
:101DF0000B235B429C460200844466461D239B1BCA
:101E0000260011005846DE4008398840330003435D
:101E1000994623008B409846254B00249B1A9A46EE
:101E20000023039353E7002398469A460133042482
:101E300003934CE701231C43002301219B4664E7E5
:101E40000323320003211C435FE79A460323D9464C
:101E50000C2403933BE700238024984600260F4B75
:101E6000240379E780245B4624031C4324032E00CB
:101E700090460A4B240B6FE780244B4624032342F1
:101E800002D05B462342F0D080244B4624031C43FF
:101E90002403029E014B240B5EE7C046FF070000AF
:101EA00001FCFFFF0CE5020801F8FFFFF30300004F
:101EB0000DFCFFFFCB4500D2F8E000D1F3E0012399
:101EC0005B429C46444648460025E2445B46170E6A
:101ED0001B021F43190C3B04120200971F0C914672
:101EE00002910397FEF7BCF902007A430B04210C20
:101EF000804619438A4209D9009F0123BC465B42B0
:101F000061449C46E0448F4200D85CE1881A029903
:101F1000FEF7A6F9039A240442430904240C0300A3
:101F20000C43A24206D90099013B8C466444A1426D
:101F300000D842E1A01A424612041A4393464B4687
:101F400059461B0C1F0004930B0449460904090C55
:101F50000C001B0C5C43120C7B43884651437A43B4
:101F6000270CBC465B186344994203D9802149027F
:101F70008C466244190C24041B04240C8A181C1976
:101F8000904202D316D1A54214D25B46009F013B7A
:101F90004D4405934D459B41BC465B426344C0188C
:101FA000874200D302E1824200D929E100D124E135
:101FB000059B9B462C1BA542AD41009B801A6D42A0
:101FC000401B834200D10FE10299FEF749F9039AC1
:101FD0000B044243210C050019438A4200D9CBE08F
:101FE000881A0299FEF73CF9039A24044243090433
:101FF000240C03000C43A24200D9CAE04146A41AB3
:102000002A041A43049F13041B0C594340467B4384
:102010009C46150C68430B0C844463447D439842F2
:1020200003D98020400284466544180C09041B042F
:10203000090C40195B18844227D323D001233500B3
:102040001A43944B5344002B60DD510700D086E0C7
:102050002E00D1085A46D20106D55A468E4B1A4058
:1020600080239346DB0053448C4A934200DD80E694
:102070005A4652070A4390465A465B055402240BBF
:102080005B0D69E63500002BDBD0009D511EAC4690
:102090006444AC4200D29EE0844200D2E1E000D130
:1020A000EEE00A00CAE7424500D908E74B46DC07E4
:1020B000580843465B081C434346DD0706E701F02A
:1020C00083FA15239C4684440200634620321C2B6D
:1020D00000DC92E6230008388340994600239846A6
:1020E0009AE601F071FA02000300153220331C2A2F
:1020F00000DC5FE600990838814000228B4666E6E6
:1021000000222E0000249046654B25E62E0001217A
:10211000C91A382900DD1BE61F297EDC614814003E
:1021200050445B4682408340CC40501E8241234352
:102130001A435B46CB40510709D00F2111400429B7
:1021400005D0111D9142924152429B180A0019027A
:1021500000D49BE00022012300249046FCE50F21DF
:102160001140042900D173E7111D9142924152425E
:102170002E00C90893446DE7009B013D9C466144D5
:102180008B4200D92CE78A4200D829E7851E61449A
:1021900026E70099013B8C466444A14200D92DE713
:1021A000A24200D82AE7831E644427E7874200D072
:1021B000FEE6A94500D9FBE6F5E6A24200D8B9E65D
:1021C000831E6444B6E68A4200D89FE6BC46831E5E
:1021D000984661449AE60A00844200D02EE74B45B7
:1021E00000D02BE735002CE72A4B2F4A5344924569
:1021F00043DB0122002193442CE7AC4200D8D7E610
:1022000002235B429C4600994D444D459B41E3446B
:102210008C465B426344C018CCE61F204042C31A80
:102220005846D840202904D05946204B5344994061
:102230000A43531E9A410723190002430024114008
:10224000134209D008331340042B1DD0131D9342B1
:1022500089411A0049424907D2080A43904600239F
:102260007AE54946009F4D004D458941BC464942AB
:102270006144A946023A6418AEE70122524246E799
:102280009945EED30A00AAE70021E5E759075B026A
:102290001C0BE1E7FF030000FFFFFFFEFE0700004D
:1022A000FF0700001E04000002FCFFFF3E040000C8
:1022B000F0B55746DE464E464546E0B50D000400F3
:1022C000E80F83460903D80F090B824619488C464C
:1022D0001F0369005E00490D3F0B760D814218D047
:1022E00086420FD00120B1420DD1BC450BD19442A2
:1022F00009D1D3451CD0002905D160462043431E97
:10230000984100E00120F0BCBB46B246A946A04679
:10231000F0BD01208E42F6D1614639430F001743CC
:102320002743F0D15B465246981A431E9841EAE78C
:102330000020E8E7FF070000F0B557464E46454647
:10234000DE46E0B50D000E034900490D8A46DF0F59
:10235000E90FBC4683B02F4F04008046019158001E
:1023600019039146360B090B400DBA451DD0B842F2
:102370000DD05746002F2AD13443002824D10A43D8
:1023800036D0002C41D163465800013815E0114386
:1023900038D15346002B01D12643F4D0019B63452D
:1023A00007D1019B5800013807E026432AD1504548
:1023B00021D00120019B5F42384303B0F0BCBB46F3
:1023C000B246A946A046F0BD002CDCD0E6E70028C6
:1023D000EFD0019B6345ECD18245EADCE1DB8E4224
:1023E000E7D8DED1C845E4D80020C845E5D2D8E713
:1023F000002CE2D0DDE7114304D1019B6345D8D125
:102400000020DAE702204042D7E7019B6345E6D08F
:10241000CFE7C046FF070000F0B557464E46454699
:10242000DE46E0B50D000E034900490D8A46DF0F78
:10243000E90FBC4683B02E4F04008046019158003E
:1024400019039146360B090B400DBA451ED0B84210
:102450000DD05746002F27D13443002833D10A43EB
:1024600034D0002C40D163465800013815E01143A8
:1024700012D15346002B01D12643F4D0019B634572
:102480001DD00120019B5F42384306E0264303D163
:102490005045F6D111431CD0022003B0F0BCBB461E
:1024A000B246A946A046F0BD0028EAD0019B63458C
:1024B000E7D18245E5DC02DB8E42E2D80ED0019BFB
:1024C00058000138E9E7002CCDD0D7E7002CE4D044
:1024D000D7E7019B00206345DFD0D2E7C845D0D8BD
:1024E0000020C845D9D2EAE7019B6345E4D0C8E79C
:1024F000FF070000F0B557464E46DE464546E0B5BC
:102500001F000B031B0B16009A46CA0F4B0004005A
:10251000914685B05B0D00D1CFE1CD4A934255D0B5
:102520005146420FC9000A43802109041143C200E9
:102530009046C84A8A4693469B440023002502934E
:102540003C037B00FA0F0196240B5B0D009200D137
:1025500088E1BF4A934200D192E0BE4A9446634468
:102560009B440A2D42DCE400730F23438024494638
:1025700024041C43F3000193009B00205940CBB27C
:102580000393022D00DC94E00123AB401D00A62341
:102590002A00DB001A401D4200D029E290239B0054
:1025A0001D4200D14DE20023802499462403A84B0C
:1025B00010004A461B052343D2071343190005B0F8
:1025C000F0BCBB46B246A946A046F0BD5246024307
:1025D000904600D0ACE19B46022392460825029328
:1025E000AEE7009BA2469946019B9846029B022BB0
:1025F00000D1CAE1032B00D192E1012B10D10023BD
:1026000000240022D4E701227B083A4013435246BB
:10261000D2071343984653465B089A46039B994654
:102620005B46581C8023DB005B44002B00DCB1E1DF
:10263000424652070BD00F2241460A40042A06D0D8
:102640004246111D414592418846524292445246AB
:10265000D20106D55246804B1A4080239246DB00B9
:10266000C3187E4A934200DD8FE14246D1085246AC
:1026700052070A4351465B054C02240B5B0D97E75A
:10268000734B26439C46E344002E00D16FE10323A5
:1026900049461D43009B5940CBB203930A2D00DDF0
:1026A00033E10123AB401D000323029388222A4219
:1026B00097D1424643461204120C160001981D0C95
:1026C000030C0004000C4643B4461E006E43009603
:1026D000160007005E436146B0466F430E0CB844D7
:1026E0004644B74205D9802149028846009F4744A5
:1026F000009761460904090C370C36048C463100FA
:10270000614401911100260C2404240C61438C4681
:102710002100694389466146090C884672434A4450
:1027200042447543914503D9802149028846454476
:10273000110C884661460904090C8C461204624457
:10274000B91802915146090C8C4651460F043F0CB2
:102750003900414345448846614641438A464146E3
:102760006046090C894658437B4353444B449A4581
:1027700003D98021490289464844190C89464146BB
:102780000904090C8846390061431B044344884608
:1027900061464C4371438C46414677430E0C3F19CA
:1027A000F6194844B44203D9802149028946CC44F1
:1027B0000299009F894631044F4489464146974219
:1027C00092410C04240C4C44FF1852426419A11885
:1027D0009F429B41884682465B4299469045924182
:1027E000AC42A441C244D14452426442144399458C
:1027F0009B41824592415B42524213434A46360C0A
:10280000A419E31863445B02D20D1A43019992465E
:102810007A020A43501E8241FF0D17434A46520274
:102820001743B846DB0100D5EDE60D4B039A5B4438
:102830009146002B00DCACE03A00520700D110E7D3
:102840000F2258463A40042A00D0F9E609E7C0466C
:10285000FF07000001FCFFFFFFFFFFFEFE07000077
:10286000FF030000220032436FD0002C00D1C2E0F1
:10287000200000F0A9FE020003000B3A1D20821A7E
:1028800030001900D04008398C4002002243340047
:102890008C405946CB1A86498B469B440A2D00DD55
:1028A000A4E64946009B01945940CBB21400002095
:1028B0000393022D00DD67E6FBE65346034398468B
:1028C0003CD05346002B00D1A3E0504600F07CFEE4
:1028D0000B235B429C460200844411005046083999
:1028E00088401D23804660461B1A2000D840030004
:1028F000404603439A4623008B4098466C4B002584
:102900009B1A9B46002302931AE60F2D00D0C9E0C4
:10291000802352461B031A4202D01C4200D192E08F
:102920008024534624031C4324034246240B3EE6E2
:102930009B46032380460C25029301E600239A461A
:102940009B46013304250293FAE501210D430A2D2C
:1029500000DD4BE6494600984140C9B20391022D83
:1029600000DC96E000230024012001930CE6494698
:102970000223009A2B435140CAB203920A2B00DD76
:1029800034E6002D57D1039B994600240022494B81
:102990000EE658460121C91A382900DD2FE61F2905
:1029A00056DD1F2254465242D31ADC40202907D05C
:1029B000414B42469C465346604483401A439046EE
:1029C00042460721531E9A410B0022431340002424
:1029D000114209D00F231340042B5DD0111D9142E9
:1029E0009B410A005B425B07D2081A430023DFE5E4
:1029F000039B9946FAE5019800F0E6FD020003000A
:102A0000153220331C2A00DC38E7019A083882404E
:102A10003FE700F0D9FD15239C468444020063463D
:102A200020321C2B00DC58E700239846230008388E
:102A300083409A4662E71D00002300240220019390
:102A4000A2E5029032E61C43009B019A9946AEE54E
:102A50001A4B5246C31840469A40C840024340466B
:102A600098400300581E834154461A43CC405307F4
:102A700009D00F231340042B05D0131D934292411C
:102A80005242A4181A00230208D501230024002270
:102A90008EE5894600248BE50023A5E763076402E1
:102AA000240BA1E7009BA2469946019B984637E775
:102AB0000DFCFFFFFF0700003E0400001E040000A5
:102AC000F0B557464E464546DE46E0B583B0009029
:102AD00001910C034D00CE0F610A009C5F00640F52
:102AE0000C43009900920193C80019037B0D99468D
:102AF000019BCC4FDB0F9C464B0A00998046490F47
:102B00001943009B8B46DA0092466D0DB94500D102
:102B1000BFE00123614659404B468C46EB1A8E427A
:102B200075D0002B00DCA3E24946002900D1CEE09D
:102B3000BD4200D100E20127382B19DC802759461D
:102B40003F0439438B461F2B00DDFAE12027F91A99
:102B50008C4659466746B9400F001100D9400F43D3
:102B600061468A40511E8A415946D9401743641A2A
:102B7000C71BB84280414042241A230200D440E1DE
:102B80006402640A002C00D154E1200000F01CFD16
:102B90000300083B20213800CA1AD0409C400200A4
:102BA0009F4022439D4200DDA6E1581B0130091AD7
:102BB0003C008F40C4407B1E9F4113008B40274345
:102BC0001F43C2403B0014000025134300D1F7E12E
:102BD0007B0700D177E30F2338003B40042B04D060
:102BE000381DB842BF417F42E419230200D468E394
:102BF0008C4B01359D4200D1F4E08B4B6D051C40A0
:102C00006D0D6707C00864020743240BECE0002B3E
:102C100000DC29E34946002900D0D6E0594611439B
:102C200000D12EE1591E012B00D1E6E1BB4200D1BB
:102C300082E101270B00382914DC1F2B00DD3CE268
:102C40002027F91A8C4659466746B9400F001100F3
:102C5000D9400F4361468A40511E8A415946D940A6
:102C6000174364183F1887428041404224182302CA
:102C700000D4C6E06B4B01359D4200D1B2E001218A
:102C8000694B7A081C4039400A43E7071743640838
:102C90009EE7664B11438A46EB18002928D066450B
:102CA0002CD0002B5BD0002D00D12CE15B4666467A
:102CB0005F07D2081743DD083B002B4300D1E2E059
:102CC000802424032C432403564D240B8CE05946C6
:102CD000114300D1D5E0591E012B00D1B9E1BB420F
:102CE00000D1B1E101270B00382900DD40E72AE7D8
:102CF0006146012779408C466645D2D1002B00D130
:102D0000C5E0002D00D055E14B462500054300D11C
:102D100012E2591E8C46012B00D149E2414DAB42D3
:102D200000D18FE20127382911DC63461F2B00DD1B
:102D30005BE26146202327005B1A050098409F4014
:102D4000CD40431E9841CC402F430743A344BF18B6
:102D50009742924152425A4414004D4687E7344FFD
:102D60006B1C3B4200D0B6E05946230011430F00D4
:102D70000343002D00D026E1002B00D1C0E1002943
:102D800000D1A1E0831A98465B464045AD41E31A65
:102D90006D425B1B80252D042B4200D14BE15B462D
:102DA000101A824292411C1B0700012663465242C0
:102DB000A41A27431E40002F00D142E12C4200D12B
:102DC0006DE2194B01251C401BE7BD4200D13BE1E0
:102DD0000127382B00DD45E7802759463F0439435A
:102DE0008B462AE7002400272D052543F6073543A7
:102DF0003800290003B0F0BCBB46B246A946A04645
:102E0000F0BD7B0704D00F233B40042B00D0E7E646
:102E10002B00F808034A67070743E508934200D1EF
:102E20004AE7A5E0FF070000FFFF7FFF01F8FFFF73
:102E3000FE070000380000F0C7FB030018331F2B0B
:102E400000DCA7E63A00083882409D4200DD8AE0B7
:102E50005B1B581C1F2800DCD8E117001F3BDF401C
:102E6000202805D040231B1A9A40531E9A4117432D
:102E70000025002F00D1E5E07B0700D0ABE62C0059
:102E8000C6E7C008C6E700270024D14DACE7D14F04
:102E90006B1C3B4271D123000343002D00D04EE157
:102EA0005746002B00D1B5E1002F0DD08318834287
:102EB00080415C4440422418220200D5C8E11F0032
:102EC0009846274300D1BCE043466707DB081F4311
:102ED000E50800234CE0831A98465B464045BF4115
:102EE000E31A7F42DB1B1F027CD447461F4300D1FD
:102EF000A6E01C00474645E6B74CED1A14407B0798
:102F000000D080E784E74B462500054366D05F1E6E
:102F1000012B00D1FCE0AE4DAB4200D15EE1664634
:102F2000382F00DCB4E00120171ABA4292415B4608
:102F300052424D469C1A20E66707C0080743E50841
:102F4000BAE61F005946203FF9400F00202B05D05C
:102F50004021CB1A594699400A43924653465A1E7D
:102F600093411F4304E6EB1A9B4D15406F07ED0894
:102F70002C035D05240B6D0D36E7954DAB4200D15A
:102F8000D6E082182100824280415944404208180C
:102F9000C707520817434408520700D485E10F229F
:102FA0001D003A40042A00D01AE6FF0864072743B0
:102FB0000509DDE75B46D2085F071743DD087BE6BE
:102FC0000027002410E7002B00D0D6E0002900D015
:102FD0002FE1802400267E4D240305E766465C46EB
:102FE000D00817E75B46171ABA4292411C1B01260C
:102FF00063465242A41A1E40C4E5831883428041AE
:103000005C44404225182A0200D4DAE0724A5B0888
:103010001540EA071A4369085B0700D44AE10F2309
:103020001340042B00D1FCE0171D9742A4416442D9
:1030300002256418ECE647461C001F4300D043E716
:10304000002600250024CFE6C00867070743E508EF
:1030500032E6871A5B46B8428041E41A4042241A9D
:10306000230228D46307FF081F43E50801237FE7F5
:10307000002B00D173E64B465F1B3B00002D00D1B7
:1030800042E7382F00DDECE080230E001B041C43D8
:103090001F2F25DC20252300ED1B0100A840AB409D
:1030A000F940451EA8410B43FC4018435B461B1BDF
:1030B0009B4639E76646012562E51F005946203FD9
:1030C000F9408C46202B05D040275946FB1A9940E1
:1030D0000A43924657467B1E9F4163461F43C1E504
:1030E0003B002500203BDD40202F04D04023DB1B8C
:1030F0009C40204380464046431E9841284313E7A6
:1031000000299DD0012663465C4690461E40DBE6C2
:10311000171A5B46BA4292411C1B5242A41A230260
:10312000C8D46307FF081F4366460123E5081FE76D
:103130001D000024002757E65C46D0086AE6002BF5
:1031400000D137E75346C00867070743E508002B5F
:1031500000D1B1E580231B031D4208D05946C808A1
:10316000184204D1D20849070A43170005007B0F13
:10317000FF00FF085B071F439EE5C0086307184375
:10318000E508002953D080231B031D420AD059466D
:10319000CC081C4206D1012663462500D008490709
:1031A00008431E40470FC000C0087F07074383E560
:1031B0008318934292415C445242A5182A0200D5DA
:1031C00024E76F07DB081F43ED080123D0E6C04664
:1031D000FF070000FE070000FFFF7FFF5B46D208ED
:1031E0005F0766461743DD0866E52500203BDD40A6
:1031F0006346202B05D0402361465B1A9C40204348
:10320000804647467B1E9F412F43A0E52021002793
:10321000091AD2E4002F00D113E75C4617000025FD
:10322000F6E5D708490702230F432D09A0E607005A
:1032300042E55B4601265F07DD086346D208174377
:103240001E4039E55B46D2085F071743DD0833E5CA
:103250001E4ADB0822405707520201251F43140B68
:10326000C2E50E0001205FE6002B0DD04B465B1B34
:103270009C46002D00D148E50127382B00DD66E58E
:1032800080231B041C4350E56B1C114D2B4200D0C6
:1032900073E65946230011438A46034300E6670755
:1032A000C00800230743E50862E66407FF082743D8
:1032B00005095DE6D208490711430F0002232D09D5
:1032C00056E60700A4E538008FE4C046FFFF7FFF05
:1032D000FE070000F0B5C6461E03360BB0460D4E85
:1032E0000C034D005F0000B5240B6D0D7F0DB54242
:1032F0000BD0084900208F4204D1464616433000C7
:10330000431E984180BCB846F0BD04430120002C08
:10331000F8D1EEE7FF0700000B00020070B5164D74
:103320000C0382B04900002000920193240B490D48
:10333000DE0FA94204DD1148814203DD104BF01875
:1033400002B070BD8020400320430E4C641A1F2C35
:1033500008DD0D4B5B1AD84003005842002EEFD118
:103360001800EDE7094B009A9C46030061448B402E
:10337000E2401343F1E7C046FE0300001D040000D5
:10338000FFFFFF7F3304000013040000EDFBFFFF8D
:1033900070B5002816D0C317C5185D40C40F2800AB
:1033A00000F012F9104B1B1A5B055B0D0A2814DCA8
:1033B00002002E00153296400B22121AD5402D0322
:1033C0002D0B03E000240023002500261B052B43C2
:1033D000E40723433000190070BD0B3885402D03EE
:1033E00000262D0BF2E7C0461E04000010B5041E97
:1033F00010D000F0E9F80E4B1B1A5B055B0D0A2894
:103400000FDC0B222100121AD14015300A03844030
:10341000120B01E0002300221B05134320001900BA
:1034200010BD22000B38824012030024120BF3E778
:103430001E04000070B542024300C40FFE201B0EA4
:10344000591C550A08420CD0E02189008C466D07B2
:10345000120B63441B051343E407234328001900A0
:1034600070BD002B14D1002D1BD0280000F0ACF84B
:103470000A281CDC0B232A001B1ADA400300153330
:103480009D400E4B12031B1A5B05120B5B0DE1E70F
:10349000002D09D0130B802212031A436D07084B2D
:1034A000D8E700230022D5E70022054BD2E703002E
:1034B0002A000B3B9A400025E3E7C0468903000041
:1034C000FF070000F0B54B000F035B0D3A4C450FB2
:1034D00083B07F0A5E1C2F4300900191CA0FC50084
:1034E00026420BD035495C18FE2C13DDFF2000234B
:1034F000C0051843D207104303B0F0BD3D43002B75
:1035000001D10020F4E7002DF0D08023DB03FF2061
:103510003B43EDE7002C0CDD009BFF009B01581E98
:103520008341690F3B430B43590727D1DB08E0B2C6
:10353000DEE72100173131DB80211E2009043943E9
:10354000001B1F282DDD02267642341B0E00E640AC
:103550003400202804D01A488446634499400D431F
:103560002B00591E8B412343590703D00F211940CB
:1035700004290BD19B0100205B0AB9E70F211940F8
:10358000042904D19B015B0AE0B2B1E700240433B3
:103590005901F7D501340023E0B2A9E70020002348
:1035A000A6E7084C1C192B00A540C340A140681E8B
:1035B000854129430B43D7E7FE07000080FCFFFF4E
:1035C000A2FCFFFF82FCFFFF1C2101231B04984289
:1035D00001D3000C10391B0A984201D3000A0839A4
:1035E0001B09984201D30009043902A2105C40185B
:1035F0007047C046040302020101010100000000FF
:103600000000000010B5002903D1FFF7DDFF2030D6
:1036100002E00800FFF7D8FF10BDC04680B500AF3C
:10362000BFF34F8FC046044B044ADA60BFF34F8F9D
:10363000C046C046FDE7C04600ED00E00400FA05C4
:1036400080B500AF00F010F800F042F800F0ACF8E0
:1036500000F03AF900F04CFA00F0BCFB00F04CFC32
:10366000C046BD4680BD000080B582B000AFFB1DE6
:1036700000221A70BB1D01221A7019E0BB1D1B78B5
:103680009BB2013398B2BB1D1B78013B5A000E4B15
:10369000D31819000FF027FABB1D1B78192B02D97C
:1036A000FB1D0A221A70BB1D1A78BB1D01321A704D
:1036B000064B1B78BA1D12789A42DFD9FB1D1B7886
:1036C0001800BD4602B080BD1018002098000020F0
:1036D00090B583B000AFFB1C00221A70BB1D002206
:1036E0001A803B0000221A807B1D00221A704BE0DA
:1036F0003B1D01221A7033E0BB1D1B881C339BB29B
:103700003A00110018000FF0EEF93B0018887B1DFD
:103710001A783B1D1978C4B2214813009B009B18EE
:103720005B00C318221C5A543B001B881B0A98B22A
:103730007B1D1A783B1D1B78591EC4B21848130014
:103740009B009B185B00C318221C5A54BB1D1A888F
:10375000BB1D01321A803B1D3A1D127802321A70CD
:103760003B1D1B78092BC7D97B1D1A780C49130008
:103770009B009B185B00CB18093300221A707B1D3D
:103780001A787B1D01321A70064B1B787A1D12784D
:103790009A42ADD9FB1C1B781800BD4603B090BD02
:1037A000E81700209800002090B583B000AFFB1C04
:1037B00000221A70BB1D00221A803B0000221A80D2
:1037C0007B1D00221A707B1D00221A7015E0BB1DA4
:1037D0001B88CB3398B27B1D1B785A00374BD3180C
:1037E00019000FF080F9BB1D1A88BB1D01321A8029
:1037F0007B1D1A787B1D01321A70314B1B787A1DA4
:1038000012789A42E3D37B1D00221A704BE03B1DD5
:1038100001221A7033E0BB1D1B8899339BB23A001A
:10382000110018000FF05FF93B0018887B1D1A7813
:103830003B1D1978C4B2234813009B009B185B0002
:10384000C318221C5A543B001B881B0A98B27B1DCC
:103850001A783B1D1B78591EC4B21A4813009B00EE
:103860009B185B00C318221C5A54BB1D1A88BB1D31
:1038700001321A803B1D3A1D127802321A703B1D2C
:103880001B78092BC7D97B1D1A780E4913009B00A2
:103890009B185B00CB18093300221A707B1D1A7825
:1038A0007B1D01321A707B1D1B78092BAFD9FB1CC5
:1038B0001B781800BD4603B090BDC0460C18002010
:1038C00098000020EC0A0020B0B588B002AF0B23AE
:1038D000FB1800221A703B1D00221A80BB1C00221C
:1038E0001A8008243B1900221A80BB1D00221A806E
:1038F00017257B1900221A7000233B610023FB600F
:103900003B1D1900E4200FF0EEF803001A003B19EC
:103910001A803B191B88002B03D13B1D1A887B1989
:103920001A703B1D1900E5200FF0DDF803001A00A6
:1039300008243B191A80BB1C1900E6200FF0D3F8AD
:1039400003001A00BB1D1A803B191B88002B0AD1EB
:10395000BB1D1B88002B06D13B1D1B881B04BA1CFA
:1039600012889B183B613B1D1900E7200FF0BBF844
:1039700003001A0008243B191A80BB1C1900E82018
:103980000FF0B1F803001A00BB1D1A803B191B8809
:10399000002B0AD1BB1D1B88002B06D13B1D1B88A9
:1039A0001B04BA1C12889B18FB603B1D1900E92000
:1039B0000FF099F803001A0008217B181A807B1871
:1039C0001B88002B0BD13B1D1B881B0A9BB2DAB254
:1039D000414B1A703B1D1B88DAB2404B1A703B1DDD
:1039E0001900EA200FF07FF803001A0008217B1865
:1039F0001A807B181B88002B0BD13B1D1B881B0AD0
:103A00009BB2DAB2364B1A703B1D1B88DAB2354BCB
:103A10001A703B1D1900EB200FF065F803001A0027
:103A200008217B181A807B181B88002B0BD13B1DAB
:103A30001B881B0A9BB2DAB22B4B1A703B1D1B88EA
:103A4000DAB22A4B1A70244B1B78002B11D0234B6F
:103A50001B78002B0DD0204B1D78204B1B78FC6869
:103A600039691722BA18107800932B00220006F04B
:103A7000B3FC1B4B1B78002B11D01A4B1B78002B6F
:103A80000DD0174B1D78174B1B78FC68396917222E
:103A9000BA18107800932B00220006F09DFC124B00
:103AA0001B78002B11D0114B1B78002B0DD00E4B27
:103AB0001D780E4B1B78FC6839691722BA181078EC
:103AC00000932B00220006F087FC0B23FB181B78C9
:103AD0001800BD4606B0B0BD3718002038180020C9
:103AE000391800203A1800203B1800203C1800200C
:103AF000B0B584B000AF0F23FB1800221A70082461
:103B00003A198A235B00110018000EF0ECFF030045
:103B10001A000C217B181A807B181B88002B24D1DB
:103B20003B191B881A1C03231340DAB2A44B032150
:103B30000A4050011A7860218A43111C021C0A4372
:103B40001A703B191B881B0A9BB21A1C01231340D5
:103B5000DAB29B4B01210A4090001A7804218A4373
:103B6000111C021C0A431A701FE0964B1B785B065F
:103B70009B0FDAB2924B03210A4050011A78602160
:103B80008A43111C021C0A431A708E4B1B785B0778
:103B9000DB0FDAB28A4B01210A4090001A78042127
:103BA0008A43111C021C0A431A7008243A198E23F6
:103BB0005B00110018000EF096FF03001A000C21A4
:103BC0007B181A807B181B88002B11D13B191B888E
:103BD0001BB29BB2DB0BDAB2794B01210A40D00059
:103BE0001A7808218A43111C021C0A431A700FE03C
:103BF000744B1B781B07DB0FDAB2714B01210A40B3
:103C0000D0001A7808218A43111C021C0A431A703A
:103C100008243A191623FF33110018000EF063FF31
:103C200003001A000C217B181A807B181B88002BBC
:103C300004D13B191A88644B1A8003E0634B1A883D
:103C4000614B1A8008243A198B235B00110018007D
:103C50000EF049FF03001A000C217B181A807B1814
:103C60001B88002B04D13B191A88574B5A8003E05C
:103C7000564B5A88544B5A8008243A191823FF335C
:103C8000110018000EF02FFF03001A000C217B1802
:103C90001A807B181B88002B0CD13B191B88DAB2C9
:103CA000494B1A713B191B881B0A9BB2DAB2464B6F
:103CB0005A7107E0454B1A79434B1A71434B5A79B5
:103CC000414B5A7108243A198C235B0011001800EB
:103CD0000EF009FF03001A000C257B191A80BA1D8B
:103CE0001A23FF33110018000EF0FDFE03001A0026
:103CF0000A217B181A807B191B88002B0DD17B1899
:103D00001B88002B09D13B191B881A00BB1D1B887F
:103D10001B041A432C4B9A600CE02D4B1B78002B94
:103D200004D0294BE12252029A6003E0274B9A68A3
:103D3000254B9A6008243A198D235B001100180066
:103D40000EF0D1FE03001A000C217B181A807B189C
:103D50001B88002B0CD13B191B88DAB21A4B1A7343
:103D60003B191B881B0A9BB2DAB2174B5A7305E04A
:103D7000154B18225A73144B00221A7308243A194F
:103D80001C23FF33110018000EF0ADFE03001A00D3
:103D90000C217B181A807B181B88002B05D13B193E
:103DA0001B88DAB2084B9A7603E0084B9A7E064BE2
:103DB0009A760F23FB181B781800BD4604B0B0BDDF
:103DC0003018002034180020141800209C00002017
:103DD0003618002080B582B000AFBB1D00221A70DB
:103DE0003B0000221A803B1D00221A80FB1C00228F
:103DF0001A70FB1D00221A7071E0FB1D1B783B330B
:103E00009BB29B009BB23A00110018000EF06BFEB3
:103E100003001A003B1D1A803B1D1B88002B59D143
:103E20003B001B881B0A9AB2FB1C1A70FB1C1B78F8
:103E30001B09DBB21A00FB1D1B7801339A4249D1E2
:103E4000FB1C1B780F22134044D0FB1D1B785A1C0F
:103E5000FB1C1B780F210B40D8B2264913005B00D6
:103E60009B18CB180133021C1A703B001988FB1DEC
:103E70001B785A1CC8B21F4913005B009B18CB1853
:103E80000233021C1A70FB1D1B785A1C19491300BF
:103E90005B009B18CB1801331A78FB1D1B7801338C
:103EA000DBB2190010000FF0F3FBFB1D1B78013390
:103EB000D8B2FB1D1B785A1C0E4913005B009B18DF
:103EC000CB1802331B7801221340DBB20022190009
:103ED0000FF0E0FDFB1D1A78FB1D01321A70FB1D6F
:103EE0001B78052B89D9BB1D1B781800BD4602B075
:103EF00080BDC046382F002090B585B000AF0F239D
:103F0000FB1800221A706F4BBB60322020F0FAFBC6
:103F100003003B603B68002B01D1FB23CEE0BB6874
:103F20001B78FE2B01D0FF23C8E0FB1D00221A7076
:103F3000B8E00F23FB1800221A7010E0BB685A1C6F
:103F4000BA6019000F203B181B783A68D3180A781A
:103F5000D2B21A703B181A783B1801321A700F242B
:103F60003B191B78132BE9D9FB1D1A7813009B0012
:103F70009B189B00544A98183B680133142219007F
:103F800022F0DFF83B6814220021180021F0BAFF6C
:103F90003B1900221A70BB681433BB600FE0BA688B
:103FA0000F203B181B783968CB1812781A70BB6841
:103FB0000133BB603B183A18127801321A70BB68A3
:103FC0001B78FE2B08D0BB681B78FF2B04D00F2377
:103FD000FB181B78312BE2D90F217B181B78013B92
:103FE0003A68D3181B78002B04D07B187A18127803
:103FF00001321A700F23FB181A78FB1D1C78100071
:1040000020F080FB030019002F4A23009B001B199E
:104010009B00D3180C331960FB1D1A782A49130032
:104020009B009B189B00CB180C331B68002B12D1F4
:10403000FB1D1A7813009B009B189B00224A9B18BB
:1040400014220021180021F05DFF3B68180020F0C9
:1040500063FB0E2332E0FB1D1A781B4913009B0003
:104060009B189B00CB180C3318680F243B191A7847
:104070003B68190022F065F8144B1B780133DAB263
:10408000124B1A703B191A783B680021180021F076
:1040900039FFBB681B78FE2B0AD1FB1D1A78FB1D6C
:1040A00001321A70FB1D1B78042B00D841E700E099
:1040B000C0463B68180020F02FFB00231800BD46C7
:1040C00005B090BD00B00708C41800208D0B00207B
:1040D00080B582B000AFFB1D00221A70BB1D01220B
:1040E0001A7021E0BB1D1B785A1E154B5200D35A83
:1040F000002B0DD0BB1D1B789BB2013398B2BB1DAA
:104100001B785A1E0E4B5200D35A19000EF00CFDAC
:10411000BB1D1B78192B02D9FB1D0A221A70BB1D6F
:104120001A78BB1D01321A70064B1B78BA1D127823
:104130009A42D7D9FB1D1B781800BD4602B080BD3E
:10414000101800209800002090B583B000AFFB1C31
:1041500000221A70BB1D00221A803B0000221A8028
:104160007B1D00221A7047E07B1D1A782849130036
:104170009B009B185B005B5C002B38D03B1D012231
:104180001A7030E07B1D1A783B1D1B78591E2048A1
:1041900013009B009B185B00C3185B5C1B0299B269
:1041A0007B1D1A783B1D1878194C13009B009B1837
:1041B0005B00E3181B5C1A003B008A181A80BB1DC9
:1041C0001B881C339AB23B001B88190010000EF0AC
:1041D000ABFCBB1D1A88BB1D01321A803B1D3A1D6A
:1041E000127802321A703B1D1B78092BCAD97B1D2D
:1041F0001A787B1D01321A70064B1B787A1D1278D3
:104200009A42B1D9FB1C1B781800BD4603B090BD83
:10421000E817002098000020F0B587B000AFB96023
:104220007A6019000F243B19021C1A700E257B19A5
:104230000A1C1A701726BB1900221A703B191B782A
:104240009BB21900E4200EF06FFCBB681B0A9BB206
:104250001900E5200EF068FCBB689BB21900E6204F
:104260000EF062FC7B681B0A9BB21900E7200EF07F
:104270005BFC7B689BB21900E8200EF055FC7B19B3
:104280001B789BB21B029AB2202310241B19DB1946
:104290001B789BB2D3189BB21900E9200EF044FCA6
:1042A00024231B19DB191B789BB21B029AB228230B
:1042B0001B19DB191B789BB2D3189BB21900EA209B
:1042C0000EF032FC2C231B19DB191B789BB21B024E
:1042D0009AB230231B19DB191B789BB2D3189BB2FF
:1042E0001900EB200EF020FCBB191B781800BD460E
:1042F00007B0F0BD80B582B000AFFB1D00221A7080
:10430000294B1A881623FF33110018000EF00CFCFD
:10431000254B5A888B235B00110018000EF004FC1B
:10432000214B5B791BB21B021AB21F4B1B7B1BB2CA
:1043300013431BB29AB21823FF33110018000EF07A
:10434000F3FB194B9B689AB28C235B001100180099
:104350000EF0EAFB144B9B681B0C9AB21A23FF3336
:10436000110018000EF0E0FB0F4B5B7B1BB21B0231
:104370001AB20D4B1B791BB213431BB29AB28D2399
:104380005B00110018000EF0CFFB074B9B7E1A005C
:104390001C23FF33110018000EF0C6FBFB1D1B7819
:1043A0001800BD4602B080BD1418002080B582B050
:1043B00000AFFB1D00221A701B4B042200211800C5
:1043C00021F0A0FDBB1D01221A7021E0BB1D1B784E
:1043D0005A1E154B5200D35A002B0DD0BB1D1B7813
:1043E0009BB2013398B2BB1D1B785A1E0E4B520074
:1043F000D35A19000EF098FBBB1D1B78192B02D95C
:10440000FB1D0A221A70BB1D1A78BB1D01321A70DF
:10441000064B1B78BA1D12789A42D7D9FB1D1B7820
:104420001800BD4602B080BD101800209800002082
:10443000B0B58EB002AF1423F8180A257A191823E4
:10444000F9180823FB180093030001200EF0EAFC82
:104450000C23F818BA1D1023F9183B1D0093030014
:1044600002200EF0DFFC1C217B1801225A607B1811
:1044700000229A607B191B881A007B181A60BB699E
:104480001A000C007B18190010001AF061FE2100C0
:104490007B1800225A607B1802229A603B1D1B8801
:1044A0001A007B181A60FB681A007B1819001000AC
:1044B0001AF04EFEBB6918007B191B8800221900F8
:1044C0001AF0CFFF052010F00FFFFB681A003B1D0C
:1044D0001B88190010001AF0A7FF031E17D1BB6933
:1044E00018007B191B88012219001AF0BAFF052059
:1044F00010F0FAFEFB681A003B1D1B881900100023
:104500001AF092FF0300012B01D1012300E00023E8
:104510001800BD460CB0B0BD90B585B000AF786056
:104520000F23FB1800221A701CE00F243B191A7885
:10453000114913005B009B189B00CB1808331A68C5
:104540007B6811001800FBF7DFFD031E04D13B1947
:104550001B780133DBB20BE00F217B181A787B1834
:1045600001321A700F23FB181B78002BDDD00023BB
:104570001800BD4605B090BDAC2D002080B584B0BC
:1045800000AF78600F23FB1800221A7041E0264A22
:104590007B6811001800FBF7B7FD031E01D1012352
:1045A0003DE0224A7B6811001800FBF7ADFD031EB9
:1045B00001D1022333E01E4A7B6811001800FBF78B
:1045C000A3FD031E01D1032329E01A4A7B681100D1
:1045D0001800FBF799FD031E01D104231FE0164AC2
:1045E0007B6811001800FBF78FFD031E01D1052326
:1045F00015E0124A7B6811001800FBF785FD031EC9
:1046000001D106230BE00F217B181A787B180132A9
:104610001A700F23FB181B78052BB8D9002318003C
:10462000BD4604B080BDC04638B002083CB00208A8
:1046300040B0020844B0020848B002084CB002087A
:1046400090B583B000AFFB1D01221A7020E05A4BD9
:104650001B78FA1D12789A4206D1FB1D1B78013B8C
:10466000564A0021D1540EE0534B1A78FB1D1B789B
:104670005C1EFB1D1B781900100000F087FA030078
:104680001A004E4B1A55FB1D1A78FB1D01321A7089
:10469000FB1D1B78022BDAD910F0A4F810F09EFA5B
:1046A0000EF0F6F90EF0ACFA0DF0B2FE10F082FD4D
:1046B0000EF0F8F810F0B8FD0EF006FB031E03D064
:1046C0000EF088FAFEF7AAFFFFF7B2FE031E21D014
:1046D0003B4B01221A70322010F006FE0BF0ACFDAD
:1046E000384BE12252029A60BB1D01221A700CE085
:1046F000344B9A68BB1D1B781100180011F092FA18
:10470000BB1D1A78BB1D01321A70BB1D1B78052B0F
:10471000EED904E0322010F0E7FD0BF08DFDFEF73E
:104720008FFF0DF0AFFE244B1B78002B13D180239D
:104730001B022548012219001AF093FEFA235B00A0
:10474000180010F0D1FD80231B021F480022190021
:104750001AF087FE26E080231B021B480122190065
:104760001AF07FFEFA235B00180010F0BDFD8023D5
:104770001B021548002219001AF073FE642010F085
:10478000B3FD80231B021048012219001AF069FEB4
:10479000642010F0A9FD80231B020B4800221900A1
:1047A0001AF05FFE05F002FC084B01221A70C046A9
:1047B000BD4603B090BDC04699000020DC17002024
:1047C0003618002014180020000400508B0B002025
:1047D00080B500AF18F0E8FA0BF03AF9FFF730FFB8
:1047E00005F008FC15F01CF8C046BD4680BD000071
:1047F000F0B58DB000AF1F23F918087069460E00A0
:1048000013211823CB18D919002008701721182359
:10481000CB18D9190020087016211823CB18D919E4
:104820000020087015201823C318D919002008701B
:1048300014201823C318D91900200870D04909780A
:104840000800013878623961002078613A697B6933
:104850001000400F3A617B61DD0005433B69DC00DD
:104860003960002078603C687D682300580F2B0079
:10487000DB00FB60FB680343FB602300DB00BB60E5
:104880000B000733DB08DB006A46D31A9D466B46F4
:1048900000333B6216211823CB18DB1900221A7053
:1048A00018E016201823C318DB191B783A6A002178
:1048B000D1541823C318DB191A78B24B52000021C7
:1048C000D1521823C318DB191A781823C318DB191F
:1048D00001321A70AA4B1B78162218215218D219CD
:1048E00012789A42DDD315211823CB18DB19182230
:1048F0008A18D219127801321A701F23FB181B78FC
:10490000013B3A6A080018240919C9190978D154D9
:104910001823C318DB1918228218D2191278013211
:104920001A70172318229B18DB1901221A7050E005
:104930001F23FB181B785A1E17241823E318DB19B2
:10494000187891491300DB009B1A1B185B005B5A17
:10495000002B34D01F23FB181B785A1E894B5200A2
:10496000D35A1AB220001823C318DB191B78013B55
:10497000012199400B001BB2134319B21F23FB18EE
:104980001B785A1E89B27F4B5200D1521F23FB184D
:104990001B785A1E1823C318DB1918787A4913009C
:1049A000DB009B1A1B185B005B5ADB089BB2013BC8
:1049B0003A6A152118200918C9190978D154172104
:1049C0001823CB18DB191A781823CB18DB190132FE
:1049D0001A70172318229B18DB191B78062BA7D9EE
:1049E000142318229B18DB1900221A701522182391
:1049F000D318DB1918215218D219127801321A7003
:104A0000162318229B18DB1900221A709BE016232C
:104A100018229B18DB191B783A6AD35C1A001523FD
:104A200018215B18DB191B78013B9A4200D080E00B
:104A3000172318229B18DB1901221A7072E0162422
:104A40001823E318DB191A7817251823EB18DB193C
:104A500018784D491300DB009B1A1B185B005B5A4A
:104A6000002B55D01823E318DB191A781823EB18FC
:104A7000DB19187844491300DB009B1A1B185B00F4
:104A80005B5ADB089BB2013B3A6AD35C002B3FD1F7
:104A900020001823C318DB191A783A4B5200D35A56
:104AA0001AB22C001823E318DB191B78013B0121F3
:104AB00099400B001BB2134319B21823C318DB191A
:104AC0001A7889B22F4B5200D1521823C318DB1920
:104AD0001A781823E318DB1918782B491300DB0028
:104AE0009B1A1B185B005B5ADB089BB2013B3A6ABE
:104AF000152118200918C9190978D154142218232E
:104B0000D318DB1918215218D219127801321A70F1
:104B100017211823CB18DB191A781823CB18DB19A7
:104B200001321A70172318229B18DB191B78062BE9
:104B300085D916211823CB18DB191A781823CB181E
:104B4000DB1901321A700E4B1B78162218215218ED
:104B5000D21912789A4200D259E7142318229B18CE
:104B6000DB191B78002B00D03AE7132318229B187F
:104B7000DB191B78B5461800BD460DB0F0BDC04628
:104B8000980000201017002000000020B0B588B069
:104B900000AF0200FB1D1A70BB1D0A1C1A7008230F
:104BA000FB1800221A800B23FB1800221A701F2307
:104BB000FB1800221A700A23FB1800221A701E2309
:104BC000FB1800221A70994B02220021180021F0D4
:104BD00099F9FB1D1B78013B954A0021D154FB1D1F
:104BE0001B78013B934A0021D1540123BB612EE085
:104BF000FB1D1B785A1E90491300DB009B1ABA69F3
:104C00009B185B005B5A002B1ED0FB1D1B785A1EA5
:104C100089491300DB009B1ABA699B185B005B5A39
:104C2000DB089AB2BB1D1B789BB29A420CD1BB1D0C
:104C30001B78013B7E4A0121D1547C4BBA1D12786E
:104C40001A70BB69DBB2ECE0BB690133BB61BB69C5
:104C5000062BCDDD01237B6111E0FB1D1B787A69FA
:104C60009A4209D07B69013B714AFF21D1547B698B
:104C7000013B704A0021D1547B6901337B616F4B4A
:104C80001B781A007B699342E7DD73E008243A1928
:104C9000674B1100180000F0D3F803001A001F2121
:104CA0007B1801321A707A18BB1D12781B789A4251
:104CB00068D07B181B78013B3A190121D15413238A
:104CC000FB1801221A7050E01F243B191B785A1E52
:104CD00013257B19187858491300DB009B1A1B1801
:104CE0005B005B5A002B3AD03B191B785A1E7B198C
:104CF000187851491300DB009B1A1B185B005B5AA4
:104D0000DB089AB20A217B181A707B181B78013BCA
:104D10000822BA18D35C002B21D13B191B78013B28
:104D2000434AD25C0B203B1801321A707B181B7867
:104D3000013B3F4AD35C05003A1812789A420ED2E2
:104D400008007B181B78013B394A79190978D1543E
:104D50003B181B78013B374A39190978D154132184
:104D60007B181A787B1801321A701323FB181B78F2
:104D7000062BA9D90823FB18180000F0A5F8031E7C
:104D800084D000E0C04613E01E22BB181B78BA187E
:104D9000591C11701900254B1F203A1812785A54CB
:104DA00001007B181B785A1E7B1822498A5C1A70F6
:104DB0001F23FB181B78013B1E4AD35C002BE3D159
:104DC0000123FB6029E0FB1D1B785A1E1A491300C2
:104DD000DB009B1AFA689B185B005B5A002B19D00A
:104DE000FB1D1B785A1E14491300DB009B1AFA683E
:104DF0009B185B005B5ADB089BB2BA1D1278013A24
:104E00000B498A5C013A09498A5C934202D1FB68EA
:104E1000DBB206E0FB680133FB60FB68062BD2DDEA
:104E200000231800BD4608B0B0BDC0469820002041
:104E3000E0170020E4170020000000209800002068
:104E400080B584B000AF786039600F217B18FF22F5
:104E50001A700E23FB1800221A703B681B78002B77
:104E600003D17B187A6812781A700023BB601BE0AC
:104E7000BB687A68D3181B780F217A1812789A4287
:104E80000FD9BB683A68D3181B78002B09D1BB68CF
:104E90007A68D2187B1812781A700E23FB18BA6839
:104EA0001A70BB680133BB60064B1B781A00BB68E5
:104EB0009342DDDB0E23FB181B781800BD4604B0BF
:104EC00080BDC0469800002080B584B000AF7860F7
:104ED0000F23FB1801221A700023BB600CE0BB6893
:104EE0007A68D3181A780F217B18791809780A4044
:104EF0001A70BB680133BB60064B1B781A00BB6895
:104F00009342ECDB0F23FB181B781800BD4604B05E
:104F100080BDC04698000020F0B587B002AF020007
:104F2000FB1D1A70834A844B1100180020F06AFFA1
:104F3000814B1800FBF7F2F803009AB27E49FB1D83
:104F4000187801235B420093322310F0D5FD0F2324
:104F5000FB1801221A701BE00F243B191A787749BD
:104F6000754B180020F04EFF734B1800FBF7D6F876
:104F700003009AB27049FB1D187801235B4200932D
:104F8000322310F0B9FD3B191A783B1901321A701F
:104F90000F23FB181B78052BDED96949FB1D1878F8
:104FA00001235B4200933223032210F0A5FD0E2360
:104FB000FB1800221A70A7E00E243B191B785A1C1C
:104FC00060495D4B180020F01DFF5B4B1800FBF79C
:104FD000A5F803009AB25849FB1D187801235B42DB
:104FE0000093322310F088FD3B191A7856491300BC
:104FF000DB009B1A5B005B5A1A0013005B009B18D6
:105000005B00524A99184C4B0522180020F0AEFF65
:105010004949FB1D187801235B4200933223052286
:1050200010F06AFD4A49FB1D187801235B4200938A
:105030003223012210F060FD0D23FB1801221A70AB
:105040004DE00E23FB181A780D23FB1818783E4903
:105050001300DB009B1A1B185B005B5A002B06D168
:105060003C49354B0022180020F0CCFE22E00E25F2
:105070007B191A780D26BB19187833491300DB0009
:105080009B1A1B185B005B5ADB089BB21C007B1948
:105090001A78BB1918782C491300DB009B1A1B18CF
:1050A0005B005B5A1A00072313402B492248220059
:1050B00020F0A8FE204B1800FBF730F803009AB24E
:1050C0001D49FB1D187801235B420093322310F029
:1050D00013FD0D217B181A787B1801321A700D23ED
:1050E000FB181B78052BACD91C49FB1D1878012334
:1050F0005B4200933223022210F0FEFC0E217B184B
:105100001A787B1801321A70154B1B780E22BA18C8
:1051100012789A4200D24FE71249FB1D18780123FA
:105120005B4200933223012210F0E6FCC046BD46EC
:1051300005B0F0BD50B00208980A002064B0020823
:105140006CB0020870B002080000002050AA0208EB
:105150007CB0020880B0020884B002088CB002085B
:105160009800002090B0020890B587B002AF02000E
:10517000FB1D1A703C4A3D4B1100180020F042FE06
:105180003A4B1800FAF7CAFF03009AB23749FB1DE1
:10519000187801235B420093322310F0ADFC0F23FB
:1051A000FB1801221A703EE00E23FB1801221A7030
:1051B0002EE00F203B181B785A1E2D4B5200D35A5D
:1051C00019000E243B191B78013B802212021A4160
:1051D00013000B4016D03B181A783B191B78254951
:1051E000224820F00FFE214B1800FAF797FF03002A
:1051F0009AB21E49FB1D187801235B4200933223AB
:1052000010F07AFC0E217B181A787B1801321A7084
:105210000E23FB181B780A2BCBD90F217B181A7889
:105220007B1801321A70144B1B780F22BA181278AF
:105230009A42B9D9114A0D4B1100180020F0E2FD35
:105240000A4B1800FAF76AFF03009AB20749FB1DE0
:10525000187801235B420093322310F04DFCC046C6
:10526000BD4605B090BDC04694B00208980A002023
:1052700010180020B0B0020898000020C4B0020846
:10528000F0B589B002AF0200FB1D1A701223FB18A3
:1052900000221A8014F044FC0300FB60FB6800222B
:1052A0001A70C74B1B781A00C649C74B180020F06C
:1052B000A9FDC54AFB681100180020F02BFEC34B66
:1052C0001B781A00C249C04B180020F09BFDBE4A53
:1052D000FB681100180020F01DFEBE49BA480023EB
:1052E00000930423002220F08DFDB74AFB681100D3
:1052F000180020F00FFEB84AB849B34B180020F050
:1053000081FDB14AFB681100180020F003FEB44A89
:10531000B449AD4B180020F075FDAB4AFB68110095
:10532000180020F0F7FDB04AA74B1100180020F03C
:1053300069FDA54AFB681100180020F0EBFD17235A
:10534000FB1801221A7048E017243B191A78A74964
:105350009D4B180020F056FD9B4AFB681100180079
:1053600020F0D8FD3B191B78A14AD35C042B27D829
:105370009A00A04BD3181B689F469F4A924B11007E
:10538000180020F03FFD1CE09C4A8F4B11001800D4
:1053900020F038FD15E09A4A8B4B1100180020F0E0
:1053A00031FD0EE0974A884B1100180020F02AFDCD
:1053B00007E0954A844B1100180020F023FD00E01F
:1053C000C046814AFB681100180020F0A3FD172198
:1053D0007B181A787B1801321A701723FB181B7878
:1053E000052BB1D9894A784B1100180020F00AFD2D
:1053F000754AFB681100180020F08CFD1623FB187D
:1054000001221A7043E016217B181B785A1E804B2C
:105410009200D3581B68002B0DD17B181A787D4958
:10542000694B180020F0EEFC674AFB681100180079
:1054300020F070FD25E01626BB191C78BB191B78DF
:105440005A1E734B9200D3589B6A18000AF0E2FF71
:1054500003001D00BB191B785A1E6F4B9200D358D6
:1054600018000AF0D7FF03006C49574800932B003F
:10547000220020F0C7FC544AFB681100180020F0FD
:1054800049FD16217B181A787B1801321A701623F1
:10549000FB181B78062BB6D9FB681800FAF73EFEFE
:1054A00003001A00FB689A185D4B100019000323D3
:1054B0001A0020F046FEFB681800FAF72FFE0300E2
:1054C0001A00FB689A18574B100019001D231A0088
:1054D00020F037FEFB681800FAF720FE02001223C6
:1054E000FB181A801523FB1801221A7023E0344B95
:1054F0001B785A1E4C4B5200D35A190015203B18EA
:105500001B78013B802212021A4113000B400CD081
:105510003B181A7845492C4B180020F073FC2A4A96
:10552000FB681100180020F0F5FC15217B181A7893
:105530007B1801321A701523FB181B78052BD6D95E
:105540001223FB181C88FB681800FAF7E7FD03001C
:105550009C420ED1FB681800FAF7E0FD03001A0028
:10556000FB689A18324B1000190005231A0020F02E
:10557000E8FDFB681800FAF7D1FD03001A00FB688C
:105580009A18274B1000190003231A0020F0D9FDA8
:10559000FB1D1B78002B0ED0FB681800FAF7BEFD30
:1055A00003009AB2F968FB1D187801235B4200934F
:1055B000322310F0A1FAC046BD4607B0F0BDC04688
:1055C00099000020E4B00208980A0020880B00200F
:1055D00000B102081CB102083CB1020848B102083F
:1055E00060B102086CB1020888B102089CB10208DF
:1055F000980B0020A0B20208A4B10208ACB10208C6
:10560000C4B10208D0B10208ECB102080CB2020821
:10561000702E002024B20208F41E002040B20208BE
:105620008CB0020870B202081018002090B2020874
:1056300098B2020890B585B000AF78600E23FB18D1
:1056400000221A700F23FB1800221A704B4A7B6845
:1056500011001800FAF758FD031E03D1484B1B78C0
:105660001BB286E0474A7B6811001800FAF74CFD30
:10567000031E01D1FF237CE07B681B78232B25D1FF
:105680007B68013318001FF036F802000E217B18EA
:105690001A700A00BB181B78002B0AD03A4B1B78F3
:1056A0001100BA1812789A4203D87B181B781BB2E3
:1056B0005FE0334B1B780E22BA1812789A4203D15E
:1056C0002F4B1B781BB254E0662352E00F23FB18CC
:1056D00000221A701DE00F243B191A7813009B005A
:1056E0009B185B00294A9A187B6811001800FAF78A
:1056F0000BFD031E07D17B681B78002B03D03B19E1
:105700001B781BB235E00F217B181A787B18013209
:105710001A701D4B1B780F217A1812789A42DAD32F
:105720007B1800221A701EE00F243B191A78130010
:105730009B009B185B00164A9A187B6811001800A2
:10574000FAF7E2FC031E08D13B191B781BB21B02BF
:105750001BB2FE2213431BB20BE00F217B181A78F9
:105760007B1801321A700F23FB181B78092BDBD929
:1057700064231800BD4605B090BDC046B4B202080F
:1057800099000020B8B2020898000020E817002015
:10579000EC0A0020B0B586B000AF02003960FB1DF6
:1057A0001A701323FB1800221A7000237B61002358
:1057B0007B610FE07B699A00404BD2183B68110077
:1057C0001800FAF7A1FC031E01D1062371E07B69E2
:1057D00001337B617B69032BECDD01237B6112E0EC
:1057E0007A6913009B009B185B00354A9A183B6846
:1057F00011001800FAF788FC031E01D1072358E0B6
:105800007B6901337B612F4B1B781A007B699342C4
:10581000E6DB00237B6112E07A6913009B009B1892
:105820005B00294A9A183B6811001800FAF76CFCD3
:10583000031E01D107233CE07B6901337B617B6957
:10584000092BE9DD214B224A1A6019E01F4B1B6826
:105850001B681B68FB60FB681800FAF75FFC03001D
:10586000BB60BA68F9683B68180020F06EFB031E45
:1058700001D108231DE0154B1B685A68134B1A60B1
:10588000124B1B68002BE1D1FB1D1A7813009B0003
:105890009B185B000A4A9B183A681100180020F018
:1058A00048FC13257C19FEF74FFC030023707B197D
:1058B0001B781800BD4606B0B0BDC04684AB0208D8
:1058C000E817002098000020EC0A00204018002073
:1058D0000003002080B588B000AF02003960FB1DD6
:1058E0001A701723FB1800221A700023FB61002393
:1058F000BB610023FB6129E0FA6913009B009B1840
:105900005B005B4A9A183B6811001800FAF7FCFB31
:10591000031E18D1FB1D1B785A1E564B5200D35A3A
:105920001AB20121FB6999400B001BB2134319B253
:10593000FB1D1B785A1E89B24E4B5200D1521723C1
:10594000FB181B7890E0FB690133FB61FB69092BB5
:10595000D2DD0023BB610FE0BB699A00464BD21831
:105960003B6811001800FAF7CFFB031E01D1062394
:105970007AE0BB690133BB61BB69032BECDD01231A
:10598000BB6112E0BA6913009B009B185B003B4AA5
:105990009A183B6811001800FAF7B6FB031E01D1F4
:1059A000072361E0BB690133BB61354B1B781A00EB
:1059B000BB699342E6DB334B334A1A6019E0314B43
:1059C0001B681B681B683B613B691800FAF7A6FB64
:1059D0000300FB60FA6839693B68180020F0B5FAEB
:1059E000031E01D108233FE0264B1B685A68254B54
:1059F0001A60244B1B68002BE1D10023FB6118E0E7
:105A00001B49FA6913009B009B185B005B5C002B31
:105A10000CD1FA6913009B009B185B00144A9B1879
:105A20003A681100180020F084FB05E0FB6901339F
:105A3000FB61FB69092BE3DDFB1D1B785A1E0D4B37
:105A40005200D35A1AB20121FB6999400B001BB2D4
:105A5000134319B2FB1D1B785A1E89B2054B520025
:105A6000D1521723FB181B781800BD4608B080BD23
:105A7000EC0A00200C18002084AB0208E817002074
:105A800098000020441800200003002080B586B054
:105A900000AFB9607A6019000F23FB18021C1A705E
:105AA0000E203B180A1C1A701623FB1820221A809D
:105AB0007A6880231B059A4200D3D4E07B68DAB26F
:105AC000E54B1A70E44B3A1812785A703B181B7861
:105AD000082B00D9BDE19A00E04BD3181B689F4604
:105AE000BB681B78DAB2DC4B9A700F23FB181B786B
:105AF00003222021180004F0B1FFB4E1BB681B7839
:105B00005BB2DAB2D44B9A700F23FB181B780322D6
:105B10002021180004F0A2FFA5E1BB681B889BB2FE
:105B2000DAB2CD4B9A70BB681B889BB21B0A9BB242
:105B3000DAB2C94BDA700F23FB181B78042220213C
:105B4000180004F08BFF8EE1BB681B881BB2DAB231
:105B5000C14B9A70BB681B881BB21B121BB2DAB216
:105B6000BD4BDA700F23FB181B780422202118008C
:105B700004F074FF77E1BB681B68DAB2B64B9A7029
:105B8000BB681B681B0ADAB2B34BDA70BB681B68D0
:105B90001B0CDAB2B04B1A71BB681B681B0EDAB271
:105BA000AD4B5A710F23FB181B78062220211800D9
:105BB00004F054FF57E1BB681B68DAB2A64B9A7039
:105BC000BB681B681B12DAB2A34BDA70BB681B6898
:105BD0001B14DAB2A04B1A71BB681B681B16DAB231
:105BE0009D4B5A710F23FB181B78062220211800A9
:105BF00004F034FF37E1BB681B78DAB2964B9A7039
:105C0000BB6801331B78DAB2934BDA70BB6802339E
:105C10001B78DAB2904B1A71BB6803331B78DAB287
:105C20008D4B5A71BB6804331B78DAB28A4B9A7178
:105C3000BB6805331B78DAB2874BDA71BB68063371
:105C40001B78DAB2844B1A72BB6807331B78DAB25E
:105C5000814B5A720F23FB181B780A22202118004F
:105C600004F0FCFEFFE07C4B00221A707A4B0E2100
:105C70007A1812785A707B681B0EDAB2764B9A70DB
:105C80007B681B0CDAB2744BDA707B681B0ADAB2E1
:105C9000714B1A717B68DAB26F4B5A717B181B78A3
:105CA000082B00D9DEE09A006D4BD3181B689F4685
:105CB000BB681B78DAB2684B9A711623FB181988F7
:105CC0000F23FB181B780722180004F0C7FECAE058
:105CD000BB681B785BB2DAB25F4B9A711623FB1874
:105CE00019880F23FB181B780722180004F0B6FE52
:105CF000B9E0BB681B889BB2DAB2574B9A71BB689C
:105D00001B889BB21B0A9BB2DAB2534BDA71162383
:105D1000FB1819880F23FB181B780822180004F0C1
:105D20009DFEA0E0BB681B881BB2DAB24A4B9A7199
:105D3000BB681B881BB21B121BB2DAB2464BDA716E
:105D40001623FB1819880F23FB181B78082218004C
:105D500004F084FE87E0BB681B68DAB23E4B9A71A0
:105D6000BB681B681B0ADAB23B4BDA71BB681B6865
:105D70001B0CDAB2384B1A72BB681B681B0EDAB206
:105D8000354B5A721623FB1819880F23FB181B7802
:105D90000A22180004F062FE65E0BB681B68DAB2F4
:105DA0002D4B9A71BB681B681B12DAB22A4BDA7151
:105DB000BB681B681B14DAB2274B1A72BB681B68DE
:105DC0001B16DAB2244B5A721623FB1819880F23BC
:105DD000FB181B780A22180004F040FE43E0BB6861
:105DE0001B78DAB21C4B9A71BB6801331B78DAB2AC
:105DF000194BDA71BB6802331B78DAB2164B1A7290
:105E0000BB6803331B78DAB2134B5A72BB68043396
:105E10001B78DAB2104B9A72BB6805331B78DAB282
:105E20000D4BDA72BB6806331B78DAB20A4B1A7371
:105E3000BB6807331B78DAB2074B5A731623FB187B
:105E400019880F23FB181B780E22180004F006FE99
:105E500009E0C04607E0C046B80C0020BCB202080A
:105E6000E0B20208C0463B6A002B13D017F01EF8C0
:105E700003003B61C0460A4B1B78002B07D017F08C
:105E800015F802003B69D31A3A6A9A42F3D8044BD8
:105E90001B7800E000231800BD4606B080BDC04658
:105EA00031180020B0B584B002AF1E201EF02AFCCD
:105EB00003007B607B681E220021180020F022F87E
:105EC0000C4B1B7D5A1E0C4B9200D258094B9B7DEC
:105ED0001D00084B5B7D1C00064B1B8B0749786837
:105EE000019300942B001FF08DFF7B681800BD46C6
:105EF00002B0B0BD141800201C0000202CB3020812
:105F000090B587B004AF0200FB1D1A70BB1D0A1CC0
:105F10001A700D4B19780C4B1C78BB1D1A78FB1DA1
:105F200018780123039301235B42029301235B4210
:105F3000019302230093230005F0D6F80300180014
:105F4000BD4603B090BDC0469900002080B588B022
:105F500006AF0200FB1D1A70BB1D0A1C1A7000233D
:105F6000049300230393002302930023019300234F
:105F700000930023002200210020FEF74DF9FB1DB5
:105F80001B785A1E1F4B9200D3581B68002B14D04D
:105F9000BB1D1B785A1E1B4B9200D3581B68002B4D
:105FA0000BD0FB1D1B7818000CF018FCBB1D1B78D8
:105FB00018000CF013FC002320E0FB1D1B785A1E78
:105FC000104B9200D3581B68002B06D0FB1D1B788A
:105FD00018000CF003FC002310E0BB1D1B785A1EB8
:105FE000084B9200D3581B68002B06D0BB1D1B78B2
:105FF00018000CF0F3FB002300E068231800BD46F6
:1060000002B080BD702E002080B584B000AFF86073
:10601000B960FB1D1A70FB68002B2FD0BB68002BEA
:106020002CD0FB1D1B78033B042B29D89A00164B60
:10603000D3181B689F46F968BB680222180020F03D
:1060400080F81EE0F968BB680222180020F079F899
:1060500017E0F968BB680422180020F072F810E01D
:10606000F968BB680422180020F06BF809E0F968B1
:10607000BB680422180020F064F802E0C04600E08B
:10608000C046BD4604B080BD04B3020880B584B0EC
:1060900000AFF860B960FB1D1A70BB68002B2FD0F1
:1060A000FB68002B2CD0FB1D1B78033B042B29D84D
:1060B0009A00164BD3181B689F46B968FB680222EA
:1060C000180020F03EF81EE0B968FB6802221800B4
:1060D00020F037F817E0B968FB680422180020F0B8
:1060E00030F810E0B968FB680422180020F029F8A5
:1060F00009E0B968FB680422180020F022F802E0E9
:10610000C04600E0C046BD4604B080BD18B30208DA
:10611000B0B588B002AF78600D23FB1800221A706A
:106120001723FB1800221A7000233B610E23FB1873
:1061300000221A8001235B421900012016F0ECF8BE
:1061400013F0EEFC03003B61784B9A68E1231B03DC
:106150009A421ED01623FB1801221A7014E0744BC9
:106160001B7816217A1812789A4207D0E1231A0375
:106170007B181B78110018000FF054FD16217B18B6
:106180001A787B1801321A701623FB181B78052B1E
:10619000E5D9684B1B781C00674B1B881A0013005D
:1061A0005B009B185B00654A9A18614B1B78644939
:1061B00064480093130022001FF024FE5C4B1C78FF
:1061C000614B1D68604B1B681800F9F7A7FF0300BF
:1061D0009AB20A23290020000FF0E4FC544B1C78EB
:1061E000584B1800F9F79AFF03009AB255490A2351
:1061F00020000FF0D7FC554B1B78012B00D091E00D
:10620000534B1A780D217B181A70514B00221A70CB
:106210004E4B00221A70464B18780C0079180A234E
:1062200001220FF0BFFC3B191B787F2B3CD050DCC8
:106230000D2B05D04DDC082B36D00A2B6DD048E055
:106240003B4B1C78434B1D68424B1B681800F9F709
:1062500065FF03009AB20A23290020000FF0A2FC78
:106260001723FB181B785BB2002B05D13A4A3B4B36
:10627000110018001FF05DFF2D4B18783B69374A5D
:10628000012100F06FF8354A334B110018001FF060
:1062900050FF1723FB1800221A70304B32220021C6
:1062A00018001FF02FFE3DE017217B181B785BB212
:1062B000002B34DD7B181B785BB2DBB2013BDAB21A
:1062C0007B181A707B181B785BB2244A0021D154CA
:1062D00025E00D203B181B785A1C214BD3181B7846
:1062E0001A00972313401CD017217B181B785BB230
:1062F000312B16DC3B181A7808007B181B785BB230
:1063000051B2164AD15401007B181B785BB2DBB244
:106310000133DAB27B181A7003E0C04602E0C046CF
:1063200000E0C04613F074FE65E7C0461418002074
:10633000880B0020990000209600002050AA020837
:106340002CB6020898180020D40000208E0B0020E4
:10635000CD260020D80000205C190020281900203C
:1063600048E70208F0B58DB002AFBA607B600F233A
:10637000FB18021C1A700E23FB180A1C1A70142337
:10638000FB18180009231A0000211FF0BBFD002391
:106390003B621E23FB1800221A80BB68180000F025
:1063A0009DFAC94B1B78002B22D1C849BB68032238
:1063B00018001FF0CAFD031E1AD1BB680333190071
:1063C000012000F0C1FA031E09D0C14A7B68110008
:1063D00018001FF017FDBC4B00221A7005E0BA4BE5
:1063E00002221A707B680D221A7000237B6217E26A
:1063F000B54B1B78002B18D0B649BB680622180095
:106400001FF0A3FD031E10D1AF4B00221A70B24B38
:106410001900032000F098FAB04A7B6811001800B8
:106420001FF0F0FC00237B62FAE1A74B1B78022BE4
:1064300013D1BB681900022000F086FA031E06D0B3
:10644000A34A7B68110018001FF0DCFC02E07B68A7
:106450000D221A7000237B62E2E1BB682E21180036
:106460001FF065FD03003B623B6A002B00D1CEE1CB
:106470003B6A033B9A49032218001FF066FD031E86
:1064800000D1C4E13B6A01331B785A1C954BD318E9
:106490001B781A000423134000D0B8E13A6ABB68A5
:1064A000D31A1A00B96814257B1918001FF05EFD75
:1064B0001E26BC197B191800FFF7BCF803002380C7
:1064C000BB1900229B5E884A127893420AD13B6A2C
:1064D0000133992292007968180013F093FA0300AF
:1064E0007B629DE11E23FB1800229B5E642B08D17A
:1064F0007E4A7B68110018001FF084FC00237B6239
:106500008EE11E23FB1800229B5E662B08D1784A81
:106510007B68110018001FF075FC00237B627FE18F
:106520001E23FB1800229B5EFF2B48D1714B0222D9
:10653000002118001FF0E6FC3B6A5C1CBB681800D9
:10654000F9F7ECFD05001426BB191800F9F7E6FD74
:106550000300EB1A5A1E684B210018001FF006FDBD
:10656000614B1D78BB681800F9F7D8FD03009CB299
:10657000BB191800F9F7D2FD03009BB2E31A9BB2D6
:106580001722FF21280004F01FFA3B6A01339922E9
:1065900092007968180013F035FA03007B627B687B
:1065A0001800F9F7BBFD03001A007B689A18534BDB
:1065B000100019001D231A001FF0C3FD30E11E2238
:1065C000BB181B88DBB2FE2B59D1BB1800229B5E87
:1065D0001B121BB2DAB24A4B1A70464B0222002140
:1065E00018001FF08FFC3B6A5C1CBB681800F9F7B1
:1065F00095FD05001423FB181800F9F78FFD030023
:10660000EB1A5A1E3C4B210018001FF0AFFC364B12
:106610001D783B4B1E78BB681800F9F77FFD03001F
:106620009CB21423FB181800F9F778FD03009BB205
:10663000E31A9BB217223100280004F0C5F92A4B57
:106640001B785A1E2F4B5200D35A1A002C4B1B7822
:106650001A4113000122134009D03B6A01339922E9
:1066600092007968180013F0CDF903007B621423BF
:10667000FB187A68244978681FF0C4FBD0E03B6AB5
:1066800001332249062218001FF05FFC031E43D18C
:106690001F4B1A7860218A431A701E243B191B88ED
:1066A000DBB200221921180004F0D8F9642013F09D
:1066B000BFF80D4B18783B191B88D9B2154B1A78C7
:1066C000002309F0D3FC7FE08E19002058B60208A1
:1066D0005CB60208B0B60208B8B60208BCB602083A
:1066E00000B7020848E702089900002004B7020832
:1066F0002CB7020808180020B80C002054B7020874
:106700008F1900200C18002074B70208A0B70208E7
:1067100030180020880B00203B6A5C1CBB68180006
:10672000F9F7FCFC05001426BB191800F9F7F6FC74
:106730000300EB1A5A1E614B210018001FF016FCD3
:106740001E23FB181B88DDB2BB681800F9F7E6FCB6
:1067500003009CB2BB191800F9F7E0FC03009BB2E0
:10676000E31A9BB2013B9BB21A001721280004F0E8
:1067700075F91E23FB1800229A5E51497B681800A8
:106780001FF040FB7B681B78002B13D00E23FB18F7
:106790001B78002B0ED07B681800F9F7BFFC0300B4
:1067A0009AB279680F23FB181878012300933223DB
:1067B0000FF0A2F97B681800F9F7B0FC02007B68C3
:1067C000002118001FF09EFB3E4B1B7860221340F7
:1067D000DBB2602B18D1FA239B001900012015F0C1
:1067E0009BFD394B1B78002B0ED0384B1B88013397
:1067F0009AB2364B1A801E23FB1800229B5E7A68E1
:10680000334978681FF0FEFA00237B6208E0992381
:106810009A007968BB68180013F0F4F803007B62F3
:106820007B681B78002B14D00E23FB181B78002BE1
:106830000FD07B681800F9F771FC03009AB27968F1
:106840000F23FB18187801235B42009332230FF0CB
:1068500053F97B681800F9F761FC02007B6800219E
:1068600018001FF04FFB7B6A002B00D095E5142326
:10687000FB180922002118001FF044FB154B1B7860
:10688000002B17D10E23FB181B78002B12D0124BB4
:106890001C68114B1B681800F9F740FC03009AB202
:1068A0000F23FB18187801235B4200933223210049
:1068B0000FF022F9C046BD460BB0F0BDB80C002069
:1068C000A8B702083018002031180020C018002096
:1068D000CCB702088E190020DC00002080B584B0FF
:1068E00000AF78600023FB6020E0FB687A68D21874
:1068F0000B217B1812781A707B181B785A1C114BCD
:10690000D3181B781A0003231340012B03D17B18E3
:106910001B78203302E00B23FB181B78FA68796898
:106920008A18DBB21370FB680133FB60FB687A687E
:10693000D3181B78002BD8D1C046C046BD4604B042
:1069400080BDC04648E7020890B587B000AF02009E
:106950003960FB1D1A7000237B6100233B613E4BB5
:106960001B785A1E13009B009B189B003B4A9B18E8
:10697000FB60FB1D1B78032B05D065DC012B08D0C9
:10698000022B0CD060E0FB6801221A7409F074FA43
:106990005CE03B68180000F063F8030057E0FB6818
:1069A000DB68002B2FD0FB68DB681800F9F7B6FB1B
:1069B00003003B61FB68DC683B681800F9F7AEFB3D
:1069C00002003B69D3180233190020001EF0E8F8DA
:1069D0000300BB60BB68002B01D10E2337E0FB68CE
:1069E000BA68DA60FB68DA683B69D31813221A7058
:1069F000FB68DA683B690133D3183A681100180064
:106A00001FF097FB22E03B681800F9F787FB0300B3
:106A1000013318001DF076FE03001A00FB68DA60EF
:106A2000FB68DB68002B07D1FB68142200211800EB
:106A30001FF068FA0E230AE0FB68DB683A68110071
:106A400018001FF076FB01E0FF2300E00023180090
:106A5000BD4607B090BDC0468D0B0020C418002075
:106A6000B0B58AB000AF78602723FB1800221A70F7
:106A700000233B620023FB610023BB611723FB184B
:106A800000221A701623FB1800221A701523FB1817
:106A900000221A70A44B1B78042B01D90E233EE16F
:106AA000A14B1B781A0013009B009B189B009F4A68
:106AB0009B183B613B690A22002118001FF022FA53
:106AC0007B681B78622B00D08FE07B6802331B78D9
:106AD0002E2B00D089E07B6801331B782F2B00D848
:106AE00083E07B6801331B78352B00D97DE07B6820
:106AF00001331A7817243B19303A1A703B69012286
:106B00001A703B693A1912789A707B680333884986
:106B1000072218001FF019FA031E18D13B6905223D
:106B2000DA7020003B181A78824913005B009B182A
:106B3000CB1802331B781A00012313404DD13B18A8
:106B40001B780122052118000CF0A4FF45E07B68AA
:106B5000033379490E2218001FF0F7F9031E18D1EC
:106B60003B690622DA7017203B181A787149130026
:106B70005B009B18CB1802331B781A0002231340CA
:106B80002BD13B181B780122062118000CF082FF44
:106B900023E07B6803336949082218001FF0D5F908
:106BA000031E18D13B690722DA7017203B181A78A8
:106BB000604913005B009B18CB1802331B781A0046
:106BC0000323134009D13B181B7801220721180029
:106BD0000CF060FF01E06723A1E0534B1B78013309
:106BE000DAB2514B1A70002399E07968544B312284
:106BF00018001FF0BBF9524B312200219954514A21
:106C00004F4B110018001FF0C5F903003B624D4BBC
:106C1000190000201FF0BEF90300FB61494B190069
:106C200000201FF0B7F90300BB613B6A002B01D1C4
:106C3000672374E016257C193B6A1800FDF76CFC8D
:106C40000300237029007B181B78002B14D0FB69EC
:106C5000002B11D1BB69002B0ED13B6902221A70A7
:106C60003B697A181278DA702F4B1B780133DAB24D
:106C70002D4B1A70002352E0FB69002B4ED0BB69EC
:106C8000002B4BD015257C19BB691800FDF744FC7F
:106C90000300237029007B181B78002B0CD03B6964
:106CA00004221A703B691622BA181278DA703B690E
:106CB0007A181278DA711BE03B6903221A703B697B
:106CC0001622BA181278DA70BB6918001DF008FD98
:106CD00002000B0010001900FCF7F4FB031CFB6022
:106CE0003B6906330C22B918042218001FF029FA58
:106CF000FB691800FDF742FC03001A003B695A705B
:106D00003B695B78002B01D1672308E0064B1B78B9
:106D10000133DAB2044B1A70002300E06723180035
:106D2000BD460AB0B0BDC0468D0B0020C41800207F
:106D3000ECB70208382F0020F4B7020804B80208A4
:106D40009019002010B8020890B587B000AF02007B
:106D5000FB1D1A701723FB1800221A7000233B61D9
:106D60000023FB60FB1D1A78674913009B009B18EA
:106D70009B005B5C042B00D1BCE000DDBCE0032B7E
:106D80002BD000DDB8E0012B03D0022B00D1B5E001
:106D9000B2E0FB1D1A78172439195B4813009B00D9
:106DA0009B189B00C31802331B780B70FB1D1A78CD
:106DB000554913009B009B189B00CB18033319788F
:106DC0003B191A78514813005B009B181B5C9942D1
:106DD00001D1012394E0002392E0FB1D1A784A4977
:106DE00013009B009B189B00CB1803331B781022C9
:106DF000BA181100180009F085FBFB1D1A78130062
:106E00009B009B189B00404A9B18991D0C23FB1864
:106E1000042218001FF095F9FB1D1A783A49130057
:106E20009B009B189B00CB1801331B78062B00D9C5
:106E30005EE09A00364BD3181B689F463B69FA68A0
:106E4000111C181CF9F746FB031E00D151E0012369
:106E500056E03B69FA68111C181CF9F755FB031E34
:106E600000D146E001234BE03B69FA68111C181C75
:106E7000F9F736FB031E00D13BE03B690021181CEB
:106E8000F9F728FB031E00D033E0012338E03B690B
:106E9000FA68111C181CF9F741FB031E00D128E009
:106EA00001232DE03B69FA68111C181CF9F722FB3D
:106EB000031E00D11DE03B690021181CF9F70AFBF5
:106EC000031E00D015E001231AE03B69FA68111C8B
:106ED000181CF9F7FFFA031E00D00AE03B690021F5
:106EE000181CF9F7F7FA031E00D002E0012307E0AF
:106EF000C04604E0C04602E0C04600E0C0460023B1
:106F00001800BD4607B090BDC4180020382F0020DF
:106F100014B8020880B582B000AF7B1D00221A7041
:106F2000BB1D00221A8000233B6012F0F9FD030014
:106F30003B60BB1D00221A8043E0BB1D1A88274915
:106F400013009B009B189B00CB1810331B78002B61
:106F500032D0BB1D1B88DBB21800FFF7F5FE031E05
:106F60002AD01F4B1A7860218A43111C20220A4321
:106F70001A7010E01B4B18783B681B4A0021FFF782
:106F8000F1F93B681800F9F7C9F802003B680021E5
:106F900018001EF0B7FFBB1D1A88104913009B0094
:106FA0009B189B00CB180C331B680F4A110018006C
:106FB00000F01EF8031EDDD1BB1D1A88BB1D013277
:106FC0001A800A4B1B781A00BB1D1B889342B4D34E
:106FD0007B1D1B781800BD4602B080BDC418002080
:106FE00030180020880B0020C41900208D0B0020D1
:106FF00090B583B000AF78603960314B1B785A1E72
:10700000304913009B009B189B00CB180C331B6866
:10701000002B01D100234FE02B4B1B68002B02D12A
:10702000294B7A681A60284B1B681B78002B04D107
:10703000254B00221A6000233EE0234B1B681321DE
:1070400018001EF074FF0200204B1A601F4B1B68D3
:10705000002B1BD01C4B19681C4B1A681A4B1B6861
:10706000D31A1A003B6818001EF080FF174B1A68ED
:10707000154B1B68D31A1A003B689B1800221A7024
:10708000124B1B685A1C104B1A6014E00E4B196807
:107090003B68312218001EF069FF3B683133002243
:1070A0001A70094B1C683B681800F9F737F80300A1
:1070B000E218054B1A6001231800BD4603B090BDCD
:1070C0008D0B0020C4180020F8190020FC190020A6
:1070D00080B500AFBFF34F8FC046044B044ADA605F
:1070E000BFF34F8FC046C046FDE7C04600ED00E04D
:1070F0000400FA0580B500AFC046BD4680BD000063
:1071000080B500AF424B180012F054FC414B180000
:1071100012F050FC404B180012F04CFC3F4B180092
:1071200012F048FC3E4B180012F044FC3D4B180096
:1071300012F040FC3C4B180012F03CFC3B4B18009A
:1071400012F038FC3A4B180012F034FC394B18009E
:1071500012F030FC384B180012F02CFC374B1800A2
:1071600012F028FC364B180012F024FC354B1800A6
:1071700012F020FC344B180012F01CFC334B1800AA
:1071800012F018FC324B180012F014FC314B1800AE
:1071900012F010FC304B180012F00CFC2F4B1800B2
:1071A00012F008FC2E4B180012F004FC2D4B1800B6
:1071B00012F000FC2C4B180012F0FCFB2B4B1800BB
:1071C00012F0F8FB2A4B180012F0F4FB294B1800C0
:1071D00012F0F0FB284B180012F0ECFB274B1800C4
:1071E00012F0E8FB264B180012F0E4FB254B1800C8
:1071F00012F0E0FB244B180012F0DCFB234B2022A2
:107200001A7009F03DF9FFF775FFC046BD4680BD15
:1072100028B90208C0B802085CB902083CBB0208E1
:1072200074BB0208C4BB020834BC020870BC02086C
:10723000B0BC020854BD0208D0BD020828BE020836
:1072400078BE020810BF020864BF0208BCBF020873
:107250003CC0020878C00208C8C0020818C1020871
:1072600078C10208C0C1020808C2020850C2020860
:1072700090C20208D8C20208B8C3020834C4020887
:107280007CC40208CCC402083CC502088C0B002058
:1072900080B586B000AFF860B9607A600B4B7B6157
:1072A0007A69FB68110018001EF043FF7B69180023
:1072B000F8F734FF0200FB689B18180014F0E8FE92
:1072C00000231800BD4606B080BDC0464CC502086C
:1072D00080B586B000AFF860B9607A600B4B7B6117
:1072E0007A69FB68110018001EF023FF7B69180003
:1072F000F8F714FF0200FB689B18180014F06EFFEB
:1073000000231800BD4606B080BDC0469CC50208DB
:1073100090B585B000AFF860B9607A601E4B1B78FD
:1073200019001E4A0B009B005B185B009B5C002B46
:1073300009D11B4B1968184B1B781A00FB68180001
:107340001EF060FD11E0174B1968134B1B781C00F1
:10735000114B1B781A0013009B009B185B000F4A0F
:107360009B18F86822001EF04DFD80231B020E487A
:107370000122190018F075F8C82012F059FA80237C
:107380001B0209480022190018F06BF800231800AE
:10739000BD4605B090BDC04699000020E81700200A
:1073A000FC0000200001002000040050B0B588B0AF
:1073B00002AFF860B9607A601523FB1800221A70DA
:1073C000694A7B680121180012F0B2FB0200674B8A
:1073D0001A60664B1B68002B2AD1654B1968654BF8
:1073E0001B781A00FB6818001EF00CFD624B1A682F
:1073F000FB68110018001EF08DFD604B1C78FB68C7
:107400001800F8F78BFE03009AB2F96801235B427B
:107410000093322320000EF06FFB594B594A1A603B
:10742000594B01221A700A2012F002FAFFF750FE9F
:107430004E4B18684C4B1B681A00544B19001EF039
:1074400084FD031E00D07AE0514A7B6802211800B7
:1074500012F06EFB02004F4B1A604F4A7B6803210B
:10746000180012F065FB02004C4B1A60494B1B6878
:107470001B785BB2232B0AD1464B1B6801331800E3
:107480001DF039F902001723FB181A7003E01523C9
:10749000FB1868221A70414B1B681B785BB2702B7B
:1074A0000AD13E4B1B68013318001DF024F902007D
:1074B0001623FB181A7003E01523FB1868221A70B4
:1074C0002C4B1B7817257A1912789A421FD0344B0F
:1074D0001A7860218A431A70324B16243A191278AE
:1074E0001A707B191B7801221A21180003F0B6FAD2
:1074F000642012F09DF91F4B1878204B1A783B1925
:107500001C787B191978230008F0B0FD1BE01624C5
:107510003B1918780023009319230022002103F05F
:107520006FFB642012F084F9124B1878114B197814
:10753000124B1A783B191B7808F098FD03E01523CD
:10754000FB1868221A701523FB181B78682B06D1CC
:10755000154B1A68FB68110018001EF0EAFD0023A5
:107560001800BD4606B0B0BD501A0020541A0020C5
:10757000040100209900002084000020880B0020D6
:10758000F03F0220EFBEADDE8A0B0020E0C502080E
:10759000581A00205C1A0020601A0020641A00208B
:1075A00030180020B80C00200801002080B584B0FD
:1075B00000AFF860B9607A60FFF78AFDB0B586B0B9
:1075C00000AFF860B9607A601723FB1800221A70C8
:1075D0002D4A7B680121180012F0AAFA02002B4BF9
:1075E0001A60294B1B68092B04DD284B1B680933E3
:1075F00000221A70264B1A78244B1B6817257C1919
:1076000019001000FEF7C6F8030023707B191B78E1
:10761000002B0AD11F4B19681D4B1B781A001B4BFE
:107620001B68F8681EF0EEFB28E01723FB181B7898
:10763000062B08D1184B1968144B1A68FB68180000
:107640001EF0E0FB1AE01723FB181B78072B08D16C
:10765000124B19680D4B1A68FB6818001EF0D2FB1C
:107660000CE01723FB181B78082B07D10C4B19686B
:10767000064B1A68FB6818001EF0C4FB00231800B4
:10768000BD4606B0B0BDC046681A00206C1A002086
:10769000990000200C01002010010020140100209E
:1076A00018010020B0B594B000AFF860B9607A60FE
:1076B0004F23FB1800221A702023FB1818002723E1
:1076C0001A0000211EF01EFC4C23FB1800221A8019
:1076D0004A243B1900221A8014257B1918000A231A
:1076E0001A0000211EF00EFC9C4A7B680121180044
:1076F00012F01EFA02009A4B1A60994B1968974BC8
:107700001B681A007B1918001EF030FC3B1901227F
:107710001A804923FB1800221A701BE04923FB182A
:107720001A7813009B009B185B008E4A9A1814234A
:10773000FB1811001800F8F7E7FC031E04D14A23D8
:10774000FB1800221A800AE049217B181A787B185E
:1077500001321A704923FB181B78092BDED9824BA2
:1077600002221A70FA68814B100019000A231A00CD
:107770001EF0E7FC7C4B1B785BB219007C4A7B68EF
:10778000180012F0D5F902007A4B1A605DE0794BCF
:107790001968774B1B681A0020243B1918001EF04B
:1077A000E5FB734B1B6820003A180021D1544C258F
:1077B0007C193B181800FDF73DFF030023807B195F
:1077C00000229B5E002B45DB7B191B88DBB24F251B
:1077D0007C191422BA1811001800FEF77BF8030078
:1077E00023707B191B78002B36D15F4B1B785BB263
:1077F000022B0EDDFB681800F8F790FC03001A005E
:10780000FB689A185C4B1000190003231A001EF045
:1078100098FC2023FA18FB68110018001EF07AFB70
:10782000514B1B785BB2DBB20133DBB25AB24E4B29
:107830001A704D4B1B785BB219004D4A7B681800DB
:1078400012F076F902004B4B1A604A4B1B68002B72
:107850009DD102E0C04600E0C0464C23FB18002248
:107860009B5E002B08DA454B19682023FA18FB6849
:1078700018001EF0C7FA6CE03B4B1B785BB2022B82
:1078800008D13F4B19681423FA18FB6818001EF042
:10789000B9FA5EE04F23FB181B78002B15D14A2361
:1078A000FB1800229B5E002B0FD0364B1968142367
:1078B000FA1820243B1918001EF0A4FA3A19FB68A4
:1078C000110018001EF026FB43E04F23FB181B7825
:1078D000002B15D14A23FB1800229B5E002B0FD1F1
:1078E000294B19681423FA1820243B1918001EF09C
:1078F00089FA3A19FB68110018001EF00BFB28E00A
:107900004F23FB181B78062B08D1204B1968142332
:10791000FA18FB6818001EF075FA1AE04F23FB18DE
:107920001B78072B08D11A4B19681423FA18FB6827
:1079300018001EF067FA0CE04F23FB181B78082B89
:1079400007D1144B19681423FA18FB6818001EF0AD
:1079500059FA00231800BD4614B0B0BD701A0020BB
:10796000741A0020EC0A0020781A0020E4C50208EE
:107970007C1A0020801A0020F0C502081C0100209B
:107980002001002024010020280100202C010020DB
:10799000300100203401002080B584B000AFF860D1
:1079A000B9607A600020FDF76BFC00231800BD462B
:1079B00004B080BD90B589B002AFF860B9607A605C
:1079C00017217B1800221A70334B1B78012B04D926
:1079D0007C180EF0FDF9030023702F4B1B781A0062
:1079E0002E49FB6818001EF00DFA2D4B1C78FB6821
:1079F0001800F8F793FB03009AB2F96801235B4281
:107A00000093322320000EF077F8264AFB6811001D
:107A100018001EF0F7F9224B1C78FB681800F8F7E5
:107A20007DFB03009AB2F96801235B420093322385
:107A300020000EF061F81A4B1B781800FDF76CFA65
:107A4000174B1B781800FDF78FFB1723FB181B78CB
:107A5000022B15D1144AFB68110018001EF0D2F950
:107A60000F4B1C78FB681800F8F758FB03009AB21C
:107A7000F96801235B420093322320000EF03CF8AA
:107A80000A4AFB68110018001EF0BCF90023180018
:107A9000BD4607B090BDC04698000020F4C502085E
:107AA000880B002010C6020824C6020868C6020817
:107AB000F0B58BB002AFF860B9607A601D23FB1897
:107AC00000221A700023BB6100237B611F23FB1877
:107AD00000221A701E243B1900221A701823FA186B
:107AE0007B680121180012F023F802002F4B1A6066
:107AF0002E4B1B68BA692E4918001EF026FA031E89
:107B000003D13B1901221A700CE0284B1B68BA699B
:107B1000284918001EF019FA031E03D11E23FB1872
:107B200002221A701423FA187B680221180011F03F
:107B3000FFFF0200204B1A601F4B1B681B785BB2D3
:107B4000702B09D11C4B1B68013318001CF0D3FDAE
:107B500002001F23FB181A701D26BC191F257B1954
:107B60001A781E23FB181B78110018000BF090FDEB
:107B700003002370BB191B78002B12D10B4B1B6821
:107B8000BA699B1800221A700C4B1968074B1A68C7
:107B90007B191C787B191B78F868009323001EF072
:107BA00031F900231800BD4609B0F0BD841A002049
:107BB0006CC6020878C60208881A00203801002026
:107BC000F0B587B000AFF860B9607A601623FB1893
:107BD00000221A7000233B6117243B1900221A70FF
:107BE0001023FA187B680121180011F0A1FF020090
:107BF000164B1A60154B1B681B785BB2702B08D1B3
:107C0000124B1B68013318001CF075FD02003B1974
:107C10001A701626BC1917257B191B7818000BF053
:107C20006FFE03002370BB191B78002B08D1084B93
:107C300019687B191A787B191B78F8681EF0E2F82E
:107C400000231800BD4607B0F0BDC0468C1A0020C6
:107C50003C010020F0B5C64600B592B004AFF86014
:107C6000B9607A603723FB1800221A7000237B6208
:107C700000233B620023FB610023BB6100237B6187
:107C80003023FB1800221A800023FB623623FB18E6
:107C900000221A703523FB1800221A703423FB18B7
:107CA00000221A702B23FB1800221A703323FB18B2
:107CB00000221A702423FA187B680121180011F0A1
:107CC00037FF0200CD4B1A60CC4B1B68CC49042215
:107CD00018001EF03AF9031E00D026E22023FA18FD
:107CE0007B680221180011F023FF0200C54B1A60C7
:107CF000C24B1B68181D7B6A043B1A00C24B19005B
:107D00001EF023F9031E00D0A7E0BE4B1B683A6AA1
:107D1000BE4918001EF019F9031E1DD1BC4B1A787C
:107D200060210A431A70BA4B1B785B07DB0FDBB28A
:107D30001BB21B021AB2B64B1B785B069B0FDBB261
:107D40001BB213431BB29AB28A235B0011001800C6
:107D50000AF0EAFE00F002FDAA4B1B683A6AAD4940
:107D600018001EF0F2F8031E20D1A94B1A786021EA
:107D70008A43111C20220A431A70A54B1B785B070B
:107D8000DB0FDBB21BB21B021AB2A14B1B785B06E6
:107D90009B0FDBB21BB213431BB29AB28A235B0068
:107DA000110018000AF0C0FE00F0D8FC954B1B68CB
:107DB0003A6A994918001EF0C8F8031E20D1944B66
:107DC0001A7860218A43111C40220A431A70904B92
:107DD0001B785B07DB0FDBB21BB21B021AB28C4BAA
:107DE0001B785B069B0FDBB21BB213431BB29AB22C
:107DF0008A235B00110018000AF096FE00F0AEFC2A
:107E0000804B1B683A6A854918001EF09EF8031ED5
:107E10001DD17F4B1A7860218A431A707C4B1B78E6
:107E20005B07DB0FDBB21BB21B021AB2784B1B786D
:107E30005B069B0FDBB21BB213431BB29AB28A23C1
:107E40005B00110018000AF06FFE00F087FC37237A
:107E5000FB1868221A7000F081FC684B1B68181D23
:107E60007B6A043B1A006E4B19001EF06EF8031E6D
:107E70002CD1644B1B683A6A644918001EF065F8FF
:107E8000031E1DD1624B1A7804210A431A70604BFD
:107E90001B785B07DB0FDBB21BB21B021AB25C4B19
:107EA0001B785B069B0FDBB21BB213431BB29AB26B
:107EB0008A235B00110018000AF036FE00F04EFC29
:107EC0003723FB1868221A7000F048FC4B4B1B68E4
:107ED000181D7B6A043B1A00524B19001EF035F83E
:107EE000031E2DD1474B1B6818001CF0FEFB03003E
:107EF000FB62FA6AE1231B039A421BD84A4BFA6AD7
:107F00009A60494B9B689AB28C235B001100180061
:107F10000AF00AFE444B9B681B0C9AB21A23FF33EB
:107F2000110018000AF000FE3623FB1801221A7017
:107F300000F014FC3723FB1868221A7000F00EFCC6
:107F40002E4B1B68181D7B6A043B1A00374B190027
:107F50001DF0FBFF031E22D12A4B1B6818001CF0EA
:107F6000C4FB020030217B181A800A00BB181B8852
:107F7000002B0ED02C4B1100BA1812881A807B18D7
:107F80001A881623FF33110018000AF0CDFD00F007
:107F9000E5FB3723FB1868221A7000F0DFFB174B54
:107FA0001B68181D7B6A043B1A00214B19001DF049
:107FB000CCFF031E3ED1134B1B6818001CF095FB31
:107FC000020030217B181A800A00BB181B88002B86
:107FD0000ED0154B1100BA1812885A807B181A88D7
:107FE0008B235B00110018000AF09EFD00F0B6FB29
:107FF0003723FB1868221A7000F0B0FB901A00209B
:1080000084C60208941A00208CC6020898C602088A
:10801000301800209CC60208A4C60208A8C60208A0
:10802000B0C60208B8C6020814180020C4C6020868
:10803000D0C60208D84B1B68181D7B6A043B1A0087
:10804000D64B19001DF081FF031E2FD1D44B1B68A6
:1080500018001CF04AFB020030217B181A800A002D
:10806000BB181B88002B1BD0BB181B88FF2B17D8F5
:10807000BB181B88DAB2CB4B1A71CA4B5B791BB2A7
:108080001B021AB2C74B1B791BB213431BB29AB225
:108090001823FF33110018000AF046FD00F05EFBC4
:1080A0003723FB1868221A7000F058FBBA4B1B6884
:1080B000181D7B6A043B1A00BB4B19001DF045FFDD
:1080C000031E2DD1B64B1B6818001CF00EFB0200DE
:1080D00030217B181A800A00BB181B88002B1AD08D
:1080E000BB181B88FF2B16D8BB181B88DAB2AD4B08
:1080F0005A71AC4B5B791BB21B021AB2A94B1B79AC
:108100001BB213431BB29AB21823FF33110018009D
:108110000AF00AFD22E33723FB1868221A701DE3D8
:108120003723FB1867221A7018E39B4B1B689F4983
:10813000042218001DF009FF031E00D0A2E0202336
:10814000FA187B680221180011F0F2FC0200944B2F
:108150001A601C23FA187B680321180011F0E8FC50
:108160000200934B1A601823FA187B680421180048
:1081700011F0DEFC02008F4B1A601423FA187B68A2
:108180000521180011F0D4FC02008B4B1A60844BBF
:108190001B6818001CF0A9FA02003523FB181A709E
:1081A000834B1B6818001CF0A0FA02003423FB1854
:1081B0001A70804B1B6818001CF097FA02002B23E2
:1081C000FB181A707C4B1B68002B1FD07A4B1B6866
:1081D0007A49022218001DF0B8FE031E04D1332391
:1081E000FB1801221A7011E0734B1B6874490222BC
:1081F00018001DF0AAFE031E04D13323FB1802222F
:108200001A7003E03723FB1868221A703723FB1813
:108210001B78002B00D0A1E23523FB181B78172B0D
:1082200009D83423FB181B783B2B04D82B23FB18CD
:108230001B783B2B04D93723FB1868221A708DE278
:108240000CF0CCFC574B987D564B597D554B1A8BF7
:10825000544B1D7D3723FC183323FB181B780393E5
:108260003523FB181B7802933423FB181B780193EA
:108270002B23FB181B7800932B000CF0E5FB03006D
:1082800023706BE2444B1B684E49042218001DF01A
:108290005CFE031E00D05DE22023FA187B680221F9
:1082A000180011F045FC02003D4B1A601C23FA181F
:1082B0007B680321180011F03BFC02003C4B1A6064
:1082C0001823FA187B680421180011F031FC020011
:1082D000384B1A601423FA187B680521180011F036
:1082E00027FC0200344B1A60324B1B6818001CF04C
:1082F000FCF902002B23FB181A702F4B1B68180087
:108300001CF0F3F902003023FB181A80244B1B6881
:108310002D49062218001DF018FE031E04D1352336
:10832000FB1801221A7079E01D4B1B6827490722B0
:1083300018001DF00AFE031E04D13523FB1802228B
:108340001A706BE0164B1B682149092218001DF0BA
:10835000FCFD031E04D13523FB1803221A705DE0D7
:108360000F4B1B681B49082218001DF0EEFD031E71
:1083700004D13523FB1804221A704FE0084B1B6808
:108380001549062218001DF0E0FD031E26D13523F5
:10839000FB1805221A7041E0901A0020E0C602087E
:1083A000941A002014180020F4C6020820BF020806
:1083B000981A00209C1A0020A01A002008C7020862
:1083C0000CC7020874BF020810C7020818C70208C9
:1083D00020C702082CC7020838C70208BF4B1B6819
:1083E000BF49082218001DF0B0FD031E04D135233B
:1083F000FB1806221A7011E0B84B1B68B949062217
:1084000018001DF0A2FD031E04D13523FB1807221E
:108410001A7003E03723FB1868221A70B24B1B68EE
:10842000B249072218001DF090FD031E08D0AE4B84
:108430001B68AF49022218001DF087FD031E04D1FE
:108440003423FB1801221A7000E1A74B1B68A949CD
:10845000082218001DF079FD031E08D0A24B1B68EE
:10846000A549022218001DF070FD031E04D134231B
:10847000FB1802221A70E9E09B4B1B689F490522FA
:1084800018001DF062FD031E08D0974B1B689C4925
:10849000022218001DF059FD031E04D13423FB18DD
:1084A00003221A70D2E0904B1B68964905221800EF
:1084B0001DF04BFD031E08D08B4B1B689249022216
:1084C00018001DF042FD031E04D13423FB180422C2
:1084D0001A70BBE0844B1B688C49032218001DF006
:1084E00034FD031E08D0804B1B6889490222180006
:1084F0001DF02BFD031E04D13423FB1805221A7036
:10850000A4E0794B1B688349042218001DF01DFD6F
:10851000031E08D0744B1B687F49022218001DF00F
:1085200014FD031E04D13423FB1806221A708DE0BB
:108530006D4B1B687949042218001DF006FD031ECF
:1085400008D0694B1B687649022218001DF0FDFC1B
:10855000031E04D13423FB1807221A7076E0624B05
:108560001B687049052218001DF0EFFC031E08D09F
:108570005D4B1B686C49022218001DF0E6FC031ECF
:1085800004D13423FB1808221A705FE0564B1B6895
:108590006649092218001DF0D8FC031E08D0524B72
:1085A0001B686349022218001DF0CFFC031E04D192
:1085B0003423FB1809221A7048E04B4B1B685D49B5
:1085C000072218001DF0C1FC031E08D0464B1B6893
:1085D0005949022218001DF0B8FC031E04D13423AF
:1085E000FB180A221A7031E03F4B1B6853490822DE
:1085F00018001DF0AAFC031E08D03B4B1B68504915
:10860000022218001DF0A1FC031E04D13423FB1824
:108610000B221A701AE0344B1B684A4908221800D2
:108620001DF093FC031E08D02F4B1B684649022205
:1086300018001DF08AFC031E04D13423FB180C2201
:108640001A7003E03723FB1868221A703723FB18CF
:108650001B78002B00D081E02B22BB181B78002B4D
:108660000FD0BB181B781F2B0BD830217B181A8812
:10867000FA23DB009A4204D37B181B88334A9342C7
:1086800004D93723FB1868221A7067E00CF0A6FAA9
:108690002F4B1B7C2E4A527C2D49897C2C48C07C58
:1086A00037243C1935257D192D78A84630257D19AC
:1086B0002D88AC462B257D192E7834257D192D78F3
:1086C00003900291019200934346624631002800D4
:1086D0000CF0BAF90300237040E0C046941A002061
:1086E00040C702084CC70208981A002054C7020865
:1086F0005CC7020860C702086CC7020870C702089E
:1087000078C702087CC7020884C7020888C7020825
:108710008CC7020890C7020898C702089CC70208C5
:10872000A4C70208A8C70208B0C70208B4C7020855
:10873000C0C70208C4C70208CCC70208D0C70208D5
:10874000DCC70208E0C70208ECC7020834080000D2
:10875000141800203723FB1867221A703723FB18E0
:108760001B78002B22D1214B1B687A6A9B180022B0
:108770001A701F4B19681D4B1A681E4B1B68F8684E
:108780001DF040FB3623FB181B78012B27D11A4B19
:108790001A68FB68110018001DF0BCFB174B1A6823
:1087A000FB68110018001DF0B5FB18E03723FB181B
:1087B0001B78672B07D1124B1A68FB681100180051
:1087C0001DF0B7FC0BE03723FB181B78682B06D194
:1087D0000C4B1A68FB68110018001DF0AAFC00235E
:1087E0001800BD460EB080BCB846F0BD901A0020FF
:1087F00040010020941A002044010020480100207C
:108800004C0100205001002080B588B000AFF86016
:10881000B9607A601F23FB1800221A700023BB6125
:1088200000237B611E23FB1800221A701D23FB18F6
:1088300000221A701C23FB1800221A701823FA1841
:108840007B680121180011F073F90200BB4B1A601C
:10885000BA4B1B68BA49042218001DF076FB031EB0
:1088600000D0CAE0B54B1B68181DBB69043B1A0059
:10887000B44B19001DF069FB031E31D1B24B1B78BC
:1088800060221340DBB2602B07D1B04B1968B04AAD
:10889000FB6818001DF0B6FA31E1AB4B1B78602283
:1088A0001340DBB2202B07D1A84B1968A94AFB68FB
:1088B00018001DF0A7FA22E1A34B1B786022134099
:1088C000DBB2002B07D1A14B1968A34AFB68180043
:1088D0001DF098FA13E11F23FB1868221A700EE1AD
:1088E000964B1B68181DBB69043B1A009B4B190073
:1088F0001DF02BFB031E13D1934B1B780422134056
:10890000DBB2002B07D0914B1968914AFB68180025
:108910001DF078FAF3E01F23FB1868221A70EEE0CE
:10892000864B1B68181DBB69043B1A008C4B190051
:108930001DF00BFB031E07D18A4B9A688A49FB681E
:1089400018001DF05FFADAE07C4B1B68181DBB694C
:10895000043B1A00854B19001DF0F7FA031E08D1DD
:10896000804B1B881A008049FB6818001DF04AFAEA
:10897000C5E0724B1B68181DBB69043B1A007C4B99
:1089800019001DF0E2FA031E08D1764B5B881A002D
:108990007549FB6818001DF035FAB0E0674B1B689D
:1089A000181DBB69043B1A00724B19001DF0CDFA6B
:1089B000031E08D16B4B1B791A006B49FB6818002A
:1089C0001DF020FA9BE05D4B1B68181DBB69043B42
:1089D0001A00694B19001DF0B8FA031E08D1614B4B
:1089E0005B791A006049FB6818001DF00BFA86E0FD
:1089F0001F23FB1867221A7081E0504B1B685F49E8
:108A0000052218001DF0A1FA031E00D073E0142304
:108A1000FA187B680221180011F08AF80200584BFE
:108A20001A601E23FB1800221A701D23FB18002257
:108A30001A701AE0524B18681D23FB181A7813009D
:108A40009B009B185B004F4A9B181900F7F75CFBD3
:108A5000031E04D11E23FB1801221A700AE01D21F7
:108A60007B181A787B1801321A701D23FB181B78AB
:108A7000092BDFD91E23FB181B78002B09D1424B91
:108A800019683F4B1A68FB6818001DF0BBF90023FA
:108A900050E03E4B19683A4B1A68FB6818001DF00D
:108AA000B1F91C23FB1801221A701CE01C217B1851
:108AB0001B785A1E364B5200D35A1A001D23FB183E
:108AC0001B781A4113000122134006D07B181B7833
:108AD000FA683049F8681DF095F91C217B181A785E
:108AE0007B1801321A702C4B1B781C22BA18127892
:108AF0009A42DBD903E01F23FB1867221A701F2359
:108B0000FB181B78672B07D1244B1A68FB681100F0
:108B100018001DF00EFB0CE01F23FB181B78682BC0
:108B200007D11F4B1968054B1A68FB6818001DF028
:108B300069F900231800BD4608B080BDA41A0020C2
:108B400084C602088CC60208301800205401002098
:108B500098C60208F0C70208A8C60208B0C60208F4
:108B6000B8C6020814180020F4C70208C4C60208D8
:108B7000D0C60208E0C60208F4C60208D4BB020848
:108B8000A81A0020EC0A0020580100205C010020F7
:108B90000C180020FCC7020898000020600100208B
:108BA0006401002090B587B000AFF860B9607A60CA
:108BB0001723FB1800221A7000233B611023FA18B8
:108BC0007B680121180010F0B3FF0200294B1A60E6
:108BD000284B1B683A69284918001DF0B6F9031E96
:108BE00011D1264B264A13CA13C313CA13C31268E2
:108BF0001A60FBF77FFB234B1A68FB681100180013
:108C00001DF097FA24E01B4B1B683A691E491800B7
:108C10001DF09BF9031E17D100221621FF2001F041
:108C20001DFF1A4B02221A70642010F001FEFBF7A0
:108C3000BDFB642010F0FCFD154B1A68FB681100A9
:108C400018001DF076FA03E01723FB1868221A704B
:108C50001723FB181B78682B06D10E4B1A68FB688C
:108C6000110018001DF065FA00231800BD4607B07A
:108C700090BDC046AC1A002004C802081418002099
:108C80009C000020680100200CC802088A0B00200C
:108C90006C01002070010020F0B589B004AFF860CD
:108CA000B9607A600BF09AFF2C4B5B7B182B14D1C8
:108CB0002B4B1968294B9B7C1C00284B5B7C1D00AF
:108CC000264B1B7C1A00254BDB89F8680193009228
:108CD0002B0022001DF096F83AE0204B5B7B0C2B1A
:108CE00036D11E4BDB7C012B17D11E4B19681B4B59
:108CF0009B7C1D00194B5B7C1E00184B1B7C1A00D3
:108D0000164BDB891C00F868174B02930194009204
:108D100033002A001DF076F81AE0104BDB7C022BA2
:108D200016D1104B19680D4B9B7C1D000B4B5B7CC7
:108D30001E000A4B1B7C1A00084BDB891C00F868DC
:108D40000A4B02930194009233002A001DF05AF856
:108D500000231800BD4605B0F0BDC0461418002021
:108D6000740100207801002014C8020818C8020805
:108D700090B585B000AFF860B9607A600BF02EFF57
:108D8000074B1C68FDF78EF80200FB6821001800F5
:108D90001DF038F800231800BD4605B090BDC04650
:108DA0007C01002090B58BB000AFF860B9607A60AC
:108DB0002723FB1800221A7000237B6100233B61EC
:108DC0001423FA187B680121180010F0B1FE03008B
:108DD0003B623B6A1B785BB2702B09D13B6A013363
:108DE00018001BF088FC02002623FB181A7003E011
:108DF0002723FB1868221A701023FA187B680221B7
:108E0000180010F095FE0300FB61FB6918001BF0D1
:108E100072FC0300BB612723FB181B78682B07D16A
:108E20000E4B1A68FB68110018001DF082F90FE064
:108E3000BA6926243B191B78110018000CF0F2FEC9
:108E4000074B19683B191B78BA69F8681CF0DAFF00
:108E500000231800BD460BB090BDC0468001002025
:108E60008401002090B587B000AFF860B9607A60E7
:108E70001B4B1A681B49FB6818001CF0C3FF172323
:108E8000FB1800221A7011E017243B191B789B0075
:108E9000154A944663441B68FA681449F8681CF044
:108EA000B1FF3B191A783B1901321A701723FB18CE
:108EB0001B78022BE8D9FB681800F7F72FF903009D
:108EC0001A00FB689A180A4B1000190003231A00B5
:108ED0001DF037F900231800BD4607B090BDC0460D
:108EE000880100201CC802089075FF1F20C80208D6
:108EF00028C8020890B587B000AFF860B9607A6002
:108F000016243B1900221A8014F00AF802003B19BB
:108F10001A803B191B88114A934207D1104B1968DC
:108F2000104AFB6818001CF06DFF07E00C4B196835
:108F30000D4AFB6818001CF065FFC0460B4B1C680F
:108F400013F0E2FF03001B0BFA68F86821001CF025
:108F500059FF00231800BD4607B090BD670400000C
:108F60008C0100202CC8020838C80208900100209B
:108F700080B584B000AFF860B9607A60074B1968BB
:108F8000074B1B681B041A0CFB6818001CF03AFF07
:108F900000231800BD4604B080BDC04694010020E7
:108FA000E075FF1FF0B58FB004AFF860B9607A606C
:108FB0001823FB18B54A13CA13C312881A80B44B7E
:108FC0001C78B44B1D68B34B1B681800F7F7A6F864
:108FD00003009AB201235B42009332232900200050
:108FE0000CF08AFD2723FB1801221A702623FB1898
:108FF00000221A7036E126203B181A78A649130081
:109000009B009B189B005B5C002B1AD0A34B1C6839
:109010002723FB181D783B181A789F4913009B00E3
:109020009B189B00CB1810331B7819001823FA18D3
:109030000B00DB005B1AD318F8682A0021001CF033
:10904000E1FE2623FB181A78934913009B009B1816
:109050009B005B5C012B03D0032B00D175E0BBE0D0
:109060002623FB181A788C4913009B009B189B0041
:10907000CB1803331B78072B45D064DC052B02D0BB
:10908000062B20D05FE0864B1C6826203B181A7800
:10909000814913009B009B189B00CB1802331B785F
:1090A0001D003B181A787C4913009B009B189B00FD
:1090B000CB180C331B68FA68F86800932B0021006A
:1090C0001CF0A0FE40E0774B1C6826203B181A7865
:1090D000714913009B009B189B00CB1802331B782F
:1090E0001D003B181A786C4913009B009B189B00CD
:1090F000CB180C331B68FA68F86800932B0021002A
:109100001CF080FE20E0684B1C6826203B181A7873
:10911000614913009B009B189B00CB1802331B78FE
:109120001D003B181A785C4913009B009B189B009C
:10913000CB180C331B68FA68F86800932B002100E9
:109140001CF060FE00E0C04646E026243B191A7879
:1091500013009B009B189B004F4A9B18991D1423DA
:10916000FB18042218001CF0ECFF504B1D68200077
:109170003B181A78484913009B009B189B00CB189A
:1091800003331B785A1E4A4913005B009B189B004F
:10919000CB1808331E683B181A783F4913009B0010
:1091A0009B189B00CB1801331B785A1E13005B00E1
:1091B0009B18404A9C187B69181CFAF73BF902007F
:1091C0000B00F968F86802920393009433000A00D8
:1091D00029001CF017FEC04610E0374B1968374BCA
:1091E000FA68F8681CF00EFE344B1800F6F796FF8C
:1091F0000200324B002118001CF084FE26257B194A
:109200001A78254913009B009B189B00CB180C3340
:109210001B682A4A11001800FDF7EAFE031EDCD184
:10922000274B1A68FB68110018001CF073FE184BDE
:109230001C78FB681800F6F771FF03009AB2F96812
:1092400001235B420093322320000CF055FC2722BF
:10925000BB18BA18127801321A707B191A787B1968
:1092600001321A70174B1B782622BA1812789A42CC
:1092700000D2C0E6144B1A68FB68110018001CF0FD
:1092800058FF00231800BD460BB0F0BD40C80208CF
:10929000880B002098010020C41800209C010020A9
:1092A000A0010020A4010020A8010020AC010020A2
:1092B000AC2D002038B80208B0010020B01A002000
:1092C000B40100208D0B0020B801002080B588B0CB
:1092D00000AFF860B9607A6000233B611F23FB1880
:1092E00000221A701023FA187B680121180010F070
:1092F0001FFC0300BB61BB6918001BF0F6F90200FC
:1093000017217B181A700A00BB181B78002B05D098
:10931000184B1B78BA1812789A4203D91F23FB18EE
:10932000FF221A701F23FB181B78002B16D117235E
:10933000FB181B785A1E104913009B009B189B00BA
:10934000CB18103301221A7006F096FD0B4B1A68E9
:10935000FB68110018001CF0ECFE06E0084B1A68D0
:10936000FB68110018001CF0E4FE00231800BD4645
:1093700008B080BD8D0B0020C4180020BC01002067
:10938000C001002080B588B000AFF860B9607A6095
:1093900000233B611F23FB1800221A701023FA18C8
:1093A0007B680121180010F0C3FB0300BB61BB699F
:1093B00018001BF09AF9020017217B181A700A0096
:1093C000BB181B78002B05D0184B1B78BA181278E5
:1093D0009A4203D91F23FB18FF221A701F23FB1880
:1093E0001B78002B16D11723FB181B785A1E104927
:1093F00013009B009B189B00CB18103300221A709F
:1094000006F03AFD0B4B1A68FB68110018001CF0BF
:1094100090FE06E0084B1A68FB68110018001CF06B
:1094200088FE00231800BD4608B080BD8D0B0020CB
:10943000C4180020C4010020C801002090B589B0E4
:1094400000AFF860B9607A6000233B611F23FB180E
:1094500000221A701023FA187B680121180010F0FE
:1094600067FB0300BB61BB6918001BF03EF90200FB
:1094700017217B181A700A00BB181B78002B05D027
:109480005F4B1B78BA1812789A4203D91F23FB1836
:10949000FF221A701F23FB181B78002B00D096E0C8
:1094A00017243B191B785A1E564913009B009B1822
:1094B0009B0000225A543B191B785A1E5149130035
:1094C0009B009B189B00CB18013300221A703B199C
:1094D0001B785A1E13009B009B189B00494A9B183F
:1094E00002330422002118001CF00CFD3B191B78EC
:1094F0005A1E444913009B009B189B00CB18103345
:1095000000221A703B191B785A1E3E4913009B001B
:109510009B189B00CB180C331B6818001BF0FCF841
:1095200020003B181B785A1E364913009B009B18DD
:109530009B00CB180C3300221A601E23FB183A182C
:1095400012781A7034E01E203B181A782D49130047
:109550009B009B189B005B5C002B23D001007B18B9
:109560001B785A1E13009B009B189B00254A9818D5
:109570000C007B181A7813009B009B189B00214A53
:109580009B18142219001CF0DCFD3B191A781300FB
:109590009B009B189B001B4A9B181422002118005B
:1095A0001CF0B0FC1E217B181A787B1801321A704F
:1095B000134B1B781E22BA1812789A42C3D3104B51
:1095C0001B78013BDAB20E4B1A7006F055FC1F23D4
:1095D000FB181B78002B07D10B4B1A68FB68110096
:1095E00018001CF0A6FD06E0084B1A68FB68110085
:1095F00018001CF09EFD00231800BD4609B090BD68
:109600008D0B0020C4180020CC010020D0010020C8
:1096100090B58BB000AFF860B9607A600023BB6191
:1096200000237B612723FB1800221A701823FA18E5
:109630007B680121180010F07BFA03003B623B6A53
:109640001B785BB2702B09D13B6A013318001BF009
:1096500052F802002623FB181A7003E02723FB1898
:1096600067221A701423FA187B680221180010F080
:109670005FFA0300FB61FB691B785BB2702B09D1B9
:10968000FB69013318001BF036F802002523FB1894
:109690001A7003E02723FB1867221A702722BB18D1
:1096A0001B78002B0DD1BC182523FB181A78262314
:1096B000FB181B7811001800FCF722FC0300237034
:1096C00003E02723FB1867221A702723FB181B7857
:1096D000002B0BD1124B19682623FB181A7825236F
:1096E000FB181B78F8681CF08DFB13E02723FB1890
:1096F0001B78672B07D10B4B1A68FB681100180009
:109700001CF017FD06E0084B1A68FB6811001800F2
:109710001CF00FFD00231800BD460BB090BDC046E5
:10972000D4010020D8010020DC01002090B58BB0CE
:1097300000AFF860B9607A600023BB6100237B61F1
:109740002723FB1800221A701823FA187B680121BE
:10975000180010F0EDF903003B623B6A1B785BB226
:10976000702B09D13B6A013318001AF0C4FF0200C4
:109770002623FB181A7003E02723FB1867221A70B0
:109780001423FA187B680221180010F0D1F90300A5
:10979000FB61FB691B785BB2702B09D1FB6901335C
:1097A00018001AF0A8FF02002523FB181A7003E026
:1097B0002723FB1867221A702722BB181B78002B5F
:1097C0000DD1BC182523FB181A782623FB181B780B
:1097D00011001800FCF7BAFB0300237003E02723F5
:1097E000FB1867221A702723FB181B78002B0BD15C
:1097F000124B19682623FB181A782523FB181B78AF
:10980000F8681CF0FFFA13E02723FB181B78672B7E
:1098100007D10B4B1A68FB68110018001CF089FC7B
:1098200006E0084B1A68FB68110018001CF081FC68
:1098300000231800BD460BB090BDC046E0010020DB
:10984000E4010020E8010020B0B58EB002AFF8605E
:10985000B9607A600023FB612F23FB1800221A7085
:109860001823FB18A54A12781A700023BB621C2328
:10987000FA187B680121180010F05AF903007B6286
:109880009F4A7B6A11001800F6F73EFC031E00D0C9
:10989000AEE0BB6A002B00D02BE12E23FB18012287
:1098A0001A709EE0974B1B782E243A1912789A4230
:1098B00000D190E01BF05AF90300DAB218257B19A9
:1098C0001A7079193B191878642300930A2301222E
:1098D0000CF012F93B191B7818000CF0C3F90300C7
:1098E0001B685B6ADAB214217B181A707B191A782C
:1098F0007B181B789A4204D12F23FB1800221A7080
:1099000003E02F23FB1806221A702F23FB181B7865
:10991000002B18D17C4B19682E23FB181A78FB6892
:1099200018001CF06FFA774B1C78FB681800F6F7EC
:10993000F5FB03009AB2F968642300930A23200020
:109940000CF0DAF81CE02F23FB181B78062B17D13C
:109950006E4B19682E23FB181A78FB6818001CF050
:1099600051FA684B1C78FB681800F6F7D7FB030028
:109970009AB2F968642300930A2320000CF0BCF823
:10998000634B1A68FB68110018001CF0D2FB5D4B9A
:109990001C78FB681800F6F7C1FB03009AB2F9685F
:1099A000642300930A2320000CF0A6F802E00120B3
:1099B00013F086FA534B1B785A1EBB6A591C554844
:1099C00013005B009B189B01C3185B5C002BEED05F
:1099D000BB6A0133BB622E217B181A787B180132D7
:1099E0001A702E23FB181B78052B00D85AE780E04D
:1099F0007B6A1B785BB2702B00D073E07B6A01330B
:109A000018001AF078FE020023243B191A703B1943
:109A10001B78002B37D03B191B78052B33D82F230D
:109A2000FB181B78002B1CD11BF0A0F80300DAB246
:109A300018217B181A7079183B1918786423009341
:109A4000322301220CF058F82E23FB181B78180043
:109A50000CF008F903001B685B6ADAB21423FB18E8
:109A60001A701823FB181A781423FB181B789A42D3
:109A700004D12F23FB1800221A7008E02F23FB18B3
:109A800006221A7003E02F23FB1866221A702F2378
:109A9000FB181B78002B09D11B4B19682323FB18DB
:109AA0001A78FB6818001CF0ADF922E02F23FB1890
:109AB0001B78662B07D1184B1A68FB681100180039
:109AC0001CF037FB15E02F23FB181B78062B10D159
:109AD0000E4B19682323FB181A78FB6818001CF03A
:109AE00091F906E00D4B1A68FB68110018001CF094
:109AF00020FB00231800BD460CB0B0BD50C80208C2
:109B000098C60208880B0020EC010020F00100201C
:109B1000F4010020341B0020F8010020FC0100208B
:109B2000B0B58CB000AFF860B9607A600023FB611B
:109B30000023BB6100237B611C23FA187B68012191
:109B400018000FF0F5FF0300BB621823FA187B68BA
:109B5000022118000FF0ECFF03007B622F4ABB6A62
:109B600011001800F6F7D0FA031E07D02C4ABB6A82
:109B700011001800F6F7C8FA031E42D0BB6A013381
:109B800018001AF0B2FD02002323FB181A70254AB0
:109B90007B6A11001800F6F7B7FA031E04D12F23D1
:109BA000FB1800221A700BE01F4A7B6A1100180094
:109BB000F6F7AAFA031E03D12F23FB1801221A700D
:109BC00023243B191B7818000AF040F814257A1951
:109BD0002F23FB1819783B191B7818000AF082F81C
:109BE0007A19FB68110018001CF0A3FA7B69181C95
:109BF000F9F720FC02000B000C49F8681CF002F990
:109C000006E00B4B1A68FB68110018001CF091FA73
:109C100000231800BD460CB0B0BDC04654C80208B1
:109C200058C802085CC8020860C8020868C8020870
:109C30000002002090B587B000AFF860B9607A608C
:109C400000237B6100233B611023FA1814243B1985
:109C5000110018000AF016F93A19FB6811001800F3
:109C60001CF067FA7B69181CF9F7E4FB02000B0093
:109C70000449F8681CF0C6F800231800BD4607B078
:109C800090BDC04684C8020890B587B000AFF860A8
:109C9000B9607A6000237B6100233B611023FA18CE
:109CA00014243B19110018000AF0ECF83A19FB686B
:109CB000110018001CF03DFA3B69181CF9F7BAFBBB
:109CC00002000B000449F8681CF09CF800231800FF
:109CD000BD4607B090BDC046A8C8020890B58DB07B
:109CE00000AFF860B9607A600023FB610023BB61BC
:109CF00000237B611C23FA187B68012118000FF0F8
:109D000017FF0300BB621823FA187B6802211800B2
:109D10000FF00EFF03007B622C4ABB6A1100180093
:109D2000F6F7F2F9031E07D0294ABB6A11001800A2
:109D3000F6F7EAF9031E3CD0BB6A013318001AF0AB
:109D4000D4FC02002323FB181A70224A7B6A1100FC
:109D50001800F6F7D9F9031E04D12F23FB180022AF
:109D60001A700BE01C4A7B6A11001800F6F7CCF958
:109D7000031E03D12F23FB1801221A7023243B1941
:109D80001B78180009F062FF1423FA182F23FB1820
:109D900019783B191B7818000AF062F97B69181CC6
:109DA000F9F748FB02000B000C49F8681CF02AF890
:109DB00006E00B4B1A68FB68110018001CF0B9F99B
:109DC00000231800BD460DB090BDC04654C802081F
:109DD00058C802085CC8020860C80208D4C8020853
:109DE00004020020B0B586B000AFF860B960BB1DBA
:109DF0001A8017257C19FB68180006F00BFB03007E
:109E000023707B191B78204AD35C002B0BD07B1965
:109E10001B781D4AD35C012B05D07B191B781A4A8D
:109E2000D35C032B22D117243B191B78180008F0B0
:109E3000ABFC20003B181B785A1E144B9200B968EB
:109E4000D1503B181B78104A0221D1543B181B7883
:109E50005A1E0F4B92000021D150BB1D1A88B968C1
:109E6000FB68180008F0BCFB002309E01723FB186F
:109E70001B78054AD35C022B01D1172300E017237E
:109E80001800BD4606B0B0BD980B0020F41E00209F
:109E9000081F002080B584B000AF0200FB1D1A70BF
:109EA000FB1D1B783B4AD35C022B09D0FB1D1B78A2
:109EB0005A1E394B9200D358180014F01FFE64E06C
:109EC000FB1D1B785A1E344B9200D358180014F017
:109ED00015FEFB1D1B785A1E304B9200D358002BE9
:109EE00009D0FB1D1B78013B2D4A99008A58511C53
:109EF0002B4A9B009950FB1D1B785A1E284B920041
:109F0000D258FB1D1B78591E244B8900CB589A420E
:109F100008D2FB1D1B785A1E224B5200D35ADBB2CB
:109F20000D2B32D1FB1D1B785A1E1E4B5200D35AEB
:109F30001B0A9AB20F217B181A70FB1D1B785A1E40
:109F4000184B5200D25A0E23FB181A707B181B783C
:109F5000002B03D07B181B78012B08D1FB1D1B782D
:109F6000180008F03BFC104B01221A700DE0FB1D9D
:109F70001B78180008F032FC0E23FB181B78180021
:109F800008F02CFC084B01221A70C046BD4604B0F4
:109F900080BDC046980B0020702E00201C1F0020A2
:109FA000081F0020742000202402002080B500AF8C
:109FB0000B4B1B6808221A620A4B1B6808221A62A4
:109FC000094B1B6808221A62084B1B6808221A6298
:109FD000074B1B6808221A62C046BD4680BDC046BA
:109FE0003C290020D0290020642A00208C2B00204E
:109FF000202C002080B58CB002AFFA239A0069496A
:10A0000069486A4B019303230093002310F051FF2A
:10A01000FA239A0066496748674B0193052300932A
:10A02000002310F046FFFA239A0064496448654B08
:10A03000019303230093002310F03BFFFDF760F82A
:10A04000FA239A0060496148614B0193032300930E
:10A05000002310F02EFFFA239A005E495E485F4B02
:10A06000019304230093012310F023FFFA239A00A5
:10A070005B4959485B4B019304230093022310F082
:10A0800018FFFA239A0058495348584B0193042368
:10A090000093032310F00DFFFA239A0054494E4811
:10A0A000544B019304230093042310F002FFFA237E
:10A0B0009A0051494848514B0193042300930523CA
:10A0C00010F0F7FE00237B622423FB180121180007
:10A0D0000FF0C2FB02004A4B5A6000233B62202370
:10A0E000FB18012118000FF0B7FB0200454B5A6026
:10A0F0000023FB611C23FB18012118000FF0ACFBAF
:10A1000002003F4B9A600023BB611823FB1801211A
:10A1100018000FF0A1FB02003A4B9A6000237B610C
:10A120001423FB18012118000FF096FB0200344B9A
:10A13000DA6000233B611023FB18012118000FF0A7
:10A140008BFB02002F4BDA600023FB600C23FB1813
:10A15000012118000FF080FB0200294B1A61002337
:10A16000BB600823FB18012118000FF075FB0200EB
:10A17000244B1A6100237B603B1D012118000FF066
:10A180006BFB02001E4B5A6100233B603B00012128
:10A1900018000FF061FB02001A4B5A61C046BD4621
:10A1A0000AB080BD68D1020809A20008A41F0020DF
:10A1B00074D1020821B40008AC1F002080D102082D
:10A1C000DD450208A81F00208CD10208116100089B
:10A1D000B01F002094D10208E1BF0008901F0020AA
:10A1E000A0D10208941F0020ACD10208981F0020C3
:10A1F000B8D102089C1F0020C4D10208A01F002073
:10A20000B41F0020D01F002080B582B000AF78605E
:10A210003A4B1B78032B2FD043DC012B02D0022BAF
:10A2200015D03EE080231B0235480122190015F0AD
:10A2300018F950200FF0FCFA80231B02304800224E
:10A24000190015F00EF92D4B00221A702AE0802318
:10A250001B022B480122190015F003F964200FF0AE
:10A26000E7FA80231B0226480022190015F0F9F8AE
:10A27000224B00221A7015E080231B022048012285
:10A28000190015F0EEF81E200FF0D2FA80231B0201
:10A290001B480022190015F0E4F8184B00221A7030
:10A2A00000E0C04608F072FFFCF734FE154B1B7847
:10A2B000002B15D005F0CCFB124B00221A70802326
:10A2C0001B020F480122190015F0CBF8C82012F02C
:10A2D000F7FD80231B020A480022190015F0C1F87F
:10A2E000094B1B7801225340DBB2002B02D0074BF5
:10A2F00000221A700FF08CFE8AE7C0468A0B0020FD
:10A3000000040050881F0020FD2E0020FC2E00209D
:10A3100080B500AF064B1B6806491800F5F71AFF19
:10A3200003001A00044B1A60C046BD4680BDC046FB
:10A33000DC020020102700008C1F002080B588B0B0
:10A3400000AF0023FB610023BB6100237B611E4B38
:10A350001B68FA2291001800F5F7FCFE0300013B90
:10A360003B611A4BFB601A4BBB608023DB047B60B4
:10A37000FB681B683A69D31AFB6111F0D3F803003C
:10A38000BB61BB681B687A68134007D0BB690133A7
:10A39000BB61FB681B683A69D31AFB61BA69130099
:10A3A0009B009B185B007B610A4B1B681900F869D6
:10A3B000F5F7D0FE03001A007B699B187B617B696F
:10A3C0001800BD4608B080BDDC02002018E000E0A7
:10A3D00004ED00E08C1F0020F0B589B002AFB96039
:10A3E0007A6019000F23FB18021C1A700E203B180C
:10A3F0000A1C1A7000237B6101007B181A7828233D
:10A4000008201B18DB191B789A4207D17B181B7890
:10A410001A00DD4B022199546723B0E10E23FB188B
:10A420001B78002B06D0282308229B18DB191B78E9
:10A43000002B01D16723A2E10F23FB181B78002B0F
:10A440005BD128250826AB19DB191B780D2B18D1F9
:10A450000E23FB181B7818000BF004FC0400AB194A
:10A46000DB191B7818000BF0FDFB0100BB689BB2E9
:10A470001A002000FFF7B6FC0300172B1BD117238F
:10A480007DE10E23FB181B7818000BF0EBFB04009A
:10A49000282308229B18DB191B7818000BF0E2FB1D
:10A4A0000300012219002000FFF79CFC0300172B7A
:10A4B00001D1172363E17A6813005B019B1A9B00AB
:10A4C0009B18DB001A00FA2399001000F5F742FEF2
:10A4D000030019000E243A19AC48AD4B0093130049
:10A4E000002212F063F903007B613B191B785A1EAE
:10A4F000A84B9200B968D150C1E00F23FB181B781C
:10A50000012B3DD1282308229B18DB191B7818004A
:10A510000BF0A8FB04000E23FB181B7818000BF0AF
:10A52000A1FB0300012219002000FFF75BFC0300E0
:10A53000172B01D1172322E17A6813005B019B1AC4
:10A540009B009B18DB001A00FA2399001000F5F716
:10A5500001FE03001900282408256319DB198B4824
:10A560008B4A0092002212F021F903007B616319EB
:10A57000DB191B785A1E874B9200B968D1507EE0D8
:10A580000F23FB181B78022B77D10E23FB181B78A7
:10A5900018000BF067FB0400282308229B18DB1926
:10A5A0001B7818000BF05EFB03000122190020004D
:10A5B000FFF718FC0300172B01D11723DFE07A689F
:10A5C00013005B019B1A9B009B18DB001A00FA2307
:10A5D00099001000F5F7BEFD030019000E257A1949
:10A5E0006A486B4B00931300002212F0DFF803005F
:10A5F0007B617B191B785A1E664B9200B968D1505B
:10A60000282308229B18DB191B7818000BF02AFB63
:10A6100004007B191B7818000BF024FB03000122B7
:10A6200019002000FFF7DEFB0300172B01D11723D1
:10A63000A5E07A6813005B019B1A9B009B18DB0066
:10A640001A00FA2399001000F5F784FD03001900A1
:10A65000282408256319DB194C484D4A0092002232
:10A6600012F0A4F803007B616319DB191B785A1EF2
:10A67000484B9200B968D15001E067237FE00F2278
:10A68000BB181B78002B14D1BB181B789BB21B0284
:10A6900099B2282308229B18DB191B7818000E2377
:10A6A000FB181B785A1E0B1899B23B4B5200D15223
:10A6B00044E00F22BB181B78012B14D1BB181B7868
:10A6C0009BB21B0299B20E23FB181B78180028239B
:10A6D00008229B18DB191B785A1E0B1899B22E4BB7
:10A6E0005200D1522AE00F243B191B78022B25D1AE
:10A6F0003B191B789BB21B0299B228250823EA1844
:10A70000D3191B7818000E26BB191B785A1E0B187C
:10A7100099B2214B5200D1523B191B789BB21B02BC
:10A7200099B2BB191B7818000823EB18DB191B78AA
:10A730005A1E0B1899B2184B5200D1520F23FB1816
:10A740001B781A04282308215B18DB191B781B02CD
:10A75000D3180E22BA1812789B181A000F4B1A60E1
:10A760007B69002B0AD010F0CFFE0200786901232C
:10A770005B4200930023012112F068F800231800C7
:10A78000BD4607B0F0BDC046980B0020D8D10208E6
:10A79000A1A700081C1F002074200020802000209A
:10A7A00090B585B000AF78600F203B1800221A707A
:10A7B0000E243B1900221A700D217B1800221A70FA
:10A7C0001E4B1B681A0C7B181A701C4B1B681A0A4C
:10A7D0003B191A70194B1A683B181A707B181B78B2
:10A7E000022B16D025DC002B02D0012B07D020E055
:10A7F0000F23FB181B78180007F0F0FF1AE00E2358
:10A80000FB181B78180007F0E9FF0D4B01221A70A6
:10A8100010E00F23FB181B78180007F0DFFF0E2352
:10A82000FB181B78180007F0D9FF054B01221A709E
:10A8300000E0C046C046BD4605B090BD8020002067
:10A8400024020020F0B587B002AF0200FB1D1A7091
:10A850000F26BB1900221A700E257B1900221A70D0
:10A860000D203B1800221A70144B00221A70FB1D99
:10A870001B785A1E0400391811481300DB009B1A7C
:10A88000DB001B5C0B7020003B181B785A1E7B19E9
:10A890000C498A5C1A70FB1D1B789BB23A18117820
:10A8A0007A191078009300230A00002100F0A8F91B
:10A8B000BB191B781800BD4605B0F0BDEA0A0020A0
:10A8C000A00B0020DC17002080B586B002AF02008C
:10A8D000FB1D1A70BB1D0A1C1A700F23FB180022E7
:10A8E0001A70134B00221A70124BFA1D12781A704C
:10A8F000FB1D1B78FF2B0AD1BB1D1B789BB200935D
:10A900000023FF220021002000F07AF909E0BB1D9E
:10A910001B789BB200930023FE220021002000F050
:10A920006FF90F23FB181B781800BD4604B080BDDB
:10A93000EA0A00209400002080B582B000AF020037
:10A94000FB1D1A70FB1D1B78052B2CD89A00184B89
:10A95000D3181B689F46174B18680023022200215A
:10A9600011F01CFD20E0144B186800230222002186
:10A9700011F014FD18E0114B186800230222002189
:10A9800011F00CFD10E00E4B18680023022200218C
:10A9900011F004FD08E00B4B18680023022200218F
:10A9A00011F0FCFC00E0C046C046BD4602B080BDD0
:10A9B000E4D10208901F0020941F0020981F00205F
:10A9C0009C1F0020A01F0020B0B584B002AF05007E
:10A9D0000C0010001900FB1D2A1C1A70BB1D221C44
:10A9E0001A703B1D021C1A80BB1C0A1C1A80184BD3
:10A9F00001221A70174BBA1D12781A70BB1D1B78F2
:10AA0000FF2B0CD13B1D1A88FB1D1978BB1C1B8822
:10AA100000931300FF22002000F0F2F80BE03B1D32
:10AA20001A88FB1D1978BB1C1B8800931300FE229B
:10AA3000002000F0E5F8BB1C1A88074B0021180025
:10AA40001BF060FA00231800BD4602B0B0BDC0463E
:10AA5000EA0A002094000020B80C002090B587B0CE
:10AA600002AF040008001100FB1D221C1A703B1DE0
:10AA7000021C1A80BB1C0A1C1A800F23FB18002220
:10AA80001A700E217B1800221A70FB1D1B78FF2BF9
:10AA90001DD0FB1D1B785A1E08007B1814498A5CC8
:10AAA0001A70144B19783B1D1C88FB1D1A783B1833
:10AAB0001878BB1C1B880093230000F0A1F8BB1C76
:10AAC0001A880D4B002118001BF01CFA09E0094BF5
:10AAD0001878BB1C19883B1D1A880B00FF21FFF753
:10AAE00073FF0F23FB181B781800BD4605B090BDFF
:10AAF000DC17002099000020B80C0020F0B587B0CA
:10AB000000AF04000800BA6019000F257B19221C51
:10AB10001A700C23FB18021C1A80BB1D0A1C1A8019
:10AB20001623FB18BA1D12881A801423FB18002262
:10AB30001A801223FB1800221A8011217B18002290
:10AB40001A701023FB1800221A707B191B785A1EEA
:10AB50007B1828498A5C1A7041E01223FA181623E0
:10AB6000FB181B8899B22E2900D92E231380142498
:10AB70003B191B88BA68D11812257B191A881E4BFD
:10AB800018001BF0DEFA1626BB19B91928003A186E
:10AB9000098812888A1A1A803B1939193A180988C3
:10ABA00012888A181A80BB191B88002B06D0134BF9
:10ABB0001A78802149420A431A7004E00F4B1A7830
:10ABC0007F210A401A701223FB181A880C23FB18E5
:10ABD00019880F23FB181B781800FFF73FFF162377
:10ABE000FB181B88002BB8D100231800BD4607B006
:10ABF000F0BDC046DC170020B80C00203018002043
:10AC0000B0B586B000AF05000C0010001900FB1DA8
:10AC10002A1C1A70BB1D221C1A707B1D021C1A7084
:10AC2000BB1C0A1C1A801023FB1800221A700F2369
:10AC3000FB1800221A700E23FB1800221A7017232B
:10AC4000FB1800221A701623FB1800221A70152315
:10AC5000FB1800221A70FB1D1B78002B03D17B1DF3
:10AC60001B78002B17D0FB1D1B78002B07D17B1DF9
:10AC70001B78FF2B03D07B1D1B78FE2B0BD1FB1DFC
:10AC80001B78002B09D0BB1D1B78002B05D07B1D2A
:10AC90001B78002B01D1672318E2002010F0C6FAC0
:10ACA0000300BB600521002010F0DAFACA4B4822ED
:10ACB0001A70C94B5A225A70FB1D1B78002B0BD1FE
:10ACC000BB1D1B78002B07D17B1D1B78FF2B07D0EA
:10ACD0007B1D1B78FE2B03D0BB1C1B88002B18D1BF
:10ACE00028203B181B885A1E16243B19BB498A5C36
:10ACF0001A703B181B885A1E1300DB009B1ADB00DE
:10AD0000B74A99183B191A78B64B18001BF019FA74
:10AD100029E1BB1D1B78002B03D1BB1DB24A127861
:10AD20001A70B24B1B7801221340DBB2002B05D006
:10AD30001722BB18BA18127801321A70BB1C1B8874
:10AD4000FF2B04D9A94B1A7802210A431A70A24B8F
:10AD50001622BA1812789A709F4B7A1D1278DA7000
:10AD60009D4BBA1D12781A71A04B1A789A4B5A71E2
:10AD700017203B181B780633BA1C1288D1B2964AAA
:10AD8000D1549A4B1B7802221340DBB2002B0ED019
:10AD90003B183A18127801321A70BB1C1B881B0A28
:10ADA0009AB23B181B780633D1B28B4AD15428246F
:10ADB0003B191B882E2B1AD817257B191B78DA1DF7
:10ADC000854BD0188A4B1B881A008A4BD1183B1927
:10ADD0001B881A001BF0B5F93B191B88DAB27B19E6
:10ADE0001B78D318DAB21623FB1804321A70824B80
:10ADF0001B78002B00D1B6E0804B1B78FF2B52D084
:10AE00001223FB1801221A8035E012203B181B8800
:10AE10005A1E7B4B5200D35A1A00784B1B781A41AA
:10AE200013000122134020D015217B187A181278C4
:10AE300001321A7028243B191A887B181B78D31802
:10AE40002C2B10DC1723FB181B78DA1D3B191B88F1
:10AE5000D2187B181B78D318013B3A181288D1B24C
:10AE60005D4AD15401E0692330E112217B181A8830
:10AE70007B1801321A80634B1B781A001223FB18CF
:10AE80001B889342C1D91723FB181B78DA1D28238E
:10AE9000FB181B88D21815217B181B78D3184E4A33
:10AEA00079180978D154554B1B78FF2B16D12821DE
:10AEB0007B181B882C2B11D8534B1B780133DAB22B
:10AEC000514B1A701723FB181B78DA1D7B181B884F
:10AED000D3184D4A1178404AD1542EE0474B1B7885
:10AEE000FF2B01D16923F1E0444B1B78FF2B1ED0CF
:10AEF00028217B181A8815203B181B78D3182B2B78
:10AF000015DC414B1B780133DAB23F4B1A70172323
:10AF1000FB181B78DA1D7B181B88D2183B181B788E
:10AF2000D3180133384A11782B4AD15405E0334BFA
:10AF30001B78FF2B01D06923C8E0304B1B78FF2B17
:10AF400006D11622BB18BA18127801321A700AE01C
:10AF50001523FA1816217B1812781B78D318DAB249
:10AF60007B1802321A701C4B16257A1912789A70C7
:10AF70007B191B7803331A001749244B18001BF068
:10AF8000E0F87B191B789BB203339AB27B191B78CC
:10AF9000DC1C1E4B1100180007F0BEFC03001A0059
:10AFA0000D4B1A55194B3822002118001AF0AAFF30
:10AFB0007B1D1B78FF2B2BD07B1D1B78FE2B27D0F6
:10AFC0007B191B789BB204339AB20349FB1D187896
:10AFD00032230AF0E7FD6AE0500B0020900B0020BE
:10AFE000A00B0020530B00209900002030180020F7
:10AFF0009A200020B80C0020EA0A002094000020CB
:10B000000C18002098000020890B00203C20002014
:10B01000BB1C1B88002B07D1BB1D1B78002B03D149
:10B02000BB1D2C4A12791A70BB1D1B781800F9F74A
:10B03000DFFB1123FB1801221A7033E0264B1B782B
:10B040005A1E264B5200D35A1A0011203B181B7867
:10B05000013B1A411300012213401AD016243B1958
:10B060001B789BB204339AB21A493B1818783223E2
:10B070000AF098FD1A4B1B78002B0AD03B191B785D
:10B080009BB204339AB21349FB1D187832230AF09D
:10B0900089FD0A200AF004F911217B181A787B181F
:10B0A00001321A701123FB181B78052BC6D9BB6817
:10B0B0001900002010F0D4F80A4B1B78002B02D0A6
:10B0C000084B02221A701023FB181B781800BD468B
:10B0D00006B0B0BD500B00209900002010170020D2
:10B0E000E90A002031180020F0B58BB006AF05004A
:10B0F0000C0010001900FB1D2A1C1A70BB1D221C1D
:10B100001A707B1D021C1A703B1D0A1C1A700B243E
:10B110003B1900221A700F23FB1800221A700E230D
:10B12000FB1800221A700D23FB1800221A70B04B76
:10B130001B78BA1D12789A4248D0FB6ADAB2AD4B3E
:10B140001A70FB6A1B0ADAB2AA4B5A70FB6A1B0C14
:10B15000DAB2A84B9A70FB6A1B0EDAB2A54BDA7012
:10B160003B6BDAB2A34B1A713B6B1B0ADAB2A14BF1
:10B170005A713B6B1B0CDAB29E4B9A713B6B1B0EE8
:10B18000DAB29C4BDA719B4A202308215B18DB1949
:10B190001B781372974BFA1D12785A72954B3A1D11
:10B1A00012789A72934B7A1D1278DA722C235B18FC
:10B1B000DB191A788F4B1A73BB1D1B780D221C21CB
:10B1C0001800FFF74BFC3B191B780CE10C23FB1814
:10B1D00000221A70B6E03B1D1A78BB1D1B781100C7
:10B1E0001800F9F7D3FC0C217B181B78824AD35C3A
:10B1F000002B00D1A0E07B181B7801337E4AD35C82
:10B20000002B10D07B181B787B4AD05C7B181B78F6
:10B210000133794AD35C0E22BC181900F9F7B6FC49
:10B22000030023700EE00C23FB181B78724AD25CDB
:10B230000E23FC18BB1D1B7819001000F9F7A6FCA3
:10B24000030023703B1D1A78BB1D1B7811001800EA
:10B25000F9F79CFC0C23FB181B78674AD35C3A1D5A
:10B2600012789A4205D10D23FB187A1D12781A70B4
:10B2700010E00C217B181B785F4AD05C7B181B7890
:10B28000013B5D4AD35C0D22BC181900F9F77EFC26
:10B2900003002370FB6ADAB2564B1A70FB6A1B0A72
:10B2A000DAB2544B5A70FB6A1B0CDAB2514B9A70EB
:10B2B000FB6A1B0EDAB24F4BDA703B6BDAB24D4BC6
:10B2C0001A713B6B1B0ADAB24A4B5A713B6B1B0C6F
:10B2D000DAB2484B9A713B6B1B0EDAB2454BDA710E
:10B2E000444A202308215B18DB191B781372414B59
:10B2F0000E22BA1812785A723E4B0D22BA181278E2
:10B300009A722C235B18DB191A783A4BDA723B1DC0
:10B310001A78BB1D1B7811001800F9F737FC0C23B5
:10B32000FB181B78344AD35C0C221B211800FFF752
:10B3300095FB0A200EF07CFA0C217B181A787B18FA
:10B3400001321A700C23FB181B78012B00D842E73E
:10B35000FB1D1B780D2B43D0BA1D3B1D12781B78AB
:10B360009A4205D10F23FB187A1D12781A700BE050
:10B370000F23FC183B1D1A78BB1D1B781100180009
:10B38000F9F704FC03002370FB1D1C783A6BF96A83
:10B39000202508202B18DB1918780F26BB191B78DD
:10B3A00000932300FFF718F82C2308201B18DB1943
:10B3B0001B78002B14D0FB1D1C783A6BF96A2B18F4
:10B3C000DB191878002304930023039300230293CE
:10B3D00000230193BB191B7800932300F8F71CFF8F
:10B3E0000B23FB181B781800BD4605B0F0BDC04606
:10B3F00099000020B80C00209820002080B500AFF4
:10B40000BFF34F8FC046044B044ADA60BFF34F8F3F
:10B41000C046C046FDE7C04600ED00E00400FA0566
:10B42000F0B58BB000AF78602723FB1800221A70AC
:10B430001023FB18180005231A0000211AF062FDE2
:10B440000823FB18180005231A0000211AF05AFDE2
:10B450001A23FB1800221A7001235B4219000120F5
:10B4600010F05AFFD54B00221A7000F0A8FD1923E6
:10B47000FB18D24A12781A70D04B1B781A00D04BA6
:10B480009200D3581B68DBB2CC4A127811004022DC
:10B490005242D31ADAB2CB4B5A54C84B1B781A001B
:10B4A000C84B9A5CC54B1B781900C74B5B5C9A4232
:10B4B00000D125E2C14B1A7818243B1901321A70C9
:10B4C0003B191B785A1EBD4B1B781900BE4B5B5CA9
:10B4D0001800BE4913005B009B189B01CB181B5C36
:10B4E0000D2B4BD13B191B78B94AD35C002B45D1AE
:10B4F00000233B620DE0B64A3B6AD3181B78032B4E
:10B5000004D1B34A3B6AD31800221A703B6A013354
:10B510003B623B6A052BEEDD18203B181B78AC4ADA
:10B520000321D154AB4B3A1812781A70AA4B3A182F
:10B5300012781A703B181B785A1EA04B1B78190002
:10B54000A14B5B5C1800A14913005B009B189B0199
:10B55000CB181A5CA14B1A70A14B18680023022269
:10B56000002110F01BFF9F4B1B78012B02D19E4B3B
:10B5700001221A709B4B01221A70ABE118217B1833
:10B580001B78934AD35C032B15D17B181B785A1E6A
:10B590008A4B1B7819008C4B5B5C18008B4913009D
:10B5A0005B009B189B01CB181A5C8C4B1A708E4B5E
:10B5B00001221A708EE118243B191B785A1E7F4B0A
:10B5C0001B781900804B5B5C1800804913005B00FE
:10B5D0009B189B01CB181B5C482B0BD13B191B788C
:10B5E0007B4AD35C002B05D13B191B78784A072195
:10B5F000D1546FE118243B191B785A1E6F4B1B78EE
:10B600001900714B5B5C1800704913005B009B18BC
:10B610009B01CB181B5C5A2B0BD13B191B786C4A36
:10B62000D35C072B05D13B191B78694A0821D154FB
:10B6300050E118243B191B785A1E604B1B781900E7
:10B64000614B5B5C1800614913005B009B189B0118
:10B65000CB181B5C5A2B0BD03B191B785C4AD35C74
:10B66000072B05D13B191B78594A0021D15431E1F0
:10B670001826BB191B78564AD35C082B4CD1BB1932
:10B680001B78534A0121D154BB191B785A1E4B4BCE
:10B690001B7819004C4B5B5C1D0019243B19197871
:10B6A0003B191B785148C35C1C00484813005B00E1
:10B6B0009B189B01C3185D5D4D482300DB001B1BDD
:10B6C000DB000A0092005218D100891ACA0011004A
:10B6D0005B18C31802332A1C1A7019243B191B78F3
:10B6E0000822BA180321D154BB191B785A1E334BB8
:10B6F0001B781900344B5B5C1800344913005B0065
:10B700009B189B01CB181A5C3B191B780132D1B2F4
:10B710001022BA18D154DDE018217B181B782C4A6E
:10B72000D35C012B00D0D5E019203B181B781022E8
:10B73000BA18D35C012B5DD97B181B785A1E1F4B9E
:10B740001B781900204B5B5C1E003B181978050024
:10B750003B181B782548C35C1C007B191B78082507
:10B760007819C35C1D00194813005B009B189B01EE
:10B77000C3189E5D1E482300DB001B1BDB000A0074
:10B7800092005218D100891ACA0011005B18C31820
:10B79000321C5A5519203B181B7808243A19D25CE0
:10B7A0000132D1B23A19D1543B181B7810203A1803
:10B7B000D25C013AD1B23A18D1548BE0CE260020A7
:10B7C000BC170020C8260020C0260020341B002003
:10B7D000980B0020880B002035180020CD26002073
:10B7E000B01F00202C2100208E0B002038210020CB
:10B7F000402100201823FB181B785A1EE04B1B78B1
:10B800001900E04B5B5C1E0019257B1919787B1928
:10B810001B78DD48C35C1C007B191B780820381896
:10B82000C35C1D00D94813005B009B189B01C31823
:10B830009E5DD7482300DB001B1BDB000A00920043
:10B840005218D100891ACA0011005B18C318321CA3
:10B850005A5519203B181B7808243A19D25C01323A
:10B86000D1B23A19D1543B181B7810243A19D25C42
:10B87000013AD1B23A19D1543B181B78C24AD25C72
:10B880000132D1B2C04AD1543B181B78BE4AD35CB6
:10B89000052B04D13B181B78BB4A0021D154BD4B6A
:10B8A0001B781900BC4B1822BA1812785A54B94B9D
:10B8B0001B780133DAB2B74B1A70B64B1B78052BE5
:10B8C00002D1B44B00221A701823FB181B78B34A1C
:10B8D0000021D154AA4B1B78AA4AD25C0132D1B2C2
:10B8E000A84AD154A64B1B781A00A64B9B5CC02BD0
:10B8F00018D1A34B1B781A00A24B0021995411E0D8
:10B900009F4B1B781A00A64B9A5C9D4B1B78190025
:10B910009C4B5B5C9A4205D1994B1B780133DAB2A0
:10B92000974B1A709B4B1A789E4B1B789A4200D10A
:10B9300045E39C4B1B78190018203B18964A525C33
:10B940001A7019257B193A181278013A1A707B1966
:10B9500019787B191B78944AD35C1A008C48130021
:10B96000DB009B1ADB000A0092005218D100891AF2
:10B97000CA0011005B1848221A547B1919787B19E8
:10B980001B78894AD35C1A0081481300DB009B1A9C
:10B99000DB000A0092005218D100891ACA00110077
:10B9A0005B18C31801335A221A707B1919787B1956
:10B9B0001B787D4AD35C1A0017243819744C130085
:10B9C000DB009B1ADB000A0092005218D100891A92
:10B9D000CA0011005B18E31802331B7803707B194F
:10B9E00019787B191B78704AD35C1A001626B8198F
:10B9F000674C1300DB009B1ADB000A009200521810
:10BA0000D100891ACA0011005B18E31803331B78B0
:10BA10000370664B1B78BA1912789A4263D0BB192F
:10BA20001B78002B5FD0BB191B78FF2B5BD0BB1999
:10BA30001B78FE2B57D07B191B785D4A17243919C8
:10BA40000978D1547B191A781300DB009B1ADB00AC
:10BA5000584A98187B1919787B191B78524AD35C7D
:10BA60001A001300DB009B1ADB000A009200521838
:10BA7000D100891ACA0011005B18DA1C444BD11896
:10BA80003B191B781A001AF05CFB18203B181B7836
:10BA90005A1E48491300DB009B1ADB00CB18023307
:10BAA0001B789B08DBB21A1C01231340DAB2424B0D
:10BAB00001210A4090001A7804218A43111C021CBB
:10BAC0000A431A703C4B1B7804221340DBB2002B54
:10BAD00002D03A4B03221A701823FB181B78180067
:10BAE000FEF7B0FE4AE219243B1919783B191B787E
:10BAF0002D4AD35C1A0026481300DB009B1ADB009A
:10BB00000A0092005218D100891ACA0011005B186D
:10BB10001A5C2B4B1A703B1919783B191B78224A77
:10BB2000D35C1A001A481300DB009B1ADB000A00E2
:10BB300092005218D100891ACA0011005B18C3186C
:10BB400001331A781E4B5A703B1919783B191B7830
:10BB5000154AD35C1A000E481300DB009B1ADB0069
:10BB60000A0092005218D100891ACA0011005B180D
:10BB7000C31802331A78124B9A700023FB6141E01C
:10BB8000CE260020C026002038210020341B0020B3
:10BB900040210020BE260020B8260020980B00205F
:10BBA000C8260020BD26002030210020990000205A
:10BBB000900B0020A00B0020301800208A0B0020E2
:10BBC000F42000201922BB181978BB181B78DE4A14
:10BBD000D35C1A00FB69DC1CFB69D81CDB4D13002D
:10BBE000DB009B1ADB000A0092005218D100891A70
:10BBF000CA0011005B18EB181A5DD54B1A54FB698B
:10BC00000133FB611726BB191B78FA699A42D9DB0D
:10BC1000BB191B789BB203339AB21523FC18CC4B8B
:10BC20001100180006F078FE03002370C94B1B8832
:10BC300001339AB2C74B1A8019257B1919787B19E1
:10BC40001B78C14AD35C1A00BB191B78D81CBF4CA7
:10BC50001300DB009B1ADB000A0092005218D1008F
:10BC6000891ACA0011005B18E3181B5C1522BA1868
:10BC700012789A4200D07BE1B74B1B8801339AB20D
:10BC8000B54B1A807B191B78B44A3400B91909786E
:10BC9000D1547B191A781300DB009B1ADB00B04AE1
:10BCA00098187B1919787B191B78A74AD35C1A005E
:10BCB0001300DB009B1ADB000A0092005218D1002F
:10BCC000891ACA0011005B18DA1CA04BD1183B1965
:10BCD0001B781A001AF035FA2723FB1800221A7075
:10BCE0001622BB181B78FF2B04D0BB181B78FE2B29
:10BCF00000D01CE11623FB181B78FF2B42D118241F
:10BD00003B191B785A1E3B191B78013B9349CB5CAE
:10BD1000591E93481300DB009B1ADB00C3185A5CC2
:10BD2000904B1B78DBB29A422CD03B191B785A1EE1
:10BD30003B191B78013B8949CB5C591E884813008D
:10BD4000DB009B1ADB00C3185A5C864B111C197070
:10BD5000854B1A703B191B781900FF20FEF7B4FDC4
:10BD60003B191B785A1E3B191B78013B7B49CB5C66
:10BD7000591E7B481300DB009B1ADB00C31800220E
:10BD80005A541EE01623FB181B78FF2B19D11821DB
:10BD90007B181B785A1E7B181B78013B6F49CB5CC4
:10BDA000591E6F481300DB009B1ADB00C3185A5C56
:10BDB0006C4B1B78DBB29A4203D12723FB1803227A
:10BDC0001A701623FB181B78FE2B00D090E0182465
:10BDD0003B191B785A1E3B191B78013B5F49CB5C12
:10BDE000591E5F481300DB009B1ADB00C3185A5C26
:10BDF0005C4B1B78DBB29A4200D179E03B191B788F
:10BE00005A1E3B191B78013B5449CB5C591E5448C0
:10BE10001300DB009B1ADB00C3185A5C514B111C4A
:10BE20001970514B1A703B191B781900FE20FEF750
:10BE30004BFD3B191B785A1E3B191B78013B4749A8
:10BE4000CB5C591E46481300DB009B1ADB00C3186D
:10BE500000225A543B191B785A1E3B191B78013B90
:10BE60003E49CB5C981E1A23F9183D4C1300DB00A9
:10BE70009B1ADB00E3181B5C0B702723FB18662260
:10BE80001A701B23FB1800221A7028E018217B1857
:10BE90001B785A1E7B181B78013B3049CB5C991EDE
:10BEA0001A23FB181B78C91A1B23FB181B78C91807
:10BEB0002B481300DB009B1ADB00C3185A5C2B4B8A
:10BEC0001B789A4205D12723FB1800221A70C0461E
:10BED0002DE01B217B181A787B1801321A701B2366
:10BEE000FA181A23FB1812781B789A42CED31EE058
:10BEF0001623FB181B78FE2B19D118217B181B78F1
:10BF00005A1E7B181B78013B1449CB5C591E144800
:10BF10001300DB009B1ADB00C3185A5C114B1B7823
:10BF2000DBB29A4203D12723FB1803221A7027237E
:10BF3000FB181B78002B21D11823FB181B78180045
:10BF4000FEF7FAFC1AE0C046302100204021002014
:10BF5000F4200020D4260020D0260020900B0020C2
:10BF6000A00B0020BF260020890B00209900002094
:10BF7000174B1B8801339AB2154B1A8019203B18B6
:10BF80001B78144AD25C0132D1B2124AD1543B1808
:10BF90001B78104AD35C052B04D13B181B780D4A43
:10BFA0000021D1540C4B1B780133DAB20A4B1A70C2
:10BFB000094B1B78052B02D1074B00221A70074B47
:10BFC0001B78042B01D8FFF752FAFFF745FAC04659
:10BFD000D226002030210020BD260020CE260020C1
:10BFE000B0B586B000AF78601723FB1800221A7036
:10BFF0001123FB1800221A707A681023FB181A709C
:10C000001723FB1800221A7001235B42190001203C
:10C0100010F082F910243B191B78013BE34AD35CF2
:10C02000002B00D104E33B191B785A1E0F23F9188B
:10C03000DF481300DB009B1ADB001B5C0B703B1915
:10C040001B785A1E1623F918D9481300DB009B1AD7
:10C05000DB00C31801331B780B7015257B190022F8
:10C060001A703B191B785A1ED249D1481300DB00C5
:10C070009B1ADB00C31802331B780B70CD4B1B7867
:10C0800001221340DBB2002B08D01123FB18012240
:10C090001A707B197A19127801321A70C54B1B7805
:10C0A00002221340DBB2002B29D010257B191B780C
:10C0B0005A1E15243B191B78191DBD481300DB00BF
:10C0C0009B1ADB00C3185B5C1B0299B27B191B78BF
:10C0D0005A1E25003B191B78D81CB54C1300DB00F9
:10C0E0009B1ADB00E3181B5C1A001223FB188A184A
:10C0F0001A807B197A19127801321A7011E0102314
:10C10000FB181B785A1E1523FB181B78D91CA8484E
:10C110001300DB009B1ADB00C3185A5C1223FB18C8
:10C120001A80A44B1B7808221340DBB2002B0CD0E2
:10C13000A04B1A7808218A431A701623FB181B7823
:10C1400000222C211800FEF789FC1522BB18BA1812
:10C15000127804321A701723FB181B78002B00D0BA
:10C1600066E21223FB181B88312B0ADC002B00DA55
:10C1700049E2312B00D946E29A008F4BD3181B6855
:10C180009F468E4A93425CD03DE21723FC1815234C
:10C19000FB181A781023FB1819781623FB181B7844
:10C1A000180000F0ADFA0300237041E21723FC18D9
:10C1B0001523FB181A781023FB1819781623FB187F
:10C1C0001B78180000F0D6FA0300237030E28023B9
:10C1D0001B027B480122190013F043F928E2802357
:10C1E0001B0277480022190013F03BF920E280235C
:10C1F0001B02734A1900100013F050F918E21723BC
:10C20000FC181523FB181A781023FB18197816232D
:10C21000FB181B78180000F017FB0300237007E2DF
:10C220001723FC181523FB181A781023FB1819780C
:10C230001623FB181B78180000F08EFB03002370F8
:10C24000F6E11723FC181523FB181A781023FB18A6
:10C2500019781623FB181B78180000F0E1FB030087
:10C260002370E5E11723FC181523FB181A78102317
:10C27000FB1819781623FB181B78180000F0C4FD72
:10C2800003002370D4E11723FC181523FB181A7838
:10C290001023FB1819781623FB181B78180000F0E0
:10C2A00019FE03002370C3E11723FC181523FB18A4
:10C2B0001A781023FB1819781623FB181B7818001E
:10C2C00000F07EFE03002370B2E11723FC18162352
:10C2D000FB181B78180009F0CFFD03002370A7E1BD
:10C2E0001723FC181523FB181A781023FB1819784C
:10C2F0001623FB181B78180000F0F8FE03002370CB
:10C3000096E11723FC181523FB181A781023FB1845
:10C3100019781623FB181B78180000F04FFF030054
:10C32000237085E11723FC181523FB181A781023B6
:10C33000FB1819781623FB181B78180001F006F873
:10C340000300237074E11723FC181523FB181A78D7
:10C350001023FB1819781623FB181B78180001F01E
:10C360001BF80300237063E11723FC181523FB1847
:10C370001A781023FB1819781623FB181B7818005D
:10C3800001F030F80300237052E11723FC18152345
:10C39000FB181A781023FB1819781623FB181B7842
:10C3A000180001F0F3F80300237041E1900B002026
:10C3B000A00B00203018002004D20208B2050000B3
:10C3C000000400501723FC181523FB181A781023BB
:10C3D000FB1819781623FB181B78180001F060F978
:10C3E0000300237024E11723FC181523FB181A7887
:10C3F0001023FB1819781623FB181B78180001F07E
:10C4000073F90300237013E11723FC181523FB189D
:10C410001A781023FB1819781623FB181B781800BC
:10C4200001F0ACF90300237002E11723FC18152377
:10C43000FB181A781023FB1819781623FB181B78A1
:10C44000180001F03DFC03002370F1E01723FC18F5
:10C450001523FB181A781023FB1819781623FB18DC
:10C460001B78180001F0D2FC03002370E0E01723D2
:10C47000FC181523FB181A781023FB1819781623BB
:10C48000FB181B78180001F01BFF03002370CFE09E
:10C490001723FC181523FB181A781023FB1819789A
:10C4A0001623FB181B78180002F0B8F8030023705D
:10C4B000BEE01723FC181523FB181A781023FB186D
:10C4C00019781623FB181B78180002F05DFD030095
:10C4D0002370ADE01723FC181523FB181A781023DE
:10C4E000FB1819781623FB181B78180002F078FD4A
:10C4F000030023709CE01723FC181523FB181A78FF
:10C500001023FB1819781623FB181B78180002F06B
:10C51000BBFD030023708BE01723FC181523FB18C9
:10C520001A781023FB1819781623FB181B781800AB
:10C5300002F010FE030023707AE01723FC18152385
:10C54000FB181A781023FB1819781623FB181B7890
:10C55000180002F023FE0300237069E01723FC1883
:10C560001523FB181A781023FB1819781623FB18CB
:10C570001B78180002F030FE0300237058E01723E8
:10C58000FC181523FB181A781023FB1819781623AA
:10C59000FB181B78180002F03DFE0300237047E0F3
:10C5A0001723FC181523FB181A781023FB18197889
:10C5B0001623FB181B78180003F00EF903002370F4
:10C5C00036E01723FC181523FB181A781023FB18E4
:10C5D00019781623FB181B78180003F037F90300AD
:10C5E000237025E01723FC181523FB181A78102355
:10C5F000FB1819781623FB181B78180003F060F954
:10C600000300237014E01723FC181523FB181D7872
:10C610001223FB181A881023FB1819781623FB180D
:10C6200018782B0003F0BEF90300237000E0C04629
:10C6300017243B191B78012B0AD11623FB181B78F2
:10C64000002200211800FEF709FA3B1900221A7097
:10C6500010217B181B785A1E1300DB009B1ADB008D
:10C66000154A98180C007B181B78013B134AD35CC1
:10C670001A00002119F046FC3B191B78013B0F4AB8
:10C680000021D1543B191B780D4AD35C022B10D0EA
:10C690003B191B780A4AD35C032B0AD03B191B7841
:10C6A000074AD35C042B04D03B191B78044A0021B1
:10C6B000D1540DF0ADFCA3E4A00B0020900B0020A2
:10C6C000980B0020B0B584B000AF05000C0010003E
:10C6D0001900BB1D2A1C1A807B1D221C1A703B1DD1
:10C6E000021C1A70FB1C0A1C1A700F217B180122F5
:10C6F0001A707B181B781800BD4604B0B0BD00004E
:10C7000090B585B000AF040008001100FB1D221C8D
:10C710001A70BB1D021C1A707B1D0A1C1A700F2395
:10C72000FB1800221A70114B01221A70104B1B7853
:10C7300060221340DBB2602B06D00D4B1B786022C9
:10C740001340DBB2202B0AD10F23FC18FB1D1B78F2
:10C75000002202211800FEF781F9030023700F2345
:10C76000FB181B781800BD4605B090BD8A0B002051
:10C770003018002090B587B002AF04000800110007
:10C78000FB1D221C1A70BB1D021C1A707B1D0A1C8B
:10C790001A700F23FB1800221A70244B1B78002BF1
:10C7A0003AD1234B1B781900224A0B009B005B18DF
:10C7B0005B009B5C002B07D1FB1D1A781E491F4BA9
:10C7C000180019F01FFB0EE0FB1D1C78FB1D1A78EA
:10C7D00013009B009B185B00164A9B1818491748CA
:10C7E000220019F00FFB114B1C78144B1800F3F7C3
:10C7F00095FC03009AB2114901235B420093322356
:10C80000200009F079F9031E06D00F217B18FF22C2
:10C810001A707B181B7805E00A4B00221A700F2350
:10C82000FB181B781800BD4605B090BD880B002092
:10C8300099000020E8170020CCD20208A420002094
:10C84000E0D2020831180020B0B586B002AF040073
:10C8500008001100FB1D221C1A70BB1D021C1A705F
:10C860007B1D0A1C1A700F257B1900221A70FB1DF4
:10C870001B789BB21B0299B2BB1D1B785A1E7B1DF5
:10C880001B78981C2F4C1300DB009B1ADB00E3186D
:10C890001B5C1800BB1D1B785A1E0B1899B22A4B43
:10C8A0009200D152BB1D1B785A1E7B1D197825485A
:10C8B0001300DB009B1ADB00C3185B5C1B0299B200
:10C8C000BB1D1B785A1E7B1D1B78581C1D4C13006A
:10C8D000DB009B1ADB00E3181B5C1A00BB1D1B78F6
:10C8E000013B8A1891B2184A9B00D31802330A1CE4
:10C8F0001A80164B02221A70154B1B881B0A9BB21A
:10C90000DAB2144B1A70124B1B88DAB2114B5A7000
:10C91000104BBA1D12789A7002200CF089FF7C1916
:10C92000BB1D1878032300930B2300220021FEF780
:10C9300067F9030023707B191B781800BD4604B00B
:10C94000B0BDC046A00B0020E81600208A0B0020D6
:10C9500096000020B80C0020B0B584B000AF0400F1
:10C9600008001100FB1D221C1A70BB1D021C1A704E
:10C970007B1D0A1C1A700F257B1900221A70FB1DE3
:10C980001B789BB21B0299B2BB1D1B785A1E7B1DE4
:10C990001B78981C1F4C1300DB009B1ADB00E3186C
:10C9A0001B5C1800BB1D1B785A1E0B1899B21A4B42
:10C9B0009200D152BB1D1B785A1E7B1D1978154859
:10C9C0001300DB009B1ADB00C3185B5C1B0299B2EF
:10C9D000BB1D1B785A1E7B1D1B78581C0D4C130069
:10C9E000DB009B1ADB00E3181B5C1A00BB1D1B78E5
:10C9F000013B8A1891B2084A9B00D31802330A1CE3
:10CA00001A80064B00221A707B191B781800BD464D
:10CA100004B0B0BDA00B0020E816002031180020A3
:10CA200090B585B000AF040008001100FB1D221C6A
:10CA30001A70BB1D021C1A707B1D0A1C1A700F2471
:10CA40003B1900221A70BB1D1B785A1E7B1D1978DA
:10CA5000EB481300DB009B1ADB00C3185A5CE94B60
:10CA60001A70BB1D1B785A1E7B1D1B78591CE4488D
:10CA70001300DB009B1ADB00C3185A5CE14B5A70B1
:10CA8000BB1D1B785A1E7B1D1B78991CDC481300AC
:10CA9000DB009B1ADB00C3185A5CDA4B9A70BB1D93
:10CAA0001B785A1E7B1D1B78D91CD5481300DB0050
:10CAB0009B1ADB00C3185A5CD24BDA70BB1D1B7883
:10CAC0005A1E7B1D1B78191DCD481300DB009B1AD5
:10CAD000DB00C3185A5CCB4B1A71BB1D1B785A1E66
:10CAE0007B1D1B78591DC6481300DB009B1ADB0019
:10CAF000C3185A5CC34B5A71BB1D1B785A1E7B1D51
:10CB00001B78991DBE481300DB009B1ADB00C3187D
:10CB10005A5CBC4B9A71BB1D1B785A1E7B1D1B783F
:10CB2000D91DB7481300DB009B1ADB00C3185A5C01
:10CB3000B44BDA71BB1D1B785A1E7B1D1B78083362
:10CB40001900AF481300DB009B1ADB00C3185A5CC6
:10CB5000AC4B1A72BB1D1B785A1E7B1D1B78093308
:10CB60001900A7481300DB009B1ADB00C3185A5CAE
:10CB7000A44B5A72BB1D1B785A1E7B1D1B780A33AF
:10CB800019009F481300DB009B1ADB00C3185A5C96
:10CB90009C4B9A72BB1D1B785A1E7B1D1B780B3356
:10CBA000190097481300DB009B1ADB00C3185A5C7E
:10CBB000944BDA72BB1D1B785A1E7B1D1B780C33FD
:10CBC00019008F481300DB009B1ADB00C3185A5C66
:10CBD0008C4B1A73BB1D1B785A1E7B1D1B780D33A3
:10CBE000190087481300DB009B1ADB00C3185A5C4E
:10CBF000844B5A73BB1D1B785A1E7B1D1B780E334A
:10CC000019007F481300DB009B1ADB00C3185A5C35
:10CC10007C4B9A73BB1D1B785A1E7B1D1B780F33F0
:10CC2000190077481300DB009B1ADB00C3185A5C1D
:10CC3000744BDA73BB1D1B785A1E7B1D1B78103397
:10CC400019006F481300DB009B1ADB00C3185A5C05
:10CC50006C4B1A74BB1D1B785A1E7B1D1B7811333D
:10CC6000190067481300DB009B1ADB00C3185A5CED
:10CC7000644B5A74BB1D1B785A1E7B1D1B781233E4
:10CC800019005F481300DB009B1ADB00C3185A5CD5
:10CC90005C4B9A74BB1D1B785A1E7B1D1B7813338B
:10CCA000190057481300DB009B1ADB00C3185A5CBD
:10CCB000544BDA74BB1D1B785A1E7B1D1B78143332
:10CCC00019004F481300DB009B1ADB00C3185A5CA5
:10CCD0004C4B1A75BB1D1B785A1E7B1D1B781533D8
:10CCE000190047481300DB009B1ADB00C3185A5C8D
:10CCF000444B5A75BB1D1B785A1E7B1D1B7816337F
:10CD000019003F481300DB009B1ADB00C3185A5C74
:10CD10003C4B9A75BB1D1B785A1E7B1D1B78173325
:10CD2000190037481300DB009B1ADB00C3185A5C5C
:10CD3000344BDA75BB1D1B785A1E7B1D1B781833CC
:10CD400019002F481300DB009B1ADB00C3185A5C44
:10CD50002C4B1A76BB1D1B785A1E7B1D1B78193372
:10CD6000190027481300DB009B1ADB00C3185A5C2C
:10CD7000244B5A76BB1D1B785A1E7B1D1B781A3319
:10CD800019001F481300DB009B1ADB00C3185A5C14
:10CD90001C4B9A76BB1D1B785A1E7B1D1B781B33C0
:10CDA000190017481300DB009B1ADB00C3185A5CFC
:10CDB000144BDA76BB1D1B785A1E7B1D1B781C3367
:10CDC00019000F481300DB009B1ADB00C3185A5CE4
:10CDD0000C4B1A77BB1D1B785A1E7B1D1B781D330D
:10CDE000190007481300DB009B1ADB00C3185A5CCC
:10CDF000044B5A773B191B781800BD4605B090BD0F
:10CE0000A00B0020EC260020B0B584B000AF0400D9
:10CE100008001100FB1D221C1A70BB1D021C1A7099
:10CE20007B1D0A1C1A700E23FB1800221A700F2398
:10CE3000FB1801221A7026E00F257A19BB1D127803
:10CE40001B789A4219D07B191B78180008F00AFF4A
:10CE50000400BB1D1B785A1E7B1D19787B191B789B
:10CE6000CB18591E1A481300DB009B1ADB00C318AD
:10CE70005B5C1900200008F01FFF0F217B181A7857
:10CE80007B1801321A700F23FB181B78052BD3D99E
:10CE9000BB1D1B78180008F0E5FE0400BB1D1B78C5
:10CEA0005A1E7B1D1B780A33190009481300DB004A
:10CEB0009B1ADB00C3185B5C1900200008F0FCFE25
:10CEC0000E23FB181B781800BD4604B0B0BDC04649
:10CED000A00B002090B587B002AF0400080011003D
:10CEE000FB1D221C1A70BB1D021C1A707B1D0A1C24
:10CEF0001A700F23FB1800221A70BB1D1B785A1ED4
:10CF00007B1D19782B481300DB009B1ADB00C3182C
:10CF10005B5C002B0FD1BB1D1B785A1E7B1D1B7841
:10CF2000591C24481300DB009B1ADB00C3185A5C11
:10CF3000214B1A7037E0BB1D1B785A1E7B1D1978D8
:10CF40001C481300DB009B1ADB00C3185B5C012B41
:10CF500029D11A4B00221A70BB1D1B785A1E7B1D4B
:10CF60001B78591C13481300DB009B1ADB00C31805
:10CF70005A5C124B5A70BB1D1B785A1E7B1D1B78C6
:10CF8000991C0C481300DB009B1ADB00C318585C8B
:10CF90000F23FC1803230093102300220021FDF728
:10CFA0002FFE030023700F23FB181B781800BD46CB
:10CFB00005B090BDA00B002099000020B80C002007
:10CFC00090B585B000AF040008001100FB1D221CC5
:10CFD0001A70BB1D021C1A707B1D0A1C1A700F23CD
:10CFE000FB1800221A70BB1D1B78013B374AD15C2D
:10CFF0000E243B197A1D12788A1A1A70344B1B784A
:10D000007F229343DBB2002B1FD0324B1B881A00C8
:10D01000314BD018BB1D1B785A1E7B1D197813008D
:10D02000DB009B1ADB005A182C4BD1183B191B78DC
:10D030001A0019F086F83B191B789AB2254B1B8809
:10D04000D3189AB2234B1A8038E0224B1B881A005F
:10D05000214BD018BB1D1B785A1E7B1D197813005D
:10D06000DB009B1ADB005A181C4BD1180E243B190D
:10D070001B781A0019F065F83B191B789AB2154B0A
:10D080001B88D3189AB2134B1A80124B1B88162197
:10D090001800F3F75FF803009BB2DAB2104B1A7076
:10D0A0000C4B1B881A000C490E4B180019F049F85C
:10D0B000084B00221A800C4B02221A700F23FB1817
:10D0C0001B781800BD4605B090BDC046900B0020EF
:10D0D000301800205228002034270020A00B002008
:10D0E00098000020280200208A0B0020B0B584B0F0
:10D0F00000AF040008001100FB1D221C1A70BB1DAC
:10D10000021C1A707B1D0A1C1A700E23FB180022C9
:10D110001A70BB1D1B78013B244AD15C0D23FB1800
:10D120007A1D12788A1A1A700F23FB1800221A70BF
:10D130002AE0FB1D1B785A1E1D4B5200D35A19B210
:10D14000BB1D1B785A1E7B1D18780F257B191B7879
:10D15000C018184C1300DB009B1ADB00E3181B5CA3
:10D16000013B802212021A4113001BB20B4319B279
:10D17000FB1D1B785A1E89B20D4B5200D1527B19F0
:10D180001A787B1901321A700F23FA180D23FB1835
:10D1900012781B789A42CCD3074B00221A700E23C8
:10D1A000FB181B781800BD4604B0B0BD900B0020E2
:10D1B00010180020A00B002031180020B0B586B058
:10D1C00000AF040008001100FB1D221C1A70BB1DDB
:10D1D000021C1A707B1D0A1C1A701523FB180022F2
:10D1E0001A70BB1D1B78013B564AD15C1423FB18F7
:10D1F0007A1D12788A1A1A7000233B610F23FB18DC
:10D2000000221A70BB1D1B785A1E7B1D19784E48D0
:10D210001300DB009B1ADB00C3185B5C1906BB1D07
:10D220001B785A1E7B1D1B78581C474C1300DB00D3
:10D230009B1ADB00E3181B5C1B04C918BB1D1B7881
:10D240005A1E7B1D1B78981C3F4C1300DB009B1A59
:10D25000DB00E3181B5C1B02C918BB1D1B785A1EA0
:10D260007B1D1B78D81C384C1300DB009B1ADB009D
:10D27000E3181B5CCB183B61BB1D1B785A1E7B1D42
:10D280001B78191D30481300DB009B1ADB00C31804
:10D290005B5CFF2B18D11723FB1801221A700DE0DD
:10D2A0003A6917243B191B781100180008F0BAFCE2
:10D2B00021007B181A787B1801321A701723FB188B
:10D2C0001B78052BECD935E01623FB1800221A70C9
:10D2D00028E0BB1D1B785A1E7B1D1B78191D1623C9
:10D2E000FB181B78C8180F257919174C1300DB00A1
:10D2F0009B1ADB00E3181B5C0B707B191B78002B5F
:10D300000AD07B191B78052B06D83A697B191B7844
:10D310001100180008F086FC16217B181A787B187B
:10D3200001321A701623FA181423FB1812781B788E
:10D330009A42CED31523FB181B781800BD4606B0C1
:10D34000B0BDC046900B0020A00B0020B0B584B04B
:10D3500000AF040008001100FB1D221C1A70BB1D49
:10D36000021C1A707B1D0A1C1A700F257B190022E3
:10D370001A7002F0A3FC7C19F6F7AAFE03002370D2
:10D38000044B01221A707B191B781800BD4604B0AB
:10D39000B0BDC0468A0B0020B0B584B000AF040019
:10D3A00008001100FB1D221C1A70BB1D021C1A7004
:10D3B0007B1D0A1C1A700F257B1900221A707C191C
:10D3C000F6F7F4FF0300237064200CF031FA044BED
:10D3D00002221A707B191B781800BD4604B0B0BD3C
:10D3E0008A0B0020B0B588B000AF0400080011001F
:10D3F000FB1D221C1A70BB1D021C1A707B1D0A1C0F
:10D400001A701F23FB1800221A701C23FB1800221D
:10D410001A80BB1D1B78013B564AD15C1B243B196B
:10D420007A1D12788A1A1A70BB1D1B785A1E1A258B
:10D43000791951481300DB009B1ADB001B5C0B7051
:10D440000CF06EFB03007B617B191B78FF2B14D162
:10D45000BB1D1B785A1E7B1D19781300DB009B1A1D
:10D46000DB005A18444BD1183B191B78013B1A00BA
:10D47000424B180018F065FE31E01A23FB181B78A8
:10D48000FE2B19D1BB1D1B785A1E7B1D197813006A
:10D49000DB009B1ADB005A18374BD1181B23FB18F3
:10D4A0001A781323FB181B78D31A023B1A00334B4C
:10D4B000180018F046FE12E0BB1D1B785A1E7B1D9B
:10D4C00019781300DB009B1ADB005A182A4BD1187D
:10D4D0001B23FB181A78294B180018F032FE13246E
:10D4E0003B19274A12781A70254BBA1D12781A7008
:10D4F00099239A007969214B18000CF083FA0300F4
:10D50000FB601F4B3A1912781A701E4B1B78602271
:10D510001340DBB2602B1DD17B691800F2F7FEFDD2
:10D5200002007969184B180018F00BFE7B6918008F
:10D53000F2F7F4FD030099B21F23FC187A69FB1D72
:10D5400018780B001821FDF7D9FA030023700A2080
:10D550000CF06EF9FB68002BC1D1084B3222002180
:10D56000180018F0CFFC1F23FB181B781800BD46CD
:10D5700008B0B0BD900B0020A00B00205428002064
:10D58000880B002030180020B80C0020B0B586B001
:10D5900000AF040008001100FB1D221C1A70BB1D07
:10D5A000021C1A707B1D0A1C1A701723FB1800221C
:10D5B0001A7014243B1900221A80BB1D1B78013BF2
:10D5C000324AD15C13257B197A1D12788A1A1A7097
:10D5D0000CF0A6FA0300FB60FB681800F2F79EFD52
:10D5E0000200FB680021180018F08CFC284B1B7807
:10D5F0007F229343DBB2002B1DD03B191B88FA68B6
:10D60000D018BB1D1B785A1E7B1D19781300DB0038
:10D610009B1ADB005A181F4BD1187B191B781A0074
:10D6200018F08FFD7B191B7899B23B193A191288B3
:10D630008A181A8023E014243B191B88FA68D01832
:10D64000BB1D1B785A1E7B1D19781300DB009B1A2B
:10D65000DB005A180F4BD1181323FB181B781A0044
:10D6600018F06FFD3B1900221A800B4B00221A7034
:10D670000A4B18680023002200210EF08FFE1723AA
:10D68000FB181B781800BD4606B0B0BD900B0020FB
:10D6900030180020A00B002031180020B01F0020FF
:10D6A00090B585B000AF040008001100FB1D221CDE
:10D6B0001A70BB1D021C1A707B1D0A1C1A700F23E6
:10D6C000FB1800221A70054B054A1A60054B01220F
:10D6D0001A700A200CF0ACF8FDF790FEF03F022023
:10D6E000EFBEADDE8A0B0020B0B586B002AF0400FD
:10D6F00008001100FB1D221C1A70BB1D021C1A70B1
:10D700007B1D0A1C1A700F257B1900221A70BB1D85
:10D710001B785A1E7B1D197816481300DB009B1AD4
:10D72000DB00C318585C002300931923002200215A
:10D73000FDF766FA64200CF07BF80F4B1C78BB1DDC
:10D740001B785A1E7B1D19780A481300DB009B1AB0
:10D75000DB00C318595CBB1D1A78FB1D18780B0041
:10D76000210002F083FC7B191B781800BD4604B031
:10D77000B0BDC046A00B002099000020F0B589B0D4
:10D7800002AF040008001100FB1D221C1A70BB1D13
:10D79000021C1A707B1D0A1C1A701623FB1800222B
:10D7A0001A70BB1D1B78013BB64AD15C15257B194D
:10D7B0007A1D12788A1A1A70BB1D1B785A1E7B1D9F
:10D7C0001B780B3318001726B919AF4C1300DB0078
:10D7D0009B1ADB00E3181B5C0B707B191B780F2B6B
:10D7E0000FD1BB1D1B785A1E7B1D1B780D331800F3
:10D7F000B919A54C1300DB009B1ADB00E3181B5C76
:10D800000B701523FB181B78112B10D1BB1D1B7837
:10D810005A1E7B1D1B780F3318001723F9189A4CDA
:10D820001300DB009B1ADB00E3181B5C0B70BB1DB5
:10D830001B785A1E7B1D19781300DB009B1ADB0036
:10D840005A18914BD1181023FB1805221800F8F72D
:10D850001DFCBB1D1B785A1E7B1D1B78191D130058
:10D86000DB009B1ADB005A18874BD1180C23FB18DE
:10D8700005221800F8F70AFC1723FB181B78002B69
:10D8800000D003E1BB1D1B785A1E7B1D1B7809339A
:10D8900019007D481300DB009B1ADB00C3185B5C9A
:10D8A000002B43D0BB1D1B785A1E7B1D1B780A33EF
:10D8B000190075481300DB009B1ADB00C3185B5C82
:10D8C000002B33D0BB1D1B785A1E7B1D1B780833E1
:10D8D00019006D481300DB009B1ADB00C3185C5C69
:10D8E0003D69FE68BB1D1B785A1E7B1D1B780933E2
:10D8F000190065481300DB009B1ADB00C3185B5C52
:10D900009C46BB1D1B785A1E7B1D1B780A331900D1
:10D910005D481300DB009B1ADB00C3185B5C0093BF
:10D920006346320029002000FCF756FDBB1D1B7822
:10D930005A1E7B1D1B780B33190053481300DB0064
:10D940009B1ADB00C3185B5C002B43D0BB1D1B780C
:10D950005A1E7B1D1B780C3319004B481300DB004B
:10D960009B1ADB00C3185B5C002B33D0BB1D1B78FC
:10D970005A1E7B1D1B780833190043481300DB0037
:10D980009B1ADB00C3185C5C3D69FE68BB1D1B78FD
:10D990005A1E7B1D1B780B3319003B481300DB001C
:10D9A0009B1ADB00C3185B5C9C46BB1D1B785A1E90
:10D9B0007B1D1B780C33190033481300DB009B1AC6
:10D9C000DB00C3185B5C0093634632002900200033
:10D9D000FCF702FDBB1D1B785A1E7B1D1B780D3307
:10D9E000190029481300DB009B1ADB00C3185B5C9D
:10D9F000002B00D15BE1BB1D1B785A1E7B1D1B78E1
:10DA00000E33190020481300DB009B1ADB00C318FB
:10DA10005B5C002B00D14AE1BB1D1B785A1E7B1DAD
:10DA20001B780833190018481300DB009B1ADB0031
:10DA3000C3185C5C3D69FE68BB1D1B785A1E7B1DCC
:10DA40001B780D33190010481300DB009B1ADB0014
:10DA5000C3185B5C9C46BB1D1B785A1E7B1D1B7844
:10DA60000E33190008481300DB009B1ADB00C318B3
:10DA70005B5C00936346320029002000FCF7ACFC9D
:10DA800015E1C046900B0020A00B0020BB1D1B78A9
:10DA90005A1E7B1D1B780833190088481300DB00D1
:10DAA0009B1ADB00C3185B5C1900E42005F03CF80E
:10DAB000BB1D1B785A1E7B1D197880481300DB00A4
:10DAC0009B1ADB00C3185B5C1B0299B2BB1D1B7861
:10DAD0005A1E7B1D1B78581C784C1300DB009B1AC8
:10DAE000DB00E3181B5CCB189BB21900E52005F0A6
:10DAF0001BF8BB1D1B785A1E7B1D1B78991C6F4899
:10DB00001300DB009B1ADB00C3185B5C1B0299B29D
:10DB1000BB1D1B785A1E7B1D1B78D81C674C13003D
:10DB2000DB009B1ADB00E3181B5CCB189BB21900CF
:10DB3000E62004F0F9FFBB1D1B785A1E7B1D1B78E5
:10DB4000191D5E481300DB009B1ADB00C3185B5CE9
:10DB50001B0299B2BB1D1B785A1E7B1D1B78581DDA
:10DB6000564C1300DB009B1ADB00E3181B5CCB1840
:10DB70009BB21900E72004F0D7FFBB1D1B785A1E8B
:10DB80007B1D1B78991D4D481300DB009B1ADB00A1
:10DB9000C3185B5C1B0299B2BB1D1B785A1E7B1D10
:10DBA0001B78D81D454C1300DB009B1ADB00E318E3
:10DBB0001B5CCB189BB21900E82004F0B5FFBB1D1D
:10DBC0001B785A1E7B1D1B78093319003B48130034
:10DBD000DB009B1ADB00C3185B5C1B0299B2BB1D08
:10DBE0001B785A1E7B1D1B780A331800334C130018
:10DBF000DB009B1ADB00E3181B5CCB189BB21900FF
:10DC0000E92004F091FF1523FB181B78132B23D177
:10DC1000BB1D1B785A1E7B1D1B780B331900274830
:10DC20001300DB009B1ADB00C3185B5C1B0299B27C
:10DC3000BB1D1B785A1E7B1D1B780C3318001F4C14
:10DC40001300DB009B1ADB00E3181B5CCB189BB2B4
:10DC50001900EA2004F068FF1523FB181B78152B28
:10DC600023D1BB1D1B785A1E7B1D1B780D33190059
:10DC700012481300DB009B1ADB00C3185B5C1B021D
:10DC800099B2BB1D1B785A1E7B1D1B780E331800E2
:10DC90000A4C1300DB009B1ADB00E3181B5CCB185B
:10DCA0009BB21900EB2004F03FFFFDF7A7FB162302
:10DCB000FB181B781800BD4607B0F0BDA00B002074
:10DCC000F0B5D6464F464646C0B58AB004AF04000C
:10DCD00008001100FB1D221C1A70BB1D021C1A70CB
:10DCE0007B1D0A1C1A701723FB1800221A70BB1D1B
:10DCF0001B785A1E7B1D19781300DB009B1ADB0072
:10DD00005A18404BD1181022BB1805221800F8F7FA
:10DD1000BDF9BB1D1B785A1E7B1D1B78191D1300F6
:10DD2000DB009B1ADB005A18364BD1180C22BB18AB
:10DD300005221800F8F7AAF9BB1D1B785A1E7B1D97
:10DD40001B78190009312F481300DB009B1ADB00F8
:10DD5000C3185A5C94462C4B1A789046BB1D1B780E
:10DD60005A1E7B1D1B7819000B3126481300DB005F
:10DD70009B1ADB00C3185A5C9146BB1D1B785A1EC8
:10DD80007B1D1B7819000A311E481300DB009B1A0B
:10DD9000DB00C3185A5C9246BB1D1B785A1E7B1DC4
:10DDA0001B781900083117481300DB009B1ADB00B1
:10DDB000C318595C3869FC68BB1D1B785A1E7B1D53
:10DDC0001B781D000C350F4E1300DB009B1ADB0087
:10DDD000F3185B5D5A1E9341DBB2039302940190EA
:10DDE000009153464A4641466046FDF77DF91723A8
:10DDF000FB181B781800BD4606B0E0BCBA46B14619
:10DE0000A846F0BDA00B002099000020B0B586B058
:10DE100000AF040008001100FB1D221C1A70BB1D7E
:10DE2000021C1A707B1D0A1C1A701723FB18002293
:10DE30001A70BB1D1B785A1E7B1D1978EB48130006
:10DE4000DB009B1ADB00C3185B5C002B00D0AFE04B
:10DE5000BB1D1B785A1E7B1D1B78991CE3481300C1
:10DE6000DB009B1ADB00C3185B5C1906BB1D1B782B
:10DE70005A1E7B1D1B78D81CDC4C1300DB009B1A40
:10DE8000DB00E3181B5C1B04C918BB1D1B785A1E62
:10DE90007B1D1B78181DD54C1300DB009B1ADB0083
:10DEA000E3181B5C1B02C918BB1D1B785A1E7B1D87
:10DEB0001B78581DCD4C1300DB009B1ADB00E318C8
:10DEC0001B5CCB183B61BB1D1B785A1E7B1D1B784E
:10DED000591CC6481300DB009B1ADB00C3185B5CAF
:10DEE000082B00D9DCE19A00C14BD3181B689F4670
:10DEF0003B691A78BF4B1A70FB1D1B7801221F214A
:10DF00001800FCF7ABFDD0E13B691B785BB2DAB2DD
:10DF1000B84B1A70FB1D1B7801221F211800FCF75B
:10DF20009DFDC2E13B69B34903221800F8F76CF884
:10DF3000FB1D1B7802221F211800FCF78FFDB4E1A6
:10DF40003B69AC4904221800F8F75EF8FB1D1B780A
:10DF500002221F211800FCF781FDA6E13B69A549BB
:10DF600005221800F8F750F8FB1D1B7804221F212A
:10DF70001800FCF773FD98E13B699E4906221800E2
:10DF8000F8F742F8FB1D1B7804221F211800FCF74C
:10DF900065FD8AE13B69974907221800F8F734F8D4
:10DFA000FB1D1B7808221F211800FCF757FD7CE1A0
:10DFB000BB1D1B785A1E7B1D19788C481300DB0093
:10DFC0009B1ADB00C3185B5C022B00D0B2E0BB1DC8
:10DFD0001B785A1EBB1D1B78013B8749CB5C591E21
:10DFE00082481300DB009B1ADB00C31800225A543E
:10DFF000BB1D1B785A1E7B1D1B78591C1300DB00B0
:10E000009B1ADB005A18794BD3180F257C1918007E
:10E01000F6F782FA030023707B191B78002B07D1D7
:10E02000FB1D1B7801221F211800FCF717FD3CE1A6
:10E030000F203B181B785A1E704913005B009B1879
:10E040009B005B583B613B181B785A1E6B491300C1
:10E050005B009B189B00CB1804331A78654B1A7031
:10E06000644B1B78082B00D91CE19A00644BD31831
:10E070001B689F463B691A785E4B5A70FB1D1B78E4
:10E0800002221F211800FCF7E9FC0EE13B691B7816
:10E090005BB2DAB2574B5A70FB1D1B7802221F216C
:10E0A0001800FCF7DBFC00E13B695649032218002D
:10E0B000F7F7AAFFFB1D1B7803221F211800FCF7AE
:10E0C000CDFCF2E03B694F4904221800F7F79CFFB2
:10E0D000FB1D1B7803221F211800FCF7BFFCE4E0A6
:10E0E0003B69484905221800F7F78EFFFB1D1B7896
:10E0F00005221F211800FCF7B1FCD6E03B6941491D
:10E1000006221800F7F780FFFB1D1B7805221F2150
:10E110001800FCF7A3FCC8E03B693A490722180045
:10E12000F7F772FFFB1D1B7809221F211800FCF76F
:10E1300095FCBAE0BB1D1B785A1E7B1D19782B4835
:10E140001300DB009B1ADB00C3185B5C022B00D8BA
:10E15000ABE0BB1D1B785A1E7B1D197823481300AA
:10E16000DB009B1ADB00C3185B5C1A1F264B920076
:10E17000D358DBB20F221340DAB21E4B1A701D4B7C
:10E180001B78002B07D1FB1D1B7801221F211800D3
:10E19000FCF764FC89E0BB1D1B785A1E7B1D1978B7
:10E1A00012481300DB009B1ADB00C3185B5C1A1FCC
:10E1B000154B9200D3581B0C144A944663443B61A0
:10E1C0000C4B1B78082B6FD89A00114BD3181B6887
:10E1D0009F463B691A78074B5A70FB1D1B78022239
:10E1E0001F211800FCF73AFC5FE0C046A00B00209E
:10E1F000FCD20208B80C0020900B0020AC2D0020AF
:10E2000020D30208B90C0020441700200000012090
:10E2100044D302083B691B785BB2DAB2264B5A70D2
:10E22000FB1D1B7802221F211800FCF717FC3CE0A5
:10E230003B69224903221800F7F7E6FEFB1D1B7815
:10E2400003221F211800FCF709FC2EE03B691B4943
:10E2500004221800F7F7D8FEFB1D1B7803221F21AC
:10E260001800FCF7FBFB20E03B691449052218006D
:10E27000F7F7CAFEFB1D1B7805221F211800FCF7CB
:10E28000EDFB12E03B690D4907221800F7F7BCFED1
:10E29000FB1D1B7809221F211800FCF7DFFB04E09F
:10E2A000C04602E0C04600E0C0461723FB181B78BA
:10E2B0001800BD4606B0B0BDB80C0020B90C002057
:10E2C000F0B58BB000AF0600080011001F23FB184B
:10E2D000321C1A701E23FB18021C1A701D23FB1817
:10E2E0000A1C1A700F2318229B18DB1900221A70BF
:10E2F000C34B1A685B68032A01D1002B08D0C04BBE
:10E300001A685B68022A00D0C6E0002B00D0C3E088
:10E310001E257B191B785A1E1D243B191978B948F4
:10E320001300DB009B1ADB00C3185A5CB64B1A7053
:10E330007B191B785A1E3B191978B2481300DB0071
:10E340009B1ADB00C3185B5C082B00D9A2E09A0083
:10E35000AE4BD3181B689F46AD4B10221A709AE043
:10E360001E23FB181B785A1E1D23FB181B78591CF3
:10E37000A4481300DB009B1ADB00C3185B5C3B6105
:10E3800000237B619E4B39697A6919605A6082E08B
:10E390001E23FB181B785A1E1D23FB181B78591CC3
:10E3A00098481300DB009B1ADB00C3185B5C5BB270
:10E3B000BB60DB17FB60924BB968FA6819605A6062
:10E3C00069E01E23FB181B785A1E1D23FB181B78BF
:10E3D000591C1300DB009B1ADB005A18894BD1181B
:10E3E000874B03221800F7F751FE54E01E23FB1859
:10E3F0001B785A1E1D23FB181B78591C1300DB00C9
:10E400009B1ADB005A187F4BD1187D4B0422180051
:10E41000F7F73CFE3FE01E23FB181B785A1E1D2316
:10E42000FB181B78591C1300DB009B1ADB005A18E1
:10E43000744BD118724B05221800F7F727FE2AE01B
:10E440001E23FB181B785A1E1D23FB181B78591C12
:10E450001300DB009B1ADB005A186A4BD118684B7B
:10E4600006221800F7F712FE15E01E23FB181B7892
:10E470005A1E1D23FB181B78591C1300DB009B1A26
:10E48000DB005A185F4BD1185D4B07221800F7F7D5
:10E49000FDFD00E0C046A2E0594B1A685B68110020
:10E4A000194300D09BE05B4B1B78082B00D995E00B
:10E4B0009A00594BD3181B689F461E23FB181B78E4
:10E4C0005A1E1D23FB1819784E481300DB009B1AB7
:10E4D000DB00C3185B5C3B6000237B60484B396802
:10E4E0007A6819605A607AE01E23FB181B785A1E5E
:10E4F0001D23FB18197843481300DB009B1ADB002F
:10E50000C3185B5C5BB21C00DB171D003C4B1C603E
:10E510005D6064E01E23FB181B785A1E1D23FB1848
:10E5200019781300DB009B1ADB005A18354BD11801
:10E53000334B03221800F7F7A9FD50E01E23FB1808
:10E540001B785A1E1D23FB1819781300DB009B1A39
:10E55000DB005A182B4BD118294B04221800F7F76F
:10E5600095FD3CE01E23FB181B785A1E1D23FB184B
:10E5700019781300DB009B1ADB005A18214BD118C5
:10E580001F4B05221800F7F781FD28E01E23FB181A
:10E590001B785A1E1D23FB1819781300DB009B1AE9
:10E5A000DB005A18174BD118154B06221800F7F745
:10E5B0006DFD14E01E23FB181B785A1E1D23FB184B
:10E5C00019781300DB009B1ADB005A180D4BD11889
:10E5D0000B4B07221800F7F759FD00E0C0460C4B23
:10E5E0001B78102B02D00A4B00221A700F2318221E
:10E5F0009B18DB191B781800BD460BB0F0BDC04658
:10E60000D0170020A00B00209A00002068D3020839
:10E6100031180020D81700208CD30208F0B585B03F
:10E6200000AF060008001100FB1D321C1A70BB1D54
:10E63000021C1A707B1D0A1C1A700B23FB18002287
:10E640001A70DB4B00221A70BB1D1B785A1E7B1DF3
:10E650001978D8481300DB009B1ADB00C3185B5CF9
:10E66000002B00D13CE3BB1D1B785A1E7B1D197883
:10E67000D0481300DB009B1ADB00C3185B5C1E2B29
:10E6800000D91EE3BB1D1B785A1E7B1D1978C94893
:10E690001300DB009B1ADB00C3185B5C5A1EC64BE1
:10E6A0009200D3581B0CC54A94466344FB60BB1DC3
:10E6B0001B785A1E7B1D1B78591CBE481300DB00BB
:10E6C0009B1ADB00C3185B5C082B00D991E29A000F
:10E6D000BB4BD3181B689F46BB1D1B785A1E7B1D66
:10E6E0001978B4481300DB009B1ADB00C3185B5C8D
:10E6F0005A1EB14B9200D3580F22134030D1012043
:10E7000016F000F80300FB60FB68002B25D0FB68C7
:10E71000E0221206944663441904BB1D1B785A1E5E
:10E720007B1D1B78581CA34C1300DB009B1ADB00DD
:10E73000E3181B5C1D00BB1D1B785A1E7B1D18783F
:10E740009C4C1300DB009B1ADB00E3181B5C5A1E79
:10E750004919994B9200D15002E0954B12221A7040
:10E76000934B1B78122B00D145E2BB1D1B785A1E20
:10E770007B1D1B78981CF9688E4C1300DB009B1ADC
:10E78000DB00E3181B5C0B7035E2BB1D1B785A1EC7
:10E790007B1D197887481300DB009B1ADB00C31828
:10E7A0005B5C5A1E844B9200D3580F22134030D129
:10E7B000012015F0A7FF0300FB60FB68002B25D0AC
:10E7C000FB68E0221206944663441904BB1D1B78C3
:10E7D0005A1E7B1D1B78581C764C1300DB009B1ABD
:10E7E000DB00E3181B5C1D00BB1D1B785A1E7B1D44
:10E7F0001878704C1300DB009B1ADB00E3181B5CDD
:10E800005A1E49196C4B9200D15002E0684B1222FB
:10E810001A70674B1B78122B00D1EEE1BB1D1B78E1
:10E820005A1E7B1D1B78991C62481300DB009B1A43
:10E83000DB00C3185A5CFB6852B21A70DDE1BB1DE5
:10E840001B785A1E7B1D19785A481300DB009B1A4F
:10E85000DB00C3185B5C5A1E574B9200D3580F2243
:10E86000134030D1022015F04DFF0300FB60FB6820
:10E87000002B25D0FB68E02212069446634419045D
:10E88000BB1D1B785A1E7B1D1B78581C494C13005E
:10E89000DB009B1ADB00E3181B5C1D00BB1D1B7813
:10E8A0005A1E7B1D1878434C1300DB009B1ADB00BB
:10E8B000E3181B5C5A1E49193F4B9200D15002E0ED
:10E8C0003B4B12221A703A4B1B78122B00D196E167
:10E8D000F868BB1D1B785A1E7B1D1B78991C130002
:10E8E000DB009B1ADB005A18324BD31803221900A5
:10E8F000F7F7CCFB83E1BB1D1B785A1E7B1D1978F3
:10E900002C481300DB009B1ADB00C3185B5C5A1E0B
:10E91000294B9200D3580F22134030D1022015F01A
:10E92000F1FE0300FB60FB68002B25D0FB68E022B2
:10E930001206944663441904BB1D1B785A1E7B1DA6
:10E940001B78581C1B4C1300DB009B1ADB00E318E0
:10E950001B5C1D00BB1D1B785A1E7B1D1878154CB7
:10E960001300DB009B1ADB00E3181B5C5A1E4919DD
:10E97000114B9200D15002E00D4B12221A700C4B39
:10E980001B78122B00D13CE1F868BB1D1B785A1E86
:10E990007B1D1B78991C1300DB009B1ADB005A18A7
:10E9A000044BD31804221900F7F770FB29E1C04685
:10E9B00031180020A00B0020441700200000012087
:10E9C000B0D30208BB1D1B785A1E7B1D1978BF48A7
:10E9D0001300DB009B1ADB00C3185B5C5A1EBC4BA8
:10E9E0009200D3580F22134030D1042015F08AFE34
:10E9F0000300FB60FB68002B25D0FB68E0221206B9
:10EA0000944663441904BB1D1B785A1E7B1D1B785A
:10EA1000581CAE4C1300DB009B1ADB00E3181B5C98
:10EA20001D00BB1D1B785A1E7B1D1878A74C1300B8
:10EA3000DB009B1ADB00E3181B5C5A1E4919A44B30
:10EA40009200D15002E0A34B12221A70A14B1B7806
:10EA5000122B00D1D7E0F868BB1D1B785A1E7B1D16
:10EA60001B78991C1300DB009B1ADB005A18974B8C
:10EA7000D31805221900F7F709FBC4E0BB1D1B786A
:10EA80005A1E7B1D197891481300DB009B1ADB008E
:10EA9000C3185B5C5A1E8E4B9200D3580F22134052
:10EAA00030D1042015F02EFE0300FB60FB68002B24
:10EAB00025D0FB68E0221206944663441904BB1D6E
:10EAC0001B785A1E7B1D1B78581C804C1300DB00E2
:10EAD0009B1ADB00E3181B5C1D00BB1D1B785A1E34
:10EAE0007B1D1878794C1300DB009B1ADB00E318C0
:10EAF0001B5C5A1E4919764B9200D15002E0754BAF
:10EB000012221A70734B1B78122B00D17DE0F8682B
:10EB1000BB1D1B785A1E7B1D1B78991C1300DB0044
:10EB20009B1ADB005A18694BD31806221900F7F715
:10EB3000ADFA6AE0BB1D1B785A1E7B1D197863482D
:10EB40001300DB009B1ADB00C3185B5C5A1E604B92
:10EB50009200D3580F22134030D1042015F0D2FD7B
:10EB60000300FB60FB68002B25D0FB68E022120647
:10EB7000944663441904BB1D1B785A1E7B1D1B78E9
:10EB8000581C524C1300DB009B1ADB00E3181B5C83
:10EB90001D00BB1D1B785A1E7B1D18784B4C1300A3
:10EBA000DB009B1ADB00E3181B5C5A1E4919484B1B
:10EBB0009200D15002E0474B12221A70454B1B784D
:10EBC000122B24D0BB1D1B785A1E7B1D1B78991C51
:10EBD0001300DB009B1ADB005A183C4BD1183E4B4C
:10EBE00007221800F7F752FA3B4AFB6812681A60CE
:10EBF0000DE0C0460CE0C0460AE0C04608E0C04652
:10EC000006E0C04604E0C04602E0C04600E0C04660
:10EC1000BB1D1B785A1E7B1D19782C481300DB0086
:10EC20009B1ADB00C3185B5C5A1E294B9200D35819
:10EC30000F2213401900BB1D1B785A1E7B1D1B7829
:10EC4000581C224C1300DB009B1ADB00E3181B5CF2
:10EC5000994200D169E1BB1D1B785A1E7B1D1978B2
:10EC60001A481300DB009B1ADB00C3185B5C5A1EBA
:10EC7000174B9200D158BB1D1B785A1E7B1D1B7869
:10EC8000581C124C1300DB009B1ADB00E3181B5CC2
:10EC9000124A944663441D00BB1D1B785A1E7B1DFF
:10ECA00018780A4C1300DB009B1ADB00E3181B5C8E
:10ECB0005A1E2940064B9200D150064B14221A705E
:10ECC00033E1044B13221A702FE1C046A00B002041
:10ECD0004417002031180020D0170020F0FF00005A
:10ECE000BB1D1B785A1E7B1D1B78991C9F48130067
:10ECF000DB009B1ADB00C3185B5C1906BB1D1B788D
:10ED00005A1E7B1D1B78D81C984E1300DB009B1AE3
:10ED1000DB00F3181B5C1B04C918BB1D1B785A1EB3
:10ED20007B1D1B78181D914E1300DB009B1ADB0026
:10ED3000F3181B5C1B02C918BB1D1B785A1E7B1DD8
:10ED40001B78581D894E1300DB009B1ADB00F3185B
:10ED50001B5CCB18FB60FA6880239B059A4200D2AB
:10ED6000E0E0FB68824A934200D9DBE0BB1D1B78E0
:10ED70005A1E7B1D1B78591C7C481300DB009B1A14
:10ED8000DB00C3185B5C082B00D9C9E09A00794B03
:10ED9000D3181B689F46BB1D1B785A1E7B1D1B7812
:10EDA000981DF968714C1300DB009B1ADB00E31817
:10EDB0001B5C0B70B5E0BB1D1B785A1E7B1D1B78BE
:10EDC000991D6A481300DB009B1ADB00C3185A5CCC
:10EDD000FB6852B21A70A4E0F868BB1D1B785A1E7B
:10EDE0007B1D1B78991D1300DB009B1ADB005A1852
:10EDF0005E4BD31803221900F7F748F991E0BB1DC9
:10EE00001B785A1E7B1D1B78991D58481300DB0088
:10EE10009B1ADB00C3185B5C1C00BB1D1B785A1ED1
:10EE20007B1D1B78D91D51481300DB009B1ADB00AA
:10EE3000C3185B5C1B029BB2E3189AB2FB6812B268
:10EE40001A806EE0F868BB1D1B785A1E7B1D1B786C
:10EE5000991D1300DB009B1ADB005A18434BD31893
:10EE600005221900F7F712F95BE0F868BB1D1B7863
:10EE70005A1E7B1D1B78991D1300DB009B1ADB00BB
:10EE80005A183A4BD31806221900F7F7FFF848E052
:10EE9000BB1D1B785A1E7B1D1B78991D3348130020
:10EEA000DB009B1ADB00C3185B5C1E00BB1D1B78DC
:10EEB0005A1E7B1D1B78D91D2C481300DB009B1AA2
:10EEC000DB00C3185B5C1B02F118BB1D1B785A1ECC
:10EED0007B1D1B7808331800244E1300DB009B1A9F
:10EEE000DB00F3181B5C1B04C918BB1D1B785A1EE2
:10EEF0007B1D1B78093318001C4E1300DB009B1A86
:10EF0000DB00F3181B5C1B06CB181C0000231D0044
:10EF1000194B1C605D60184AFB6812681A6000E0BB
:10EF2000C04602E0154B15221A70154B1B78602263
:10EF30001340DBB2602B06D0114B1B7860221340CC
:10EF4000DBB2202B0AD10D4B1A780E4B1A70FB1D29
:10EF50001B78012221211800FBF780FD0B23FB18F1
:10EF60001B781800BD4605B0F0BDC046A00B0020C0
:10EF7000FFFF0120D4D30208D01700203118002051
:10EF800030180020B80C002090B585B000AF040008
:10EF900008001100FB1D221C1A70BB1D021C1A70F8
:10EFA0007B1D0A1C1A700F243B1900221A70BB1D0E
:10EFB0001B785A1E7B1D197807481300DB009B1A2B
:10EFC000DB00C3185A5C054B1A703B191B781800FC
:10EFD000BD4605B090BDC046A00B002031180020F2
:10EFE000B0B586B002AF040008001100FB1D221C62
:10EFF0001A70BB1D021C1A707B1D0A1C1A700F248C
:10F000003B1900221A70BB1D1B78013B1C4AD15CC6
:10F010000E257B197A1D12788A1A1A70BB1D1B786F
:10F020005A1E7B1D197817481300DB009B1ADB0062
:10F03000C318585CBB1D1B785A1E7B1D1B78591CBE
:10F040001300DB009B1ADB005A180E4BD1187B19FA
:10F050001B789BB2013B9AB20A2300930A2306F065
:10F060004BFD031E05D03B19FF221A703B191B787C
:10F0700002E00F23FB181B781800BD4604B0B0BD9A
:10F08000900B0020A00B002090B585B000AF0400CD
:10F0900008001100FB1D221C1A70BB1D021C1A70F7
:10F0A0007B1D0A1C1A700F23FB1800221A70BB1D4F
:10F0B0001B785A1E7B1D197822481300DB009B1A0F
:10F0C000DB00C3185B5C1A001F4B1A80BB1D1B784A
:10F0D0005A1E7B1D1B78591C1A481300DB009B1A13
:10F0E000DB00C3185B5C1A00184B1A80174B1B8897
:10F0F000002B0ED1144B1B88DBB2180004F0A6FDC8
:10F10000114B1B88DBB2124A0021180004F0EAFD03
:10F1100011E00E4B1B88012B0DD10B4B1B88DBB272
:10F12000180004F093FD084B1B88DBB2084A01214C
:10F13000180004F0D7FD0F23FB181B781800BD46FC
:10F1400005B090BDA00B0020D8260020DA260020B4
:10F15000DC26002090B585B000AF04000800110047
:10F16000FB1D221C1A70BB1D021C1A707B1D0A1C81
:10F170001A700F243B1900221A70064A064B110020
:10F18000180004F07FFE3B191B781800BD4605B03F
:10F1900090BDC046E8260020E426002090B585B04A
:10F1A00000AF040008001100FB1D221C1A70BB1DDB
:10F1B000021C1A707B1D0A1C1A700F217B1800227A
:10F1C0001A70044B01221A707B181B781800BD4678
:10F1D00005B090BDE80A002090B585B000AF0400EE
:10F1E00008001100FB1D221C1A70BB1D021C1A70A6
:10F1F0007B1D0A1C1A700F217B1800221A70044B09
:10F2000001221A707B181B781800BD4605B090BD0E
:10F21000E90A002090B585B000AF04000800110095
:10F22000FB1D221C1A70BB1D021C1A707B1D0A1CC0
:10F230001A700F23FB1800221A70D94B01221A7082
:10F24000BB1D1B785A1E7B1D1B78D91CD54813008B
:10F25000DB009B1ADB00C3185B5C19B2BB1D1B787B
:10F260005A1E7B1D1B78181DCE4C1300DB009B1A09
:10F27000DB00E3181B5C1BB21B021BB20B431AB270
:10F280000C23FB181A80BB1D1B785A1E7B1D197896
:10F29000C4481300DB009B1ADB00C3185B5C082B1F
:10F2A00000D987E29A00C04BD3181B689F46BB1D4C
:10F2B0001B785A1E7B1D1B78591CBA481300DB00B3
:10F2C0009B1ADB00C3185B5C002B07D10F23FB18D4
:10F2D00000221A70B54B10221A706CE20F23FB1833
:10F2E000FF221A7067E2BB1D1B785A1E7B1D1B781C
:10F2F000591CAC481300DB009B1ADB00C3185B5C95
:10F30000002B22D10F23FB1800221A70BB1D1B7883
:10F310005A1E7B1D1B78991CA2481300DB009B1A08
:10F32000DB00C3185A5CA24B1A70BB1D1B785A1E17
:10F330007B1D1B78591D9B481300DB009B1ADB00CB
:10F34000C3185A5C9B4B1A6035E20F23FB18FF224F
:10F350001A7030E2BB1D1B785A1E7B1D1B78591C8E
:10F3600090481300DB009B1ADB00C3185B5C002B8A
:10F3700040D10F23FB1800221A70BB1D1B785A1EA8
:10F380007B1D1B78991C87481300DB009B1ADB0050
:10F39000C3185A5C864B1A70BB1D1B785A1E7B1D06
:10F3A0001B78591D7F481300DB009B1ADB00C31834
:10F3B0005A5C804B1A60BB1D1B785A1E7B1D1B7844
:10F3C000991D78481300DB009B1ADB00C3185A5CB8
:10F3D000794B1A60BB1D1B785A1E7B1D1B78D91DEB
:10F3E00070481300DB009B1ADB00C3185A5C734B98
:10F3F0001A60E0E10F23FB18FF221A70DBE1BB1D4E
:10F400001B785A1E7B1D1B78591C66481300DB00B5
:10F410009B1ADB00C3185B5C002B22D10F23FB1867
:10F4200000221A70BB1D1B785A1E7B1D1B78991C6D
:10F430005C481300DB009B1ADB00C3185A5C5C4B72
:10F440001A70BB1D1B785A1E7B1D1B78591D554811
:10F450001300DB009B1ADB00C3185A5C554B1A6083
:10F46000A9E10F23FB18FF221A70A4E1BB1D1B7832
:10F470005A1E7B1D1B78591C4A481300DB009B1A3F
:10F48000DB00C3185B5C002B4AD10F23FB18002262
:10F490001A70BB1D1B785A1E7B1D1B78991C414896
:10F4A0001300DB009B1ADB00C3185A5C404B1A7038
:10F4B000BB1D1B785A1E7B1D1B78591D1300DB00DA
:10F4C0009B1ADB005A18374BD1183A4B032218000D
:10F4D000F6F7DCFDBB1D1B785A1E7B1D1B78D91D62
:10F4E0001300DB009B1ADB005A182E4BD118324B4D
:10F4F00003221800F6F7CAFDBB1D1B785A1E7B1DA0
:10F500001B78093319001300DB009B1ADB005A1823
:10F51000244BD118294B03221800F6F7B7FD4AE116
:10F520000F23FB18FF221A7045E1BB1D1B785A1EE2
:10F530007B1D1B78591C1B481300DB009B1ADB004A
:10F54000C3185B5C002B25D10F23FB1800221A7017
:10F55000BB1D1B785A1E7B1D1B78991C114813007C
:10F56000DB009B1ADB00C3185A5C114B1A70BB1DE1
:10F570001B785A1E7B1D1B78591D1300DB009B1A3C
:10F58000DB005A18074BD1180A4B03221800F6F774
:10F590007DFD10E10F23FB18FF221A700BE1C0461E
:10F5A00084200020A00B0020F8D30208311800208E
:10F5B00085200020882000208C2000209020002022
:10F5C000BB1D1B785A1E7B1D1B78591C7D481300E0
:10F5D000DB009B1ADB00C3185B5C002B25D10F23DB
:10F5E000FB1800221A70BB1D1B785A1E7B1D1B784E
:10F5F000991C74481300DB009B1ADB00C3185A5C8B
:10F60000714B1A70BB1D1B785A1E7B1D1B78591D30
:10F610001300DB009B1ADB005A186A4BD1186B4BA6
:10F6200005221800F6F732FDC5E00F23FB18FF2274
:10F630001A70C0E0BB1D1B785A1E7B1D1B78591C1D
:10F6400060481300DB009B1ADB00C3185B5C002BD7
:10F650004BD10F23FB1800221A70BB1D1B785A1EBA
:10F660007B1D1B78991C57481300DB009B1ADB009D
:10F67000C3185A5C544B1A70BB1D1B785A1E7B1D55
:10F680001B78591D1300DB009B1ADB005A184D4BE9
:10F69000D1184E4B05221800F6F7F8FCBB1D1B785D
:10F6A0005A1E7B1D1B78093319001300DB009B1ABF
:10F6B000DB005A18434BD118454B05221800F6F7CA
:10F6C000E5FCBB1D1B785A1E7B1D1B780D331900F2
:10F6D0001300DB009B1ADB005A183A4BD1183D4B44
:10F6E00005221800F6F7D2FC65E00F23FB18FF2275
:10F6F0001A7060E0BB1D1B785A1E7B1D1B78591CBD
:10F7000030481300DB009B1ADB00C3185B5C002B46
:10F710004BD10F23FB1800221A70BB1D1B785A1EF9
:10F720007B1D1B78991C27481300DB009B1ADB000C
:10F73000C3185A5C244B1A70BB1D1B785A1E7B1DC4
:10F740001B78591D1300DB009B1ADB005A181D4B58
:10F75000D1181E4B05221800F6F798FCBB1D1B782C
:10F760005A1E7B1D1B78093319001300DB009B1AFE
:10F77000DB005A18134BD118154B05221800F6F769
:10F7800085FCBB1D1B785A1E7B1D1B780D33190091
:10F790001300DB009B1ADB005A180A4BD1180D4BE3
:10F7A00005221800F6F772FC05E00F23FB18FF2274
:10F7B0001A7000E0C0460F23FB181B781800BD46E6
:10F7C00005B090BDA00B00208520002088200020DF
:10F7D0008C2000209020002090B585B000AF040060
:10F7E00008001100FB1D221C1A70BB1D021C1A70A0
:10F7F0007B1D0A1C1A700F243B1900221A70BB1DB6
:10F800001B785A1E7B1D19780E481300DB009B1ACB
:10F81000DB00C3185A5C0C4B1A700B4B1B7818009A
:10F8200000F070F903001A003B191B78934202D0D4
:10F830003B19FF221A700F23FB181B781800BD46D6
:10F8400005B090BDA00B0020D626002090B585B055
:10F8500000AF040008001100FB1D221C1A70BB1D24
:10F86000021C1A707B1D0A1C1A700F243B190022FF
:10F870001A70BB1D1B785A1E7B1D19780E48130089
:10F88000DB009B1ADB00C3185A5C0C4B1A700B4B45
:10F890001B78180000F092F903001A003B191B783E
:10F8A000934202D03B19FF221A700F23FB181B78DA
:10F8B0001800BD4605B090BDA00B0020D726002043
:10F8C00090B585B000AF040008001100FB1D221C9C
:10F8D0001A70BB1D021C1A707B1D0A1C1A700F23A4
:10F8E000FB1800221A70BB1D1B78013B264AD15C15
:10F8F0000E243B197A1D12788A1A1A70234B1B8822
:10F900001A00234BD018BB1D1B785A1E7B1D19787B
:10F910001300DB009B1ADB005A181E4BD1183B1951
:10F920001B781A0016F00DFC3B191B789AB2174B86
:10F930001B88D3189AB2154B1A80174B1B787F225D
:10F940009343DBB2002B18D1BB1D1B78013B5A023D
:10F95000124BD0180D4B1B881A000D4B190016F0D6
:10F96000F0FB0B4B64220021180016F0CBFA074B7A
:10F9700000221A800A4B02221A700F23FB181B78F0
:10F980001800BD4605B090BD900B002086280020D1
:10F9900088280020A00B002030180020E80C002050
:10F9A0008A0B0020F0B587B002AF05000C001000F4
:10F9B0001900FB1D2A1C1A70BB1D221C1A703B1D4E
:10F9C000021C1A80FB1C0A1C1A700F203B18002214
:10F9D0001A70BB1D1B785A1E1C491300DB009B1AB2
:10F9E000DB005A5C0C217B181A807B181B88DDB267
:10F9F00006003C18FB1D1A78BB1D19783B1D1888A2
:10FA0000FB1C1B7800932B00FCF75CFE03002370AB
:10FA1000BB191B78012B12D10C217B181B88DDB27E
:10FA2000BC19FB1D1A78BB1D19783B1D1888FB1CDF
:10FA30001B7800932B0000F0C9FC030023700F23F8
:10FA4000FB181B781800BD4605B0F0BDA00B0020C8
:10FA500090B595B000AF14243B1918003C231A0050
:10FA6000002116F04FFA3B1D180010231A00002148
:10FA700016F048FA80239B0018000FF0BFFD3B19D9
:10FA800003221A603B19802252025A603B198022DD
:10FA90005200DA6021007B1800221A617B18402294
:10FAA0005A617B1802221A627B1803225A627B1861
:10FAB00000229A627B181022DA627B18802292025E
:10FAC0001A637B18802292045A637B188022920565
:10FAD0009A637B1818000FF0DDFD3B1D07221A60AA
:10FAE0003B1D02225A603B1D00229A603B1D0022F2
:10FAF000DA603B1D0221180010F02CF9C046BD460B
:10FB000015B090BD80B586B000AF0200FB1D1A7025
:10FB1000FB1D1B78180006F0A5F803007B617B69CC
:10FB20001B68234A934209D07B691B68214A934290
:10FB300004D07B691B68204A934234D1C0467B695C
:10FB40001B68DA6980235B021A4080235B029A42B9
:10FB5000F5D0C0467B691B68DA698023DB031A4055
:10FB60008023DB039A42F5D10C217B18802292037B
:10FB70001A607B18786919685A6814F0B9FA7B69B9
:10FB80001B689A687B691B688021C9030A439A60D5
:10FB90007B69180014F014FB8023DB01012118009D
:10FBA0000FF0CCFC00E0FF231800BD4606B080BD7E
:10FBB00000380140004400400048004080B582B059
:10FBC00000AF0200FB1D1A70124B134A9A61FB1D15
:10FBD0001B78042B15D89A00104BD3181B689F462E
:10FBE00001200FF077FC0CE008200FF073FC08E018
:10FBF00020200FF06FFC04E002200FF06BFC00E00F
:10FC0000C0460FF0EDFC0FF0D1FC00231800BD46FC
:10FC100002B080BD007000403F0001002CDB0208F4
:10FC200080B582B000AF0200FB1D1A701F4B1A692D
:10FC300080235B001A4080235B009A4230D11B4B2B
:10FC40001B4A9A61FB1D1B78042B15D89A00194B8F
:10FC5000D3181B689F4601200FF05CFC0CE00820C5
:10FC60000FF058FC08E020200FF054FC04E00220C4
:10FC70000FF050FC00E0C04680231B020E4801221A
:10FC800019000FF0EEFBFA239B0018000DF018F995
:10FC900080231B020848002219000FF0E2FB00E05D
:10FCA00000231800BD4602B080BDC0460070004071
:10FCB0000001010040DB020800040050F0B585B0EF
:10FCC00000AF0B26BB1900221A700E23FB18082266
:10FCD0001A800823FB1800221A800FF0D5F876232B
:10FCE000FF331A0080231B02110018000FF004FAE2
:10FCF000BE19FA239B0018000FF00CF903003370B3
:10FD00000B26BB191B78002B03D0554B5B68DBB26D
:10FD1000A2E0544B5A69534B02218A435A61524B19
:10FD20001B78002B00D195E0504B1B781B029AB238
:10FD30004D4B1B78190008203B1852181A803B18AD
:10FD40001B889BB23B6000237B6049493A687B6813
:10FD500001200FF04BF80B23FE18FA239B0018002C
:10FD60000FF0D8F8030033700B23FB181B78002B1F
:10FD700003D03B4B5B68DBB26EE03A4B5A69394BC0
:10FD800001218A435A610D23FB1801221A705AE09F
:10FD90000C23FB1800221A704AE00D203B181B7838
:10FDA0005A1E34491300DB009B1A5B005B5A002B80
:10FDB00038D00E23FB181B882D4A9E183B181B7841
:10FDC0005A1E0C23FB1818782A491300DB009B1AD3
:10FDD0001B185B005B5A1C0000231D0022002B0037
:10FDE000310001200FF002F80B23FE18FA239B00CC
:10FDF00018000FF08FF8030033700B23FB181B78EB
:10FE0000002B03D0164B5B68DBB225E0154B5A691B
:10FE1000144B01218A435A610E22BB18BA1812886A
:10FE200008321A800C217B181A787B1801321A705C
:10FE30000C23FB181B780A2BAFD90D217B181A78DD
:10FE40007B1801321A70094B1B780D22BA181278F0
:10FE50009A429DD90FF03CF81800BD4605B0F0BDA0
:10FE60007498012000200240990000209800002092
:10FE700000A8070844020020B0B588B000AF1824DD
:10FE80003B1900221A703B00180015231A000021AC
:10FE900016F038F80EF0F8FFBB235A0080231B023F
:10FEA000110018000FF028F925003C19FA239B00D7
:10FEB00018000FF02FF8030023707B191B78002B1C
:10FEC00003D0654B5B68DBB2C1E0644B5A69634B9E
:10FED00002218A435A61624BFB611B23FB180022FB
:10FEE0001A70AAE01B203B181A785E4913009B0089
:10FEF0009B189B005B5C002B00D198E03B00FE222E
:10FF00001A703B181A7813009B009B189B00554AE7
:10FF100099183B0001331422180016F012F91A2325
:10FF2000FB1800221A702BE0F9691A23FB181B78C2
:10FF3000DB003A00D3181A685B6801200EF056FF08
:10FF400018257C19FA239B0018000EF0E3FF03002C
:10FF500023707B191B78002B03D03F4B5B68DBB20F
:10FF600075E03E4B5A693D4B01218A435A61FB695A
:10FF70000833FB611A217B181A787B1801321A703A
:10FF80001A23FB181B78042BCED91923FB18002247
:10FF90001A7036E0F8691B23FB181A7831491300F0
:10FFA0009B009B189B00CB180C331B681922BA18B6
:10FFB000127892009B181A685B68010001200EF00D
:10FFC00015FF18257C19FA239B0018000EF0A2FFDC
:10FFD000030023707B191B78002B03D01E4B5B683A
:10FFE000DBB234E01D4B5A691C4B01218A435A6134
:10FFF000FB690833FB6119217B181A787B180132E1
:020000040801F1
:100000001A701923FB181C781B23FB181A78154942
:1000100013009B009B189B00CB180C331B68180027
:10002000F0F77CF8030001339B089C42B2D31B21FC
:100030007B181A787B1801321A700B4B1B781B2225
:10004000BA1812789A4200D24CE70EF041FF18001D
:10005000BD4608B0B0BDC0467498012000200240E3
:1000600000B00708C41800208D0B0020F0B589B03F
:1000700004AF05000C0010001900FB1D2A1C1A70AB
:10008000BB1D221C1A707B1D021C1A703B1D0A1C12
:100090001A700F257B1900221A700E26BB19002238
:1000A0001A704A4B1A787C19BB1D1B781900100076
:1000B000F4F76CFD030023703B1D1B78002B0ED062
:1000C000424B1B78BA1D12789A4208D17B193A1D0F
:1000D00012781A70BB193D4A12781A701BE03B1D4A
:1000E0001B78002B17D1BB1D1B78013B384AD35C12
:1000F000012B05D10E23FB18344A12781A700AE03E
:10010000BB1D1B78013B324AD35C5A1E0E23FB18E1
:1001100030498A5C1A702D4B1B78FA1D12789A426E
:100120002FD109F0FDFC0300BB603B1D1B78002BA9
:1001300008D1294B1968BB1D1A78BB68180015F047
:1001400061FE08E0254B1968BB1D1A783B1D1B7822
:10015000B86815F057FE224B1A68BB6811001800EA
:1001600015F0D8FEBB681800EFF7D8FF03009AB26D
:10017000B9687B1D1878322305F014FD64200CF05B
:100180009FFE7B1D1B78180000F02CF80F257B19B3
:100190001B78180000F026F80C4B19780B4B1C78D4
:1001A0007B191A787B1D18780023039301235B4287
:1001B000029301235B420193022300932300FAF789
:1001C00093FFC046BD4605B0F0BDC0469900002073
:1001D000E0170020982000208800002090000020D8
:1001E0008C00002080B584B000AF0200FB1D1A70A7
:1001F000FB1D1B78180005F035FD0300FB60FB6854
:10020000180012F0B7F8FB688022D2001A61FB6870
:10021000802252019A60FB68180012F055F8FB68C2
:100220001B681A68FB681B6820210A431A60C046D5
:10023000BD4604B080BD000080B586B002AF514B12
:100240005A6B504B02210A435A634E4B5B6B02229E
:100250001340BB60BB684B4B5A6B4A4B01210A43AE
:100260005A63484B5B6B012213407B607B6805F04F
:100270005FF805F0A5F805F0EBF805F031F905F0A9
:1002800069F904F0DBFD04F04DFD04F06BFE012381
:10029000FB6061E0FB68DBB2180005F0E3FC0200E4
:1002A000394B9A4206D1FB685A1E384B92003849A6
:1002B000D1504EE0FB68DBB2180005F0D3FC020021
:1002C000344B9A4206D1FB685A1E304B9200324999
:1002D000D1503EE0FB68DBB2180005F0C3FC020021
:1002E0002E4B9A4206D1FB685A1E284B92002C498D
:1002F000D1502EE0FB68DBB2180005F0B3FC020021
:10030000284B9A4206D1FB685A1E204B9200264980
:10031000D1501EE0FB68DBB2180005F0A3FC020020
:10032000224B9A4206D1FB685A1E184B9200204974
:10033000D1500EE0FB68DBB2180005F093FC020020
:100340001C4B9A4205D1FB685A1E104B92001A4969
:10035000D150FB680133FB60FB68052B9ADD174B1E
:100360001B68002B09D1164A16491748134B0193F5
:100370000323009300230AF09CFDC046BD4604B051
:1003800080BDC046001002403C290020BC17002060
:100390000C000240D029002020000240642A0020E6
:1003A00034000240F82A0020480002408C2B002034
:1003B0005C000240202C002070000240982D00209C
:1003C000C409000054DB020831050108B0B586B04D
:1003D00000AF05000C0010001900BB1D2A1C1A807C
:1003E0007B1D221C1A703B1D021C1A70FB1C0A1C70
:1003F0001A7017217B1800221A7000233B6100231A
:10040000FB600023BB607B181B781800BD4606B05C
:10041000B0BD000080B582B000AF78607B681B681B
:10042000124A934201D101231CE07B681B68104AE9
:10043000934201D1022315E07B681B680D4A934269
:1004400001D103230EE07B681B680B4A934201D164
:10045000042307E07B681B68084A934201D1052307
:1004600000E000231800BD4602B080BD003C014002
:100470000044004000480040003801400050004067
:1004800080B500AF154B180009F094FA144B180012
:1004900009F090FA134B180009F08CFA124B18006F
:1004A00009F088FA114B180009F084FA104B180073
:1004B00009F080FA0F4B180009F07CFA0E4B180077
:1004C00009F078FA0D4B180009F074FA0C4B18007B
:1004D00009F070FAC046BD4680BDC04668D4020827
:1004E000D0D4020800D50208C8D5020864D6020894
:1004F000D4D60208C8D70208C8D80208D8D902083A
:100500001CDB020880B584B000AF02003960FB1D1F
:100510001A700F217B1800221A707B1867221A703C
:10052000C0467B181B781800BD4604B080BD000093
:1005300080B582B000AF7860284B1B780C2B46D872
:100540009A00274BD3181B689F46244B1B78180032
:1005500000F020F93FE0214B1B78180000F01AF959
:1005600039E000F083F936E000F0E8F933E01B4BA6
:100570001B78180000F006FB2DE0184B1B781800C4
:1005800000F000FB27E0154B1B78180000F0FAFA8A
:1005900021E0124B1B78180000F0F4FA1BE00F4B1F
:1005A0001B78180000F0EEFA15E00C4B1B781800D1
:1005B00000F0E8FA0FE0094B1B78180000F0E2FAAF
:1005C00009E0064B1B78180000F0DCFA03E00A2073
:1005D00009F02EF9C04609F01BFDADE79D2D002066
:1005E00060DB0208B0B584B000AF05000C0010005D
:1005F0001900FB1D2A1C1A70BB1D221C1A707B1DC2
:10060000021C1A703B1D0A1C1A705C4BFB605C4B91
:100610001B68FA68DA625B4B1B68FA68DA625A4B4D
:100620001B68FA68DA623B1D1B781800F0F7CCFEF5
:10063000031C5649181CF0F71BF9031C1C1CFB1D5E
:100640001B781800F0F7C0FE031C5149181CF0F786
:100650000FF9031C191C201CF0F7D8FA031C1C1CF2
:10066000F868F0F701FF031C191C201CF0F7CEFA04
:10067000031C1A1C424B1C68101CEFF7A7FF030059
:1006800063633B1D1B781800F0F79EFE031C3F4977
:10069000181CF0F7EDF8031C1C1C7B1D1B781800C0
:1006A000F0F792FE031C3A49181CF0F7E1F8031C1E
:1006B000191C201CF0F7AAFA031C1C1CF868F0F7A0
:1006C000D3FE031C191C201CF0F7A0FA031C1A1CF3
:1006D0002C4B1C68101CEFF779FF030063633B1D74
:1006E0001B781800F0F770FE031C2849181CF0F75F
:1006F000BFF8031C1C1CBB1D1B781800F0F764FE20
:10070000031C2349181CF0F7B3F8031C191C201C08
:10071000F0F77CFA031C1C1CF868F0F7A5FE031C1C
:10072000191C201CF0F772FA031C1A1C164B1C68CB
:10073000101CEFF74BFF0300A363114B00211800BF
:1007400010F054FC031E01D0FF2312E00D4B0021DA
:10075000180010F04BFC031E01D0FF2309E00A4BE8
:100760000421180010F042FC031E01D0FF2300E01A
:1007700000231800BD4604B0B0BDC046FF03000012
:10078000B42C0020002D00204C2D00200000C84279
:1007900000007F4390B585B000AF0200FB1D1A70CA
:1007A0000F23FB1800221A70284B00229B5E002B9F
:1007B00004DC264B00229B5E01333ED1FB1D1B78DF
:1007C000012B09D1224B1878224B1978224B1A7829
:1007D000642300F0B1FC09E0FB1D1B78022B05D15E
:1007E0001E4B1B786421180000F0D8FC1C4B1B68C2
:1007F000180009F01DF80F243B191A4A12781A70D4
:1008000000F042FC174B3A1912781A70164B1A680E
:10081000134B1B68D31A180009F00AF80B4B00227F
:100820009B5E002B0DDD094B00229B5E9BB2013BC2
:100830009BB21AB2054B1A8003E00A4B00221A70D1
:10084000C046C046BD4605B090BDC046A22D0020A2
:100850009F2D0020A02D0020A12D00209C2D0020E8
:10086000A42D00209D2D0020A82D002080B500AFD4
:100870002F4B1B6806211800EFF76CFC03001A00D1
:100880002C4B1A602C4B00229B5E002B04DC2A4B65
:1008900000229B5E013344D16421032000F07EFCE2
:1008A000244B1B68180008F0C3FF6421052000F0EA
:1008B00075FC204B1B68180008F0BAFF6421082063
:1008C00000F06CFC1B4B1B68180008F0B1FF6421A2
:1008D000062000F063FC174B1B68180008F0A8FF07
:1008E0006421042000F05AFC124B1B68180008F029
:1008F0009FFF6421072000F051FC0E4B1B6818007D
:1009000008F096FF0C4B00229B5E002B0CDD0A4B7F
:1009100000229B5E9BB2013B9BB21AB2064B1A802F
:1009200002E000F0B1FBC046C046BD4680BDC046F7
:10093000A82D0020B82D0020A22D002080B582B067
:1009400000AF8D4B1B6806211800EFF703FC030076
:100950001A008A4B1A608A4B00229B5E002B05DC32
:10096000874B00229B5E013300D0FEE0FB1D00227E
:100970001A701FE0FB1D197864230022FF2000F08D
:10098000DBFB7E4B1B68FF211800EFF7E3FB030046
:100990001800F2F72BFD02000B0010001900EFF712
:1009A0002DFE0300180008F043FFFB1D1A78FB1D05
:1009B00001321A70FB1D1B78FF2BDBD1BB1DFF2200
:1009C0001A701FE0BB1D187864230022FF2100F07D
:1009D000B3FB6A4B1B68FF211800EFF7BBFB03005A
:1009E0001800F2F703FD02000B0010001900EFF7EA
:1009F00005FE0300180008F01BFFBB1D1A78BB1D85
:100A0000013A1A70BB1D1B78002BDBD17B1D002225
:100A10001A701FE07B1D1A786423FF21002000F06C
:100A20008BFB564B1B68FF211800EFF793FB03006D
:100A30001800F2F7DBFC02000B0010001900EFF7C2
:100A4000DDFD0300180008F0F3FE7B1D1A787B1D06
:100A500001321A707B1D1B78FF2BDBD13B1DFF225F
:100A60001A701FE03B1D19786423FF22002000F05C
:100A700063FB424B1B68FF211800EFF76BFB030081
:100A80001800F2F7B3FC02000B0010001900EFF79A
:100A9000B5FD0300180008F0CBFE3B1D1A783B1D86
:100AA000013A1A703B1D1B78002BDBD1FB1C002286
:100AB0001A701FE0FB1C18786423FF22002100F04D
:100AC0003BFB2E4B1B68FF211800EFF743FB030095
:100AD0001800F2F78BFC02000B0010001900EFF772
:100AE0008DFD0300180008F0A3FEFB1C1A78FB1C08
:100AF00001321A70FB1C1B78FF2BDBD1BB1CFF22C1
:100B00001A701FE0BB1C1A7864230021FF2000F03C
:100B100013FB1A4B1B68FF211800EFF71BFB0300A8
:100B20001800F2F763FC02000B0010001900EFF749
:100B300065FD0300180008F07BFEBB1C1A78BB1C87
:100B4000013A1A70BB1C1B78002BDBD10C4B002226
:100B50009B5E002B0CDD0A4B00229B5E9BB2013B8F
:100B60009BB21AB2064B1A8002E000F08DFAC04622
:100B7000C046BD4602B080BDA82D0020BC2D00207F
:100B8000A22D002090B587B000AF0200FB1D1A70A7
:100B90000B23FB1800221A70DA4B00229B5E002BFD
:100BA00005DCD84B00229B5E013300D014E20B23FE
:100BB000FB18D54A12781A70FB1D1B78052B22D121
:100BC0001723FB1800221A7017E0D04B1A7817244D
:100BD0003B191B781900100000F0E0FACC4B1B68A1
:100BE00064211800EFF7B6FA0300180008F020FEA1
:100BF0003B191A783B1901321A701723FB181B781E
:100C0000642BE2D9D9E1FB1D1B78062B2AD11623D0
:100C1000FB1800221A701AE0BC4B1A7816243B19F4
:100C20001B781900100000F0B9FAB94B1A68B94BDB
:100C30001B68D31A64211800EFF78CFA0300180020
:100C400008F0F6FD3B191A783B1901321A70162389
:100C5000FB181B78642BDFD9AE4B1B68180008F01B
:100C6000E7FDAAE1FB1D1B78072B24D11523FB18F8
:100C700065221A7019E0A54B1A7815243B191B78C8
:100C8000013BDBB21900100000F088FAA04B1B6892
:100C900064211800EFF75EFA0300180008F0C8FDA1
:100CA0003B191A783B19013A1A701523FB181B7867
:100CB000002BE0D181E1FB1D1B78082B2CD11423E4
:100CC000FB1865221A701CE0904B1A7814243B190B
:100CD0001B78013BDBB21900100000F05FFA8C4B6F
:100CE0001A688C4B1B68D31A64211800EFF732FA8C
:100CF0000300180008F09CFD3B191A783B19013AD3
:100D00001A701423FB181B78002BDDD1814B1B6854
:100D1000180008F08DFD50E1FB1D1B78092B46D112
:100D20001323FB1800221A7017E0784B1A7813244B
:100D30003B191B781900100000F030FA744B1B6847
:100D4000C8211800EFF706FA0300180008F070FD3C
:100D50003B191A783B1901321A701323FB181B78C0
:100D6000642BE2D91223FB1865221A7019E0674B35
:100D70001A7812243B191B78013BDBB219001000D2
:100D800000F00CFA624B1B68C8211800EFF7E2F97B
:100D90000300180008F04CFD3B191A783B19013A82
:100DA0001A701223FB181B78002BE0D105E1FB1D04
:100DB0001B780A2B46D11123FB1865221A7019E003
:100DC000524B1A7811243B191B78013BDBB21900F6
:100DD000100000F0E3F94E4B1B68C8211800EFF734
:100DE000B9F90300180008F023FD3B191A783B19E4
:100DF000013A1A701123FB181B78002BE0D1102345
:100E0000FB1800221A7017E0404B1A7810243B1987
:100E10001B781900100000F0C1F93D4B1B68C82178
:100E20001800EFF797F90300180008F001FD3B19CF
:100E30001A783B1901321A701023FB181B78642BA7
:100E4000E2D9BAE0FB1D1B780B2B51D10F23FB1805
:100E500000221A701AE02D4B1A780F243B191B78C8
:100E60001900100000F09AF9294B1A68294B1B68E9
:100E7000D31AC8211800EFF76DF90300180008F025
:100E8000D7FC3B191A783B1901321A700F23FB1853
:100E90001B78642BDFD90E23FB1865221A701CE027
:100EA0001A4B1A780E243B191B78013BDBB2190050
:100EB000100000F073F9164B1A68164B1B68D31A12
:100EC000C8211800EFF746F90300180008F0B0FC3D
:100ED0003B191A783B19013A1A700E23FB181B783C
:100EE000002BDDD10B4B1B68180008F0A1FC64E05F
:100EF000FB1D1B780C2B60D10D23FB1865221A708B
:100F000027E0C046A22D00209D2D00209C2D002012
:100F1000A82D0020A42D0020334B1A780D243B1956
:100F20001B78013BDBB21900100000F037F92F4BA2
:100F30001A682F4B1B68D31AC8211800EFF70AF95B
:100F40000300180008F074FC3B191A783B19013AA9
:100F50001A700D23FB181B78002BDDD10C23FB1816
:100F600000221A701AE0204B1A780C243B191B78C7
:100F70001900100000F012F91C4B1A681C4B1B687A
:100F8000D31AC8211800EFF7E5F80300180008F09D
:100F90004FFC3B191A783B1901321A700C23FB18CD
:100FA0001B78642BDFD9124B1B68180008F040FC3B
:100FB000104B0B22BA1812781A700F4B00229B5E4E
:100FC000002B0DDD0C4B00229B5E9BB2013B9BB2C4
:100FD0001AB2094B1A8003E0064B00221A70C04671
:100FE000C046BD4607B090BD9C2D0020A82D002016
:100FF000A42D00209D2D0020A22D0020B0B584B08E
:1010000000AF0200FB1D1A700F23FB1800221A709C
:10101000FB1D1B78002B10D1174B1B6800225A6355
:10102000164B1B6800225A63154B1B6800229A63FB
:10103000144B00221A7000231AE0FB1D1B78642B4E
:1010400015D80F257C19FB1D1B78FF22FF21FF20DF
:10105000FFF7C8FA030023707B191B78002B02D11D
:10106000084B01221A700F23FB181B7800E00323A2
:101070001800BD4604B0B0BDB42C0020002D0020E7
:101080004C2D00209E2D002080B500AF124B00217A
:10109000180010F09BF8114B0021180010F096F882
:1010A0000F4B0421180010F091F80B4B1B68002225
:1010B0005A630A4B1B6800225A63094B1B680022C3
:1010C0009A63084B00221A70074B00221A70002303
:1010D0001800BD4680BDC046B42C0020002D002065
:1010E0004C2D00209E2D00209D2D002090B585B018
:1010F00000AF0200FB1D1A700F217B1800221A702E
:101100000C4B1B78002B05D07C18FFF7BDFF0300AC
:10111000237008E00F23FC18FB1D1B781800FFF755
:101120006DFF030023700F23FB181B781800BD46CA
:1011300005B090BD9E2D0020B0B582B000AF050077
:101140000C0010001900FB1D2A1C1A70BB1D221C6C
:101150001A707B1D021C1A703B1D0A1C1A703B1D65
:101160001B78002B04D10020FFF748FF030011E09B
:101170003B1D1B78642B01D903230BE03B1D1C781E
:101180007B1D1A78BB1D1978FB1D18782300FFF70B
:1011900029FA03001800BD4602B0B0BD90B585B075
:1011A00000AF0200FB1D1A70BB1D0A1C1A700F2332
:1011B000FB1800221A70BB1D1B78002B04D10020E5
:1011C000FFF71CFF03006FE0BB1D1B78642B01D9E8
:1011D000032369E0FB1D1B78082B5DD89A00344B74
:1011E000D3181B689F460F23FC18FFF74DFF030021
:1011F000237056E00F23FC18BB1D1B781800FFF767
:10120000FDFE030023704CE00F23FC18BB1D1B7870
:1012100000220021FF20FFF78FFF0300237040E032
:101220000F23FC18BB1D1B78FF2200210020FFF7B5
:1012300083FF0300237034E00F23FC18BB1D1B78D1
:101240000022FF21FF20FFF777FF0300237028E033
:101250000F23FC18BB1D1B78FF22FF210020FFF786
:101260006BFF030023701CE00F23FC18BB1D1B78D1
:10127000FF220021FF20FFF75FFF0300237010E033
:101280000F23FC18BB1D1B780022FF210020FFF755
:1012900053FF0300237004E00F23FB1802221A708F
:1012A000C0460F23FB181B781800BD4605B090BD43
:1012B00094DB020890B585B000AF0400080011006F
:1012C0003B60FB1D221C1A70BB1D021C1A707B1D8B
:1012D0000A1C1A700F217B1800221A700F4BFA1D7E
:1012E00012781A700E4BBA1D12781A700D4B7A1DB7
:1012F00012781A700C4B3A681A600C4B3A6A1A60F2
:101300007B6A1AB20A4B1A800A4B01221A707B18A8
:101310001B781800BD4605B090BDC0469F2D00202B
:10132000A02D0020A12D0020A82D0020A42D0020FC
:10133000A22D00209D2D002080B586B000AFB960A1
:101340007A603B600F217B18021C1A7017203B1833
:1013500000221A700B4B7A1812781A700A4BBA686E
:101360001A600A4B7A681A603B681AB2084B1A80F6
:10137000084B02221A703B181B781800BD4606B0B5
:1013800080BDC0469C2D0020A82D0020A42D00204B
:10139000A22D00209D2D002080B586B000AFB96041
:1013A0007A600F217B18021C1A700A00BB181B7888
:1013B000032B03D0BB181B78042B12D117217B18E9
:1013C00000221A70094BBA681A607B681AB2084B7F
:1013D0001A80084B0F22BA1812781A707B181B78E3
:1013E00000E004231800BD4606B080BDA82D0020F3
:1013F000A22D00209D2D002090B587B000AFBA60CF
:101400007B600F243B19021C1A700E203B180A1C2B
:101410001A7001007B181B78042B1CD97B181B78D1
:101420000C2B18D817203B1800221A700C4B3A19B5
:1014300012781A700B4BBA681A600B4B7A681A60F4
:10144000BB6A1AB2094B1A80094B7A1812781A70C3
:101450003B181B7800E004231800BD4607B090BD80
:101460009C2D0020A82D0020A42D0020A22D0020BE
:101470009D2D0020B0B586B002AFF860B9607A60EB
:10148000FFF702FE32210320FFF788FE2F4B1C7866
:101490002F4B1D682E4B1B681800EEF73FFE030014
:1014A0009AB20A2300930A232900200004F024FBA7
:1014B000FA239B0018000BF003FDFFF7E5FD322136
:1014C0000820FFF76BFE214B1C78224B1D68214B37
:1014D0001B681800EEF722FE03009AB20A2300935D
:1014E0000A232900200004F007FBFA239B001800C0
:1014F0000BF0E6FCFFF7C8FD32210420FFF74EFE9B
:10150000124B1C78144B1D68134B1B681800EEF728
:1015100005FE03009AB20A2300930A232900200043
:1015200004F0EAFAFA239B0018000BF0C9FCFFF75D
:10153000ABFDFA68094B1000190003231A0014F0E0
:1015400000FE00231800BD4604B0B0BD880B00208B
:10155000600200206402002068020020B8DB02085C
:10156000F0B589B000AFF860B9607A601F243B190C
:1015700000221A7000237B611E257B1900221A703D
:101580001423FA187B680121180008F0D1FA03002F
:10159000BB61BB69180013F0AEF802007B191A702A
:1015A00026003C197B191B781800FFF727FD030064
:1015B0002370BB191B78002B08D10D4B19687B19C0
:1015C0001A78FB68180014F01DFC0BE01F23FB18B1
:1015D0001B78032B06D1074B1A68FB681100180013
:1015E00014F0A7FD00231800BD4609B0F0BDC046A9
:1015F0006C0200207002002080B584B000AFF8605B
:10160000B9607A60064B1A68FB681100180014F084
:1016100090FDFFF739FD00231800BD4604B080BDE2
:1016200074020020F0B58DB000AFF860B9607A6048
:101630002E23FB1800221A702F243B1900221A7047
:101640002D23FB1800221A701C23FB1818000F23EF
:101650001A00002114F056FC0023BB6100237B61BB
:101660001823FA187B680121180008F061FA0200BB
:10167000614B1A60604B1B68BA696049180014F02E
:1016800064FC031E03D13B1901221A7060E05A4B1F
:101690001B68BA695A49180014F057FC031E04D19C
:1016A0002F23FB1802221A7052E0534B1B68BA69B1
:1016B0005449180014F049FC031E04D12F23FB18D1
:1016C00003221A7044E04C4B1B68BA694E4918005B
:1016D00014F03BFC031E04D12F23FB1804221A70C4
:1016E00036E0454B1B68BA694849180014F02DFCD8
:1016F000031E04D12F23FB1805221A7028E03E4B4D
:101700001B68BA694249180014F01FFC031E04D17B
:101710002F23FB1806221A701AE0374B1B68BA6990
:101720003C49180014F011FC031E04D12F23FB18B0
:1017300007221A700CE0304B1B68BA693649180052
:1017400014F003FC031E03D12F23FB1808221A7088
:101750001423FA187B680221180008F0E9F9020046
:101760002E4B1A602D4B1B68180012F0C4FF0200AC
:101770002D257B191A702E26BC197B191A782F2358
:10178000FB181B7811001800FFF708FD03002370F9
:10179000BB191B78002B11D1174B1968BB691A00B4
:1017A0001C243B19180014F0E1FB1D4B19687B1930
:1017B0001B783A19F86814F025FB18E02E23FB1863
:1017C0001B78022B07D1174B1A68FB681100180011
:1017D00014F0AFFC0BE02E23FB181B78032B06D173
:1017E000114B1A68FB681100180014F0A2FC0023CA
:1017F0001800BD460DB0F0BDC02D0020BCDB0208B6
:10180000C4DB0208CCDB0208D0DB0208D8DB02080C
:10181000E0DB0208E8DB0208F0DB0208C42D002050
:10182000780200207C02002080020020F0B58DB0FC
:1018300002AFF860B9607A602723FB1800221A70A3
:101840002626BB1900221A7025243B1900221A7083
:1018500024257B1900221A7023217B1800221A707C
:101860000023FB610023BB6100237B6100233B61FC
:101870001C22BA187B680121180008F059F90200EF
:10188000444B1A60434B1B68180012F034FF0200EF
:10189000BB191A701822BA187B680221180008F0C8
:1018A00047F902003C4B1A603B4B1B68180012F0D2
:1018B00022FF02003B191A701422BA187B68032118
:1018C000180008F035F90200344B1A60334B1B68DE
:1018D000180012F010FF02007B191A701022BA18BB
:1018E0007B680421180008F023F902002C4B1A60D1
:1018F0002B4B1B68180012F0FEFE020023217B1800
:101900001A7027203C187B181D782422BB181A78DF
:101910002523FB181978BB1918782B00FFF70CFC4E
:101920000300237027203B181B78002B14D11D4B7C
:101930001968BB191C782523FB181D782422BB18B5
:101940001B782322BA181278F868019200932B00B2
:10195000220014F057FA18E02723FB181B78022BFB
:1019600007D1114B1A68FB681100180014F0E1FB55
:101970000BE02723FB181B78032B06D10B4B1A68AF
:10198000FB681100180014F0D4FB00231800BD46BA
:101990000BB0F0BDC82D0020CC2D0020D02D002094
:1019A000D42D002084020020880200208C02002018
:1019B000F0B589B000AFF860B9607A601F243B19B8
:1019C00000221A7000237B611E257B1900221A70E9
:1019D0001423FA187B680121180008F0A9F8030005
:1019E000BB61BB69180012F086FE02007B191A70F9
:1019F00026003C197B191B781800FFF777FB0300C2
:101A00002370BB191B78002B0CD1184B1B78002BB3
:101A100008D0174B19687B191A78FB68180014F066
:101A2000F1F91EE01F23FB181B78002B0DD10F4B83
:101A30001B78002B09D10F4B19681E23FB181A784D
:101A4000FB68180014F0DEF90BE01F23FB181B786D
:101A5000032B06D1084B1A68FB681100180014F01C
:101A600068FB00231800BD4609B0F0BD9E2D002084
:101A7000900200209402002098020020F0B595B05A
:101A800002AFF860B9607A603F23FB1800221A7039
:101A900047243B1900221A700023BB6300237B6399
:101AA00000233B642423FB1818000F231A00002195
:101AB00014F028FA00233B620023FB610023BB6182
:101AC00000237B612023FA187B680121180008F0AD
:101AD0002FF80200744B1A60734B1B683A6A734903
:101AE000180014F032FA031E03D13B1901221A70B8
:101AF00060E06D4B1B683A6A6D49180014F025FAD6
:101B0000031E04D14723FB1802221A7052E0664BD1
:101B10001B683A6A6749180014F017FA031E04D1CB
:101B20004723FB1803221A7044E05F4B1B683A6A94
:101B30006149180014F009FA031E04D14723FB1869
:101B400004221A7036E0584B1B683A6A5B49180049
:101B500014F0FBF9031E04D14723FB1805221A7069
:101B600028E0514B1B683A6A5549180014F0EDF90A
:101B7000031E04D14723FB1806221A701AE04A4BB1
:101B80001B683A6A4F49180014F0DFF9031E04D1AC
:101B90004723FB1807221A700CE0434B1B683A6A74
:101BA0004949180014F0D1F9031E03D14723FB184B
:101BB00008221A701C23FA187B680221180007F00B
:101BC000B7FF0200414B1A60404B1B68180012F02F
:101BD00092FD0300BB631823FA187B6803211800E9
:101BE00007F0A6FF02003A4B1A60394B1B68180039
:101BF00012F081FD03007B631423FA187B68042133
:101C0000180007F095FF0200324B1A60314B1B6839
:101C1000314A11001800EEF777FA031E03D10123B1
:101C20005B423B6406E02B4B1B68180012F063FD1F
:101C300003003B643F26BC193D6C7A6BB96B4723AC
:101C4000FB1818782B00FFF777FB03002370BB19F4
:101C50001B78002B23D1144B19683B6A1A002425EA
:101C60007B19180014F082F93B6C01330AD11B4B2D
:101C70001968BC6B7A19F8687B6B0093230014F029
:101C8000C1F80CE0164B1968BC6B2423FA18F868ED
:101C90003B6C01937B6B0093230014F0B3F800239B
:101CA0001800BD4613B0F0BDD82D0020BCDB0208E3
:101CB000C4DB0208CCDB0208D0DB0208D8DB020858
:101CC000E0DB0208E8DB0208F0DB0208DC2D002084
:101CD000E02D0020E42D0020F8DB02089C0200200B
:101CE000A0020020F0B593B004AFF860B9607A604C
:101CF0003323FB1800221A7032243B1900221A7079
:101D000031257B1900221A703026BB1900221A7067
:101D10000023FB620023BB6200237B6300237B6202
:101D200000233B620023FB610023BB6100237B6136
:101D300000233B612423FA187B680121180007F077
:101D4000F7FE02005D4B1A605C4B1B68180012F036
:101D5000D2FC02003B191A702023FA187B6802217A
:101D6000180007F0E5FE0200554B1A60544B1B6843
:101D7000180012F0C0FC02007B191A701C23FA181C
:101D80007B680321180007F0D3FE02004D4B1A6058
:101D90004C4B1B68180012F0AEFC0200BB191A7005
:101DA0001823FA187B680421180007F0C1FE02000E
:101DB000454B1A60444B1B68180012F09CFC030052
:101DC000FB621423FA187B680521180007F0B0FEA7
:101DD00002003E4B1A603D4B1B68180012F08BFC52
:101DE0000300BB621023FA187B680621180007F075
:101DF0009FFE0200364B1A60354B1B68354A1100B6
:101E00001800EEF781F9031E03D101235B427B63C7
:101E100006E02F4B1B68180012F06DFC03007B637B
:101E20003326BC19FD6A3023FB181A7831217B1840
:101E3000197832203B1818787B6B0193BB6A0093AA
:101E40002B00FFF737FA03002370BB191B78002B18
:101E50002FD17B6B013315D11F4B196832203B18F2
:101E60001C783122BB181D783023FB181B78F868CA
:101E7000BA6A0292FA6A019200932B00220013F0D0
:101E8000C1FF16E0154B19683223FB181C7831236B
:101E9000FB181D783023FB181B78F8687A6B0392C7
:101EA000BA6A0292FA6A019200932B00220013F0A0
:101EB000A9FF00231800BD460FB0F0BDE82D00209B
:101EC000EC2D0020F02D0020F42D0020F82D002016
:101ED000FC2D0020F8DB0208A4020020A80200204C
:101EE000B0B592B002AFF860B9607A603723FB18E2
:101EF00000221A703F243B1900221A7000233B6312
:101F00000023BB632023FB1818000F231A000021B5
:101F100013F0F8FF0023FB610023BB6100237B610A
:101F20001C23FA187B680121180007F001FE02004B
:101F30003F4B1A603E4B1B68FA693E49180014F08B
:101F400004F8031E03D13B1903221A700CE0384B2E
:101F50001B68FA693849180013F0F7FF031E03D114
:101F60003F23FB1804221A701823FA187B680221F9
:101F7000180007F0DDFD0200304B1A602F4B1B6884
:101F8000180012F0B8FB03003B631423FA187B68B7
:101F90000321180007F0CCFD0200294B1A60284BE2
:101FA0001B68284A11001800EEF7AEF8031E03D193
:101FB00001235B42BB6306E0214B1B68180012F053
:101FC0009AFB0300BB6337257C19BA6B396B3F233F
:101FD000FB181B781800FFF7DFF9030023707B194B
:101FE0001B78002B1ED1124B1968FB691A002024A4
:101FF0003B19180013F0BAFFBB6B013307D1124B2A
:1020000019683B6B3A19F86813F0FCFE0AE00F4BB5
:1020100019683C6B2023FA18F868BB6B0093230007
:1020200013F0F0FE00231800BD4610B0B0BDC0464E
:10203000002E0020FCDB020804DC0208042E002035
:10204000082E0020F8DB0208AC020020B0020020BD
:10205000F0B59BB004AFF860B9607A604F23FB180D
:1020600000221A7057243B1900221A705623FB18BD
:1020700000221A700023BB6400237B6400233B65AD
:1020800000233B640023FB630023BB6300237B63CB
:1020900000233B632023FB1818000F231A000021A4
:1020A00013F030FF1023FB1818000F231A00002133
:1020B00013F028FF4023FA187B680121180007F06D
:1020C00037FD0200BA4B1A60B94B1B683A6CB9492C
:1020D000180013F03AFF031E03D13B1901221A70B6
:1020E00060E0B34B1B683A6CB349180013F02DFF46
:1020F000031E04D15723FB1802221A7052E0AC4B86
:102100001B683A6CAD49180013F01FFF031E04D181
:102110005723FB1803221A7044E0A54B1B683A6C46
:10212000A749180013F011FF031E04D15723FB1811
:1021300004221A7036E09E4B1B683A6CA1491800C5
:1021400013F003FF031E04D15723FB1805221A7056
:1021500028E0974B1B683A6C9B49180013F0F5FE7A
:10216000031E04D15723FB1806221A701AE0904B65
:102170001B683A6C9549180013F0E7FE031E04D162
:102180005723FB1807221A700CE0894B1B683A6C26
:102190008F49180013F0D9FE031E03D15723FB18F3
:1021A00008221A703C23FA187B680221180007F0F5
:1021B000BFFC0200874B1A60864B1B68FA6B86498E
:1021C000180013F0C2FE031E04D15623FB1805228B
:1021D0001A7060E07F4B1B68FA6B8049180013F09F
:1021E000B4FE031E04D15623FB1806221A7052E0D7
:1021F000784B1B68FA6B7A49180013F0A6FE031E91
:1022000004D15623FB1807221A7044E0714B1B6857
:10221000FA6B7449180013F098FE031E04D156237C
:10222000FB1808221A7036E06A4B1B68FA6B6E497D
:10223000180013F08AFE031E04D15623FB1809224E
:102240001A7028E0634B1B68FA6B6849180013F09A
:102250007CFE031E04D15623FB180A221A701AE0D2
:102260005C4B1B68FA6B6249180013F06EFE031E8C
:1022700004D15623FB180B221A700CE0554B1B6837
:10228000FA6B5C49180013F060FE031E03D156235D
:10229000FB180C221A703823FA187B6803211800E7
:1022A00007F046FC0200544B1A60534B1B681800A1
:1022B00012F021FA0300BB643423FA187B6804216E
:1022C000180007F035FC02004C4B1A604B4B1B68A2
:1022D000180012F010FA03007B643023FA187B68B0
:1022E0000521180007F024FC0200454B1A60444BFE
:1022F0001B68444A11001800EDF706FF031E03D1C6
:1023000001235B423B6506E03D4B1B68180012F061
:10231000F2F903003B654F26BC197D6CBA6C56235D
:10232000FB1819785723FB1818783B6D00932B0086
:10233000FFF762F803002370BB191B78002B31D123
:102340001B4B19683B6C1A0020257B19180013F0F1
:102350000DFE204B1968FB6B1A001026BB191800E4
:1023600013F004FE3B6D01330CD1274B1968BC6C94
:102370007A19F868BB1901937B6C0093230013F062
:1023800041FD0FE0214B1968BC6C2023FA18F86856
:102390003B6D02931023FB1801937B6C0093230089
:1023A00013F030FD00231800BD4617B0F0BDC04645
:1023B0000C2E0020BCDB0208C4DB0208CCDB0208C8
:1023C000D0DB0208D8DB0208E0DB0208E8DB020809
:1023D000F0DB0208102E00200CDC020810DC0208E2
:1023E00018DC020820DC02082CDC020834DC0208BD
:1023F0003CDC020848DC0208142E0020182E0020C5
:102400001C2E0020F8DB0208B4020020B8020020D5
:1024100080B582B000AF1A4B9A6B194B01210A4369
:102420009A63174B9B6B012213407B607B68144BB4
:102430009A6B134B02210A439A63114B9B6B022246
:1024400013403B603B680022002109200BF0EEFEA8
:1024500009200BF000FF002200210A200BF0E6FE0D
:102460000A200BF0F8FE002200210B200BF0DEFE0C
:102470000B200BF0F0FEC046BD4602B080BDC0464A
:102480000010024080B582B000AFFB1D00221A7020
:10249000324B5B78002B0ED1314B1A68314B110057
:1024A000180000F069F8031E05D0FB1DFF221A700A
:1024B000FB1D1B784DE0294B9B78002B0ED1284B40
:1024C0005A68294B1100180000F056F8031E05D079
:1024D000FB1DFF221A70FB1D1B783AE01F4BDB78B7
:1024E000002B0ED11E4B9A68204B1100180000F0F3
:1024F00043F8031E05D0FB1DFF221A70FB1D1B783D
:1025000027E0164B1B79002B0ED1154BDA68184BC0
:102510001100180000F030F8031E05D0FB1DFF224B
:102520001A70FB1D1B7814E00C4B5B79002B0ED14D
:102530000B4B1A690F4B1100180000F01DF8031E19
:1025400005D0FB1DFF221A70FB1D1B7801E0FB1D4F
:102550001B781800BD4602B080BDC046980B002015
:10256000702E0020202C0020D0290020642A00207A
:102570003C2900208C2B002090B585B000AF7860FE
:1025800039600F243B1900221A707B681800FDF790
:1025900041FF03005A1E13005B009B189B010F4A6A
:1025A00099187B68C022180011F028FF031E05D07F
:1025B0003B19FF221A703B191B780AE03B681B6825
:1025C0001A683B681B6804218A431A600F23FB18B2
:1025D0001B781800BD4605B090BDC046341B0020D6
:1025E000F0B587B000AFF860B960BB1D1A80172541
:1025F0007B1900221A701626BC19FB681800FDF71B
:1026000009FF030023701523FC18BB681800FDF7B1
:1026100001FF03002370BB191B785A1E314B920037
:10262000D3583B611523FB181B78002B37D1FB686F
:102630001800FDF7EFFE0300013B2B4A0021D154A7
:10264000FB681800FDF7E6FE0300013B5A02274B2A
:10265000D318802292000021180013F053FCFB686D
:102660001800FDF7D7FE0300013B5A021F4BD1189B
:10267000BB1D1A88FB68180011F0C0FE031E05D0B0
:102680007B19FF221A707B191B7826E03B691B68B7
:102690001A683B691B6804218A431A601AE0BB6808
:1026A0001B6828331900BB1D1A88FB68180011F03D
:1026B000A5FE031E06D017217B18FF221A707B1877
:1026C0001B780AE03B691B681A683B691B68042198
:1026D0008A431A601723FB181B781800BD4607B001
:1026E000F0BDC046702E0020C0260020E80C00205F
:1026F00090B587B000AF0200FB1D1A7017243B197C
:1027000000221A70FB1D1B78180003F0ABFA0300BF
:102710003B61FB1D1B785A1E174B9200D358FB6080
:102720003B6918000FF0BAFF031E05D03B19FF22CA
:102730001A703B191B781AE0FB681B6800225A606C
:10274000FB1D1B780D4AD35C022B0DD1FB1D1B78A2
:102750005A1E0B4B92000021D150FB1D1B785A1EB4
:10276000084B92000021D1501723FB181B7818004A
:10277000BD4607B090BDC046702E0020980B0020CB
:10278000081F00201C1F002090B585B000AF02007C
:10279000FB1D1A700F243B1900221A70FB1D1B78B9
:1027A0001800FFF7A5FF031E05D03B19FF221A7082
:1027B0003B191B780DE0FB1D1B78180003F052FA43
:1027C0000300BB60BB68180002F0FEFE0F23FB187D
:1027D0001B781800BD4605B090BD000090B585B0CF
:1027E00000AF0200FB1D1A700F243B1900221A7063
:1027F000FB1D1B781800FFF77BFF031E05D03B195C
:10280000FF221A703B191B7840E0FB1D1B78180053
:1028100003F028FA0300BB60BB68180002F0D4FE86
:10282000FB1D1B785A1E1B4B9200D3589B6A180045
:10283000FDF7F0FD03001A00174B00219954FB1D12
:102840001B785A1E154B92000021D150FB1D1B789E
:10285000013B134A0021D154FB1D1B78180003F0E3
:1028600001FAFB1D1B785A1E0A4B9200D35819001F
:10287000FFF782FE031E06D00F217B18FF221A707D
:102880007B181B7802E00F23FB181B781800BD464D
:1028900005B090BD702E0020980B0020F41E002083
:1028A000C026002080B500AF0D4B0E4A1A600C4BBD
:1028B0001022DA600A4B00225A71094B00221A7169
:1028C000074B00225A61064B00229A61044B0322F7
:1028D0001A62034B18000BF0DBFCC046BD4680BDFE
:1028E000882E00200030024080B584B000AF7860B0
:1028F000084B9A6B074B802149010A439A63054BA9
:102900009A6B80235B011340FB60FB68C046BD46A9
:1029100004B080BD0010024080B586B000AF786082
:102920000A00BB1C1A800823FB1800221A607B686F
:10293000002B00D192E0BB1C1B88002B00D18DE046
:10294000BB1C1B88032B33D81623FB1800221A70DC
:1029500000233B611BE01622BB181B78BA18591CD8
:1029600011701A007B689B1819780823FA183B69C4
:10297000D3180A1C1A70BB1CBA1C1288013A1A80A0
:10298000BB1C1B88002B06D03B6901333B613B69B4
:10299000032BE0DD00E0C0460823F918324B01228A
:1029A00018000BF022FD02001723FB181A7051E0EB
:1029B000BB1C1B889B089BB21A0079682A4B180025
:1029C0000BF013FD02001723FB181A70BB1C1B88A9
:1029D000032213409BB2002B3CD0BB1C1B88DAB2F5
:1029E0001623FB1803218A431A70BB1CBA1C1288D9
:1029F00003210A401A800023FB601BE01622BB184B
:102A00001B78BA18591C11701A007B689B1819782A
:102A10000823FA18FB68D3180A1C1A70BB1CBA1CCE
:102A20001288013A1A80BB1C1B88002B06D0FB6859
:102A30000133FB60FB68032BE0DD00E0C0460823A8
:102A4000F918094B012218000BF088FC020017232B
:102A5000FB181A701723FB181B7800E000231800DE
:102A6000BD4606B080BDC046882E002080B500AFB0
:102A7000BFF34F8FC046044B044ADA60BFF34F8F59
:102A8000C046C046FDE7C04600ED00E00400FA0580
:102A900090B583B000AFFB1D00221A703B1D0022D1
:102AA0001A800CF0F1F93C1D002003F0DDFA030060
:102AB00023803B1D1B88022B07D03B1D1B880A2B44
:102AC00003D03B1D1B880C2B05D100F066F80CF0E1
:102AD000FFF9FFF7CBFF0CF0FBF9FB1D1B7818008B
:102AE000BD4603B090BD90B585B000AF020039601F
:102AF000BB1D1A800F243B1900221A703A68BB1DB7
:102B00001B881100180005F03DF8031E05D03B1985
:102B10000A221A703B191B7802E00F23FB181B785E
:102B20001800BD4605B090BDB0B584B000AF02003E
:102B3000BB1D1A803B1D0A1C1A800F23FB180022A4
:102B40001A700C257B1900221A800CF09DF97C1953
:102B50003B1D1A88BB1D1B881100180005F042F8A8
:102B6000030023807B191A8880235B009A4202D1DC
:102B700005F05CF808E00C23FB181B88002B03D041
:102B80000CF0A6F90A2304E00CF0A2F90F23FB18BD
:102B90001B781800BD4604B0B0BD80B582B000AF50
:102BA000FB1D00221A700CF06FF9002004F096FE55
:102BB000031E07D00CF08CF9FB1D0A221A70FB1DB6
:102BC0001B7803E00CF084F9FB1D1B781800BD4650
:102BD00002B080BD80B500AF074B1B68074A934227
:102BE00006D0FFF7DAFF031E02D1034B034A1A6037
:102BF000C046BD4680BDC046F07F0020ADDEEFBEC2
:102C000080B586B000AF214B5A6B204B04210A439C
:102C10005A631E4B5B6B042213407B617B691B4B29
:102C20005A6B1A4B01210A435A63184B5B6B012202
:102C300013403B613B69154B5A6B144B08210A4307
:102C40005A63124B5B6B08221340FB60FB680F4B0F
:102C50005A6B0E4B02210A435A630C4B5B6B0222E8
:102C60001340BB60BB68094B5A6B084B20210A43D9
:102C70005A63064B5B6B202213407B607B6800F03D
:102C800007F8C046BD4606B080BDC04600100240F1
:102C900080B586B000AF3B1D802212021A603B1D3A
:102CA00001225A603B1D00229A603B1D0222DA601D
:102CB0003B1D044A190010000CF04AFAC046BD46FC
:102CC00006B080BD00040050F0B593B002AF534B86
:102CD0005A6B524B01210A435A63504B5B6B0122E2
:102CE00013403B613B694D4B5A6B4C4B02210A43ED
:102CF0005A634A4B5B6B02221340FB60FB68474BF5
:102D00005A6B464B04210A435A63444B5B6B0422C3
:102D10001340BB60BB68414B5A6B404B08210A43D0
:102D20005A633E4B5B6B082213407B607B68242315
:102D3000F8181A257A192823F9181823FB18009374
:102D40000300012000F06EF81C23F8181623FA186F
:102D50002023F9181426BB1900930300052000F066
:102D600061F82C217B1801225A607B1800229A609E
:102D70007B191B881A007B181A60BB6A1A000C00AA
:102D80007B18190010000CF0E3F921007B180022D9
:102D90005A607B1802229A60BB191B881A007B18A4
:102DA0001A60FB691A007B18190010000CF0D0F9AA
:102DB000BB6A18007B191B88002219000CF051FB1C
:102DC000052002F091FAFB691A00BB191B88190053
:102DD00010000CF029FB031E17D1BB6A18007B19E9
:102DE0001B88012219000CF03CFB052002F07CFA44
:102DF000FB691A00BB191B88190010000CF014FBAA
:102E00000300012B01D1012304E0054B01225242B2
:102E10001A6000231800BD4611B0F0BD001002403A
:102E2000F07F002080B586B000AFB9607A603B606B
:102E30000F217B18021C1A701723FB1800221A702E
:102E40007B181B78180002F00DFF03003B613A6904
:102E5000344B9A4210D1BB68A022D2051A607B681D
:102E6000802292001A803B68A022D2051A603B6A39
:102E70008022D2001A804DE03A692B4B9A420ED143
:102E8000BB68A022D2051A607B6804221A803B68C6
:102E9000A022D2051A603B6A08221A803AE03A69F9
:102EA000224B9A420ED1BB68214A1A607B6880226D
:102EB000D2001A803B681E4A1A603B6A80221201C7
:102EC0001A8027E03A691B4B9A420CD1BB681A4A18
:102ED0001A607B6808221A803B68174A1A603B6AAE
:102EE00004221A8016E03A69144B9A420ED1BB684C
:102EF0000F4A1A607B68802252001A803B680C4A95
:102F00001A603B6A802292001A8003E01723FB18A4
:102F1000FF221A701723FB181B781800BD4606B055
:102F200080BDC0463C290020D0290020642A002012
:102F3000000400508C2B0020000C0050202C00209E
:102F400080B500AF1D4B1E4A1A601C4B8022120632
:102F50005A601A4B00229A60184B0022DA60174B15
:102F6000802212061A61154B04225A61134B00226B
:102F70001A76124B00225A76104B01229A760F4B8A
:102F80002022002199540D4B00225A620B4B002243
:102F90009A620A4B2C2200219954084B00221A6392
:102FA000064B18000AF032F9031E01D000F062F857
:102FB000044B01221A70C046BD4680BD6C2F002014
:102FC000002401404E2F002090B58BB000AF7860F8
:102FD00014243B19180014231A00002112F092FF48
:102FE000214B1A6C204B802149030A431A641E4B63
:102FF0001A6C80235B0313403B613B691A4B5A6B8D
:10300000194B01210A435A63174B5B6B0122134092
:10301000FB60FB68154B1B78012B10D13B190C2270
:103020001A603B1903225A603B1900229A603A1930
:10303000A023DB05110018000CF08AF810E0142121
:103040007B18C02212011A607B1803225A607B1879
:1030500000229A607B18064A190010000CF078F8DC
:10306000C046BD460BB090BD001002404C2F002062
:103070000004005080B500AF642009F021FFC04675
:10308000BD4680BD80B582B000AF78600A00FB1CF1
:103090001A707B681B68174A934205D1FB1C1B788A
:1030A000002B01D1144B20E07B681B68114A93422E
:1030B00005D1FB1C1B78012B01D1104B15E07B685F
:1030C0001B680F4A934205D1FB1C1B78002B01D1D2
:1030D0000C4B0AE07B681B68094A934205D1FB1C34
:1030E0001B78012B01D1084BFFE71800BD4602B049
:1030F00080BDC04600440040040000080800000CE9
:10310000004800400008002C0080003C80B582B0E0
:1031100000AF0200FB1D1A70BB1D0A1C1A70FB1DBC
:103120001B78032B07D1BB1D1B78002B03D1164B3B
:1031300000221A7022E0FB1D1B78032B07D1BB1D58
:103140001B78012B03D1104B01221A7016E0FB1DD6
:103150001B78022B07D1BB1D1B78002B03D10A4B18
:1031600002221A700AE0FB1D1B78022B06D1BB1D40
:103170001B78012B02D1044B03221A70024B1B78DF
:103180001800BD4602B080BD4F2F002090B587B01B
:1031900002AF0F23FB1800221A700E23FB18002227
:1031A0001A700D23FB1801221A705AE20D203B18E9
:1031B0001A78C04913005B009B18CB1801331B78A9
:1031C000002B00D147E2BC4B1B7801225340DBB2FD
:1031D000002B07D03B181A78B64913005B009B18E8
:1031E00000225A543C1DBA1C0823F9180D23FB1861
:1031F00018783B0000932300FFF714FEBB6818000B
:10320000BB1C1B88002219000CF02BF90A2002F0CD
:1032100047F87B681A003B001B88190010000CF06F
:1032200003F9031E16D1BB681800BB1C1B880122C2
:1032300019000CF016F90A2002F032F87B681A0027
:103240003B001B880F217C18190010000CF0ECF8D3
:1032500003002370BB681800BB1C1B8800221900E8
:103260000CF0FFF80D23FB181A78924913005B004D
:103270009B18CB1801331B78012B02D0022B14D0E2
:103280002AE00F23FB181B78012B04D10E23FB1817
:1032900004221A701DE00F23FB181B78002B18D195
:1032A0000E23FB1803221A7013E00F23FB181B7860
:1032B000012B04D10E23FB1804221A700BE00F23FC
:1032C000FB181B78002B06D10E23FB1803221A7063
:1032D00001E0C04600E0C0460E22BB181B78042B5C
:1032E00003D0BB181B78022B19D10D217B181A783B
:1032F000724B9200D358724A934209D87B181B78BC
:103300006E4A99008A58511C6C4A9B00995006E0FD
:103310000D23FB181A78694B92000021D1500E2220
:10332000BB181B78032B03D0BB181B78012B40D193
:103330000D217B181A78634B9200D358604A934250
:1033400009D87B181B785F4A99008A58511C5D4A3E
:103350009B00995006E00D23FB181A78594B9200F8
:103360000021D150584B1B78022B11D10D217B1815
:103370001B78564AD25C564B5B799A4208D87B1828
:103380001B78524AD25C0132D1B2504AD15410E07B
:103390000D217B181B784D4AD25C4D4B5B799A42CC
:1033A00007D9494B00221A707B181B78474A002125
:1033B000D1540D217B181A78404B9200D358444ABF
:1033C0001288934200D286E07B181A783B4B920019
:1033D000D3583F4A1288934208D17B181B78374A4A
:1033E00099008A58511C354A9B0099500D217B1831
:1033F0001A78344B9200D358354A1288934205D933
:103400007B181A782F4B92000021D1500D217B1888
:103410001A782A4B9200D3582D4A528893422ED9BB
:103420007B181A78254B9200D258FA235B009A42F7
:1034300025D2254B1B78002B03D1234B01221A7078
:1034400048E0214B1B78022B44D10D217B181B78BF
:103450001E4AD25C1E4B1B799A423BD97B181B78C3
:103460001A4AD25C1A4B5B799A4233D2164B03222A
:103470001A707B181B78154A0021D1542AE00D21BF
:103480007B181A780D4B9200D258FA235B009A42AF
:1034900021D37B181A78094B9200D358084A9342DB
:1034A00019D8094B1B78002B15D0074B00221A7036
:1034B00011E0C046382F0020FC2E0020082F0020ED
:1034C000FEFF0000202F0020DC2F0020002F002016
:1034D00014180020C0460D217B181A78664B920004
:1034E000D358664A128893425DD37B181A78624B90
:1034F0009200D358614A1288934211D108007B1878
:103500001A785F4913005B009B1807225A543B1836
:103510001B78594A99008A58511C574A9B00995068
:103520000D217B181A78574B9200D358534A1288B2
:10353000934205D97B181A78524B92000021D15042
:103540000D217B181A784C4B9200D3584B4A528865
:10355000934228D97B181A78474B9200D258FA2305
:103560005B009A421FD2484B1B78012B0BD17B1872
:103570001A78434913005B009B1805225A54424BAA
:1035800002221A700FE0404B1B78032B0BD10D2346
:10359000FB181A783A4913005B009B1806225A540C
:1035A000394B00221A700D23FB181A783449130086
:1035B0005B009B185B5C072B05D047DC052B09D013
:1035C000062B25D042E00D23FB181B78180000F0D5
:1035D0007DFD40E02D4B1B7801225340DBB2002BD8
:1035E00036D00D203B181A78254913005B009B1834
:1035F000CB1802331B781A000123134028D0234B29
:1036000001221A703B181B78180000F069FD1FE0BA
:103610001E4B1B7801225340DBB2002B1AD00D2029
:103620003B181A78164913005B009B18CB1802331D
:103630001B781A00022313400CD0144B01221A707D
:103640003B181B78180000F055FD03E0C04602E06F
:10365000C04600E0C0460D217B181A787B18013265
:103660001A700D23FB181B78052B00D89EE5C04669
:10367000C046BD4605B090BD202F00201418002084
:10368000382F0020082F0020DC2F0020FC2E0020E7
:10369000F0B58FB002AF0200FB1D1A70BB1D0A1CF3
:1036A0001A702F23FB1800221A702E23FB180022F9
:1036B0001A708E4B1B78002B0FD0BB1D1A788C4BC9
:1036C0009200D358180006F037F9BB1D1A78894BC1
:1036D0009200D358180006F02FF9BB1D1B78864ABC
:1036E0000421D154814B1B78002B08D0BB1D1B78C3
:1036F000180002F0B7FA030018000EF03BFE10238A
:10370000FC180E257A191423F918BB1D18780C26FD
:10371000BB1900932300FFF785FB7B191B881A0058
:1037200018243B191A603B1901225A603B190022E8
:103730009A603B190022DA607B691A003B19190074
:1037400010000BF005FDBB191B881A003B191A600D
:103750003B1900225A603B1902229A603B691A0009
:103760003B19190010000BF0F3FCBB1D1A786349DC
:1037700013005B009B18CB180133FA1D12781A70E6
:10378000BB1D1B783A339BB29B009BB20A243A19AB
:1037900011001800FFF7A7F903001A002C217B186D
:1037A0001A807B181B88002B59D13B191B881B0AD8
:1037B0009AB22E217B181A707B181B781B09DBB27A
:1037C000BA1D12789A4209D17B181B780F221A4031
:1037D000FB1D1B789A4201D1002383E0BB1D1B789F
:1037E0001BB21B031AB2FB1D1B781BB21B021BB2C0
:1037F00013431BB29AB20A217B181A80BB1D1B7897
:103800003A339BB29B009AB27B181B8819001000B8
:10381000FFF78AF9BB1D1B783A339BB29B009BB222
:1038200001339BB200211800FFF77EF9BB1D1B7806
:103830003A339BB29B009BB202339BB2002118002B
:10384000FFF772F9BB1D1B783A339BB29B009BB20A
:1038500003339BB200211800FFF766F93FE0BB1D60
:103860001B781BB21B031AB2FB1D1B781BB21B0279
:103870001BB213431BB29AB20A217B181A80BB1DDC
:103880001B783A339BB29B009AB27B181B881900B5
:103890001000FFF749F9BB1D1B783A339BB29B0020
:1038A0009BB201339BB200211800FFF73DF9BB1D0D
:1038B0001B783A339BB29B009BB202339BB2002130
:1038C0001800FFF731F9BB1D1B783A339BB29B0000
:1038D0009BB203339BB200211800FFF725F92F2379
:1038E000FB181B781800BD460DB0F0BD8B0B0020F7
:1038F000B41F0020D01F0020980B0020382F00207C
:1039000080B586B000AF0200FB1D1A701723FB18AC
:1039100000221A70FB1D1A78554913005B009B1892
:10392000CB18013300221A70FB1D1A78504913007E
:103930005B009B1800225A54FB1D1A784C49130057
:103940005B009B18CB18023300221A70FB1D1B78FA
:103950003A339BB29B009BB20E22BA18110018009A
:10396000FFF7C1F803001A0014217B181A807B1896
:103970001B88002B2DD1FB1D1B783A339BB29B007B
:103980009BB200211800FFF7CFF8FB1D1B783A33DC
:103990009BB29B009BB201339BB200211800FFF742
:1039A000C3F8FB1D1B783A339BB29B009BB20233DA
:1039B0009BB200211800FFF7B7F8FB1D1B783A33C4
:1039C0009BB29B009BB203339BB200211800FFF710
:1039D000ABF8FB1D1B78180002F044F903003B61B3
:1039E0003B691B68234A934202D101F0A1FC28E005
:1039F0003B691B68204A934202D101F0E1FC20E0C0
:103A00003B691B681D4A934202D101F021FD18E079
:103A10003B691B681A4A934213D03B691B68194AD9
:103A2000934202D101F05CFD0BE03B691B68164A32
:103A3000934202D101F08EFD03E01723FB18FF2211
:103A40001A70FB1D1B78114A0021D154FB1D1B78F5
:103A50005A1E0F4B9200D2583B6911001800FEF716
:103A60008BFD1723FB181B781800BD4606B080BDE0
:103A7000382F00200038014000440040004800403A
:103A8000004C004000500040003C0140980B0020DA
:103A9000702E0020B0B584B000AF04000800110003
:103AA000FB1D221C1A70BB1D021C1A707B1D0A1CF8
:103AB0001A700F23FB1800221A70FB1D1A78624936
:103AC00013005B009B18CB1801331B78002B01D12E
:103AD0000B23B5E07B1D1B78012B07D07B1D1B78CA
:103AE000002B19D1BB1D1B78052B15D1FB1D1A7896
:103AF000554913005B009B18CB1802331B78FA1D45
:103B0000127801210B43D8B24F4913005B009B1878
:103B1000CB180233021C1A707B1D1B78012B07D0B7
:103B20007B1D1B78002B19D1BB1D1B78062B15D1D3
:103B3000FB1D1A78444913005B009B18CB18023315
:103B40001B78FA1D127802210B43D8B23E491300AC
:103B50005B009B18CB180233021C1A707B1D1B786C
:103B6000012B07D07B1D1B78002B19D1BB1D1B78A7
:103B7000072B15D1FB1D1A78334913005B009B18E6
:103B8000CB1802331B78FA1D127803210B43D8B2ED
:103B90002D4913005B009B18CB180233021C1A70CE
:103BA000FB1D1B783A339BB29B009BB208243A1949
:103BB00011001800FEF797FF03001A000C217B1874
:103BC0001A807B181B88002B35D13B191B881B0AD8
:103BD0009AB20B257B191A703B191B88D9B2FB1DB1
:103BE0001A78194813005B009B18C31802331B781E
:103BF000994222D07B191B781BB21B0219B2FB1D04
:103C00001A78114813005B009B18C31802331B7805
:103C10001BB20B431BB29AB23B191A80FB1D1B78D7
:103C20003A339BB29B009AB23B191B8819001000D3
:103C3000FEF77AFF01E00B2302E00F23FB181B784D
:103C40001800BD4604B0B0BD382F002080B584B048
:103C500000AF0200FB1D1A700F23FB1800221A7020
:103C6000FB1D1B78022B03D0FB1D1B78032B22D1DD
:103C7000FB1D1B78022B03D1164B01221A7002E0A8
:103C8000144B01225A70FB1D1B78180001F0EAFF4B
:103C9000030018000EF06EFBFB1D1B780E4A062178
:103CA000D1540E4B1B78002B0CD1FFF749F90C4B6C
:103CB00000221A7006E00F217B1819221A707B1857
:103CC0001B7802E00F23FB181B781800BD4604B0D8
:103CD00080BDC0464C2F0020980B00204E2F0020A6
:103CE000682F002080B586B000AF3A60FB1D021C33
:103CF0001A70BB1D0A1C1A700F23FB1800221A70C1
:103D00001723FB1800221A7000233B61FB1D1B7850
:103D1000022B04D0FB1D1B78032B00D09CE0514BE1
:103D20001B78012B00D07FE0FB1D1B78180001F0F1
:103D300099FF0200BB1D1B7819001000FFF7A2F9C4
:103D400003009AB2484B1A80BB1D1A78FB1D1B78E2
:103D500011001800FFF7DAF903001A00434B1A703C
:103D6000414B1B881A00424B1A60414B01225A609A
:103D70003F4B06229A603E4A3E4B1100180009F064
:103D800017FD3C4B18000AF0A9F828E0394B180041
:103D900009F0E4FB374B6421180009F069FC354B4E
:103DA000180009F0F9FC0100304B1B781A0089B2A9
:103DB000314B5200D1522F4B180009F01DFC2B4BF8
:103DC0001B781A002C4B5200D35A1A003B699B18DF
:103DD0003B6117217B181A787B1801321A70172261
:103DE000BB181B78092BD1D9BB181B78190038696F
:103DF000ECF7B0F9030019001C4B1B781A0089B2CC
:103E00001D4B5200D152184B1B881A00184B1A60D8
:103E1000174B02225A60164B06229A60144A154B21
:103E20001100180009F0C4FC104B1B781A00124B4B
:103E30005200D35A1A00114B534311491800ECF7A2
:103E400013FA03001800EDF7BFFA021C3B681A6072
:103E50000F23FB181B7800E019231800BD4606B09D
:103E600080BDC0464E2F0020502F00204F2F002035
:103E7000D02F00206C2F0020542F0020E40C0000D5
:103E8000FF0F0000B0B582B000AF78603960634BBF
:103E90001B78002B04D1FFF753F8614B00221A70F6
:103EA000604B614A1A605F4B01225A605D4B0222EF
:103EB0009A605C4A5D4B1100180009F079FC5B4B7D
:103EC000180009F04BFB594B6421180009F0D0FB96
:103ED000564B180009F060FC03009AB2544B1A804C
:103EE000534B1B881800EFF753FA524A524BEEF728
:103EF00001FB02000B001000190000224F4BEDF7F0
:103F0000BFFE02000B00100019004D4A4D4BEEF7AA
:103F1000D7FD02000B00100019004B4A4B4BEDF788
:103F2000AFFE02000B00100019000022484BEDF715
:103F3000E1FA02000B0010001900EFF7C3FA021CAF
:103F40007B681A60394B180009F056FB354B364A2E
:103F50001A60344B02225A60324B02229A60314A74
:103F6000324B1100180009F023FC2E4B394A1A601D
:103F70002C4B01225A602B4B06229A60294A2B4B6C
:103F80001100180009F014FC284B180009F0E6FA9B
:103F9000264B6421180009F06BFB244B180009F034
:103FA000FBFB03009AB22C4B1A802C4B1B88180089
:103FB000EFF7EEF91F4A204BEEF79CFA02000B00D8
:103FC00014001D00244B1B881800EFF7E1F90200D4
:103FD0000B0020002900EDF753FE02000B0010003B
:103FE0001900EFF76FFA021C3B681A600F4B1800BC
:103FF00009F002FB0B4B174A1A600A4B02225A6067
:10400000084B02229A60074A084B1100180009F079
:10401000CFFBC046BD4602B0B0BDC0464E2F00200B
:10402000682F0020D02F0020001000B06C2F00203F
:104030005C2F00206666666666660A4000FEAF403A
:104040008FC2F5285C8FF63F33333333333311405F
:1040500000003940002000B45E2F0020AA75FF1F29
:1040600090B585B000AF3A60FB1D021C1A70BB1DF5
:104070000A1C1A700F243B1900221A700023BB601F
:104080000823FA18BB1D1978FB1D1B781800FFF7D1
:1040900029FE031E10D1BB680A49181CECF7B6FDB7
:1040A000031C0949181CECF7E3FB031C1A1C3B68B2
:1040B0001A603B191B7800E019231800BD4605B0B3
:1040C00090BDC0460000C84200404E4580B582B059
:1040D00000AF0200FB1D1A70C046BD4602B080BD95
:1040E00080B582B000AF0200FB1D1A70C046BD460D
:1040F00002B080BD80B582B000AF0200FB1D1A7017
:10410000C046BD4602B080BD80B500AFBFF34F8F43
:10411000C046044B044ADA60BFF34F8FC046C04626
:10412000FDE7C04600ED00E00400FA0580B500AFF1
:1041300008F0AAFE05F032FCC046BD4680BD000076
:1041400080B584B002AF0B4B7B600B4B187879685D
:10415000FF230093FF23112201F0CEFC064B1878B9
:10416000064B1968FF230093FF230F2201F0C4FCC4
:10417000FFF7CAFF7CE00208880B0020D80200206D
:1041800080B584B000AF78600A00BB1C1A80144B65
:10419000BA1C12881A80134B1B780133DAB2114B08
:1041A0001A707B681800FCF735F903001A000E4BF3
:1041B0009B5C022B10D00023FB600C4B1B680C2275
:1041C000BA181100180008F00BFAFB68002B03D096
:1041D000074B802252051A60C046BD4604B080BD20
:1041E0003030002032300020980B0020AC1F00201F
:1041F00004ED00E080B58AB000AF00237B62264B5F
:1042000018000EF0DFFA244B1B681B688022134055
:10421000802B36D1204B88229B58202B31D1EFF3B5
:1042200010837B607B683B620123BB60BB6883F3C8
:104230001088C046184B1B681A68174B1B688021F2
:104240008A431A603B6AFB60FB6883F31088C046B0
:10425000EFF310833B613B69FB6101237B617B6969
:1042600083F31088C0460C4B1B681A680A4B1B6806
:1042700040210A431A60FB69BB61BB6983F3108864
:10428000C0467B6A002B03D0044B802252051A6083
:10429000C046BD460AB080BD3C29002004ED00E0C8
:1042A00080B58AB000AF00237B62264B18000EF069
:1042B00089FA244B1B681B6880221340802B36D15F
:1042C000204B88229B58202B31D1EFF310837B6049
:1042D0007B683B620123BB60BB6883F31088C046E8
:1042E000184B1B681A68174B1B6880218A431A6099
:1042F0003B6AFB60FB6883F31088C046EFF31083D2
:104300003B613B69FB6101237B617B6983F310881F
:10431000C0460C4B1B681A680A4B1B6840210A43B5
:104320001A60FB69BB61BB6983F31088C0467B6A76
:10433000002B03D0044B802252051A60C046BD46B4
:104340000AB080BDD029002004ED00E080B59AB00D
:1043500000AF00237B66684B18000EF033FA664B03
:104360001B681B6880221340802B36D1624B882249
:104370009B58202B31D1EFF310837B637B6B3B6623
:104380000123BB63BB6B83F31088C0465A4B1B6889
:104390001A68594B1B6880218A431A603B6EFB6385
:1043A000FB6B83F31088C046EFF310833B643B6CD8
:1043B000FB6501237B647B6C83F31088C0464E4B06
:1043C0001B681A684C4B1B6840210A431A60FB6D3E
:1043D000BB64BB6C83F31088C046484B18000EF0DA
:1043E000F1F9464B1B681B6880221340802B36D1A5
:1043F000424B88229B58202B31D1EFF31083FB6175
:10440000FB69BB6501233B623B6A83F31088C046AE
:104410003A4B1B681A68394B1B6880218A431A6023
:10442000BB6D7B627B6A83F31088C046EFF3108319
:10443000BB62BB6A7B650123FB62FB6A83F3108866
:10444000C0462E4B1B681A682C4B1B6840210A4340
:104450001A607B6D3B633B6B83F31088C046284B2F
:1044600018000EF0AFF9264B1B681B688022134022
:10447000802B36D1224B88229B58202B31D1EFF351
:1044800010837B607B683B650123BB60BB6883F363
:104490001088C0461A4B1B681A68194B1B6880218C
:1044A0008A431A603B6DFB60FB6883F31088C0464B
:1044B000EFF310833B613B69FB6401237B617B6904
:1044C00083F31088C0460E4B1B681A680C4B1B68A0
:1044D00040210A431A60FB6CBB61BB6983F31088FF
:1044E000C0467B6E002B03D0064B802252051A601B
:1044F000C046BD461AB080BD642A00208C2B002027
:10450000202C002004ED00E080B500AF054B180022
:10451000FBF780FF03001800F5F7BCFCC046BD4662
:1045200080BDC0463C29002080B500AF104B1B6801
:1045300010221340102B07D10E4B1800FBF76AFF17
:1045400003001800F5F7A6FC094B1A6880235B00EE
:104550001A4080235B009A4207D1074B1800FBF7F3
:1045600059FF03001800F5F795FCC046BD4680BD15
:1045700000000240D0290020642A002080B500AF4E
:10458000124B1A6880235B021A4080235B029A4216
:1045900007D10F4B1800FBF73DFF03001800F5F79C
:1045A00079FC0A4B1A6880235B031A4080235B0363
:1045B0009A4207D1074B1800FBF72CFF03001800A5
:1045C000F5F768FCC046BD4680BDC046000002400D
:1045D0008C2B0020202C002080B584B000AF7860A8
:1045E0000023FB600C4B1B78002B02D10A4B0122ED
:1045F0001A707B681800FBF70DFF03001A00074BC9
:104600009200D3580C22BA181100180006F0D7F8FF
:10461000C046BD4604B080BD24020020D01F00204B
:10462000B0B584B000AF78607B68882220219950B3
:104630000F257C197B681800FBF7ECFE0300237044
:1046400029007B181B78254AD35C022B13D17B18D9
:104650001B785A1E224B9200D3581B68283319002E
:104660007B6880229B581B685B689AB27B68180045
:104670000FF0C4FE2EE00F243B191B78013B194AB2
:104680000021D1543B191B78013B174A0021D1541A
:104690003B191B785A1E13005B009B189B01134AA1
:1046A0009B18C0220021180011F02CFC3B191B782C
:1046B0005A1E13005B009B189B010C4A99187B68DB
:1046C000C02218000FF09AFE3B191B78013B084AE4
:1046D0000121D154C046BD4604B0B0BD980B0020A6
:1046E000F41E0020C8260020C0260020341B002015
:1046F000301F002080B582B000AF7860C046BD4654
:1047000002B080BD80B582B000AF7860104B01224E
:104710001A707B681B680F4A934203D17B681800AC
:104720000FF07FFD7B681B680B4A934203D17B68C7
:1047300018000FF076FD7B681B68084A934203D18E
:104740007B6818000FF06DFDC046BD4602B080BD0D
:10475000881F00200038014000440040004800400D
:1047600080B586B002AF786039600B4BFB600B4BB5
:104770001878F968FF230093FF23102201F0BCF999
:10478000064B1878064B1968FF230093FF230F226E
:1047900001F0B2F9FFF7B8FC90E00208880B0020A6
:1047A000D802002080B584B002AF0B4B7B600B4B6E
:1047B00018787968FF230093FF23142201F09CF9F5
:1047C000064B1878064B1968FF230093FF230F222E
:1047D00001F092F9FFF798FCA4E00208880B002092
:1047E000D802002080B500AF2F4B304A1A602E4B04
:1047F00000229A602C4B7F22DA602B4BFF221A6139
:10480000294B00225A61284B00229A61264B002234
:10481000DA61254B8022D2051A62234B00225A62AC
:10482000214B882212025A601F4B180000F01EFA1A
:104830001D4B002118000CF0A3FA0300012B02D13C
:10484000194B40229A60184B18000BF069FE031EAA
:1048500001D0FF2325E0144B012118000CF090FA41
:104860000300134A934202D000F028F811E0114BE4
:104870001A6E80231B05134002D00F4B00221A70C2
:104880000C4B1A6E8023DB04134002D00A4B01222A
:104890001A70084B1A6E074B802109040A431A66E6
:1048A00000231800BD4680BD88300020002800404D
:1048B000F23200000010024084300020B0B58EB00B
:1048C00000AF0C257B195A4A13CA13C33B00594A3F
:1048D00003CA03C312781A707B19093318000FF04A
:1048E00004FF02003523FB181A707B1900229A710D
:1048F0007B19043318000FF0F8FE02003423FB1874
:104900001A707B190022DA703623FB1800221A7005
:1049100019E036243B191A78474B9200D2580C23E1
:10492000FB1811001800EBF7EFFB031E05D137232E
:10493000FB183A19127801321A7036217B181A784E
:104940007B1801321A703623FB181B780B2BE0D929
:104950003B00063318000FF0C8FE02003323FB189B
:104960001A700C243B1900225A713B0003331800C3
:104970000FF0BBFE02003223FB181A703B19002215
:104980009A703B0018000FF0B0FE02003123FB18B4
:104990001A702C217B183522BA181278DA707B181D
:1049A0003722BA1812785A707B183422BA18127843
:1049B0009A707B1801221A707918204B0022180077
:1049C0000BF0F0FF031E01D0FF232CE018217B1811
:1049D0003122BA1812781A707B183222BA1812785B
:1049E0005A707B183322BA1812789A707B180022FA
:1049F000DA70134B18225A737B180022DA607B1886
:104A000000221A6179180D4B002218000BF0C6FE27
:104A1000031E01D0FF2306E00A4A084B01211800BB
:104A20000CF091F900231800BD460EB0B0BDC04691
:104A3000C4E00208D0E002083800002088300020DE
:104A400014180020F2320000B0B588B000AF0500A5
:104A50000C0010001900FB1D2A1C1A70BB1D221C23
:104A60001A703B1D021C1A80FB1C0A1C1A703B1D8D
:104A70001B88DBB23033DAB21C217B18DA707B186A
:104A8000FA1D12785A707B18BA1D12789A707B182A
:104A9000FA1C12781A7008243B1938217A181278F7
:104AA0001A703B193422BA1812785A703A19302306
:104AB000FB181B7893703B1900221A613C23FB18EA
:104AC0001B78012B1BD17B181B780C2B17D8404B64
:104AD0000122002118000CF036F93B190022DA708F
:104AE0003C4B0C225A733A4B18000BF0BBFD384B71
:104AF00040229A60364B18000BF012FD36E03C2342
:104B0000FB181B78022B1DD13823FB181B780C2BAC
:104B100018D82F4B0122002118000CF014F908239B
:104B2000FB180122DA702B4B0C225A73284B180009
:104B30000BF098FD264B40229A60254B18000BF095
:104B4000EFFC13E0224B0022002118000CF0FBF8D0
:104B5000204B18225A731E4B18000BF083FD1C4B80
:104B600000229A601A4B18000BF0DAFC0823F9189F
:104B7000174B002218000BF011FE031E01D0FF237B
:104B800022E01C23F918124B002218000BF00AFF38
:104B9000031E01D0FF2317E00E4B5B7B1BB21B02F1
:104BA0001AB20C4B1B791BB213431BB29AB28D2362
:104BB0005B0011001800FDF7B7FF074A044B012105
:104BC00018000CF0C0F800231800BD4608B0B0BDB6
:104BD0008830002014180020F232000090B587B011
:104BE00000AF39001F4B002218000BF07FFE142489
:104BF00039191C4B002218000BF066FF3B00DB78D4
:104C0000DB09DBB20133DAB2174BDA743B005B68C5
:104C10005B089AB2144BDA813B009A78124B1A74F3
:104C20003B005A78104B5A743B001A780E4B9A741A
:104C30003B199A780C4B5A753B195A780A4B9A755E
:104C40003B191A78084B1A753B19DB78FA22D20007
:104C5000944663449AB2044B1A83C046BD4607B0DB
:104C600090BDC046883000201418002090B597B041
:104C700000AF78600C243B1918004C231A00002167
:104C800011F040F97B681B68134A934220D13B190D
:104C9000802292021A603B19802292001A643B190A
:104CA00018000BF001FA0D4BDA6D0C4B8021090254
:104CB0000A43DA65094BDA6B084B8021C9000A43C5
:104CC000DA63064BDA6B8023DB001340BB60BB6802
:104CD000C046BD4617B090BD0028004000100240FD
:104CE00080B582B000AF78607B681B68094A934248
:104CF0000BD1094BDA6D084B08490A40DA65064BBF
:104D0000DA6B054B06490A40DA63C046BD4602B07D
:104D100080BDC0460028004000100240FF7FFFFF1A
:104D2000FFFBFFFFB0B590B000AF414BDA6B404BDB
:104D300001210A43DA633E4BDB6B012213407B60A7
:104D40007B6834257B1918000C231A00002111F010
:104D5000D9F818243B1918001C231A00002111F05F
:104D6000D1F8344B8022D2051A600BF0FBF8020018
:104D7000F02359021000EBF7EDF903005A1E2D4BFA
:104D80005A602C4B00229A602A4B2B4ADA60294B3E
:104D900000221A61274B00229A61264B18000CF062
:104DA000C5F808217B18802252011A607A18214B1D
:104DB000110018000CF020FD7B1900221A607B19ED
:104DC00000229A607A191B4B110018000DF006FAA8
:104DD00021007B1860221A607B1800225A607B1821
:104DE00000229A607B1800221A617918114B002268
:104DF00018000CF0D7FA0F4B180000F047F90C4BD5
:104E0000DA6B0B4B01210A43DA63094BDB6B01229E
:104E100013403B603B68002200210F2009F006FA96
:104E20000F2009F018FAC046BD4610B0B0BDC0460C
:104E300000100240B42C0020FF030000F0B591B038
:104E400000AF444BDA6B434B02210A43DA63414B18
:104E5000DB6B022213407B607B683026BB19180095
:104E600010231A00002111F04DF824257B19180099
:104E70000C231A00002111F045F808243B191800F2
:104E80001C231A00002111F03DF8334B334A1A60FD
:104E90000BF068F80200F02359021000EBF75AF902
:104EA00003005A1E2C4B5A602B4B00229A602A4B4F
:104EB0002B4ADA60284B00221A61274B00229A61A4
:104EC000254B18000BF077FFBB19802252011A60A6
:104ED000BA19214B110018000CF08EFC7B1900222E
:104EE0001A607B1900229A607A191B4B1100180076
:104EF0000DF074F921007B1860221A607B180022E3
:104F00005A607B1800229A607B1800221A61791877
:104F1000114B002218000CF045FA0F4B180000F05E
:104F2000B5F80C4BDA6B0B4B02210A43DA63094BE1
:104F3000DB6B022213403B603B6800220021102003
:104F400009F074F9102009F086F9C046BD4611B089
:104F5000F0BDC04600100240002D002000040040BB
:104F6000FF030000F0B591B000AF444BDA6B434B48
:104F700004210A43DA63414BDB6B042213407B605C
:104F80007B683026BB19180010231A00002110F08E
:104F9000B9FF24257B1918000C231A00002110F0FA
:104FA000B1FF08243B1918001C231A00002110F03F
:104FB000A9FF334B334A1A600AF0D4FF0200F023F2
:104FC00059021000EBF7C6F803005A1E2C4B5A602A
:104FD0002B4B00229A602A4B2B4ADA60284B002286
:104FE0001A61274B00229A61254B18000BF0E3FE53
:104FF000BB19802252011A60BA19214B1100180006
:105000000CF0FAFB7B1900221A607B1900229A60CF
:105010007A191B4B110018000DF0E0F821007B18E5
:1050200060221A607B1800225A607B1800229A6066
:105030007B1800221A617918114B042218000CF019
:10504000B1F90F4B180000F021F80C4BDA6B0B4B49
:1050500004210A43DA63094BDB6B042213403B60F3
:105060003B6800220021102009F0E0F8102009F030
:10507000F2F8C046BD4611B0F0BDC0460010024077
:105080004C2D002000080040FF03000090B58BB0BD
:1050900000AF786014243B19180014231A00002173
:1050A00010F030FF7B681A688023DB059A4224D118
:1050B0003C4B5A6B3B4B01210A435A63394B5B6BA8
:1050C000012213403B613B693B19802212021A60A6
:1050D00021007B1802225A607B1800229A607B18FC
:1050E0000022DA607B1802221A617A18A023DB05FD
:1050F000110018000AF02CF84FE07B681B682A4A60
:10510000934223D1274B5A6B264B01210A435A6302
:10511000244B5B6B01221340FB60FB6814217B185E
:1051200040221A607B1802225A607B1800229A6083
:105130007B180022DA607B1801221A617A18A023FA
:10514000DB05110018000AF003F826E07B681B68F5
:10515000164A934221D1134B5A6B124B02210A4338
:105160005A63104B5B6B02221340BB60BB68142177
:105170007B1880221A607B1802225A607B1800225A
:105180009A607B180022DA607B1809221A617B186A
:10519000074A1900100009F0DBFFC046BD460BB0FE
:1051A00090BDC046001002400004004000080040CE
:1051B0000004005080B582B000AF174B1A6C164B3C
:1051C000802189020A431A64134B1A6C80239B02C4
:1051D00013407B607B68114B114A1A600F4B2F22E2
:1051E0005A600E4B00229A600C4B0E4ADA600B4B51
:1051F00000221A61094B00225A61084B00229A6171
:10520000064B18000BF0D7FD044B18000BF034FED2
:10521000C046BD4602B080BD0010024004310020EF
:1052200000440140FFFF000080B582B000AF174B83
:105230001A6C164B8021C9020A431A64134B1A6C6C
:105240008023DB0213407B607B68114B114A1A609C
:105250000F4B114A5A600E4B00229A600C4B0F4ABA
:10526000DA600B4B00221A61094B00225A61084B8D
:1052700000229A61064B18000BF09DFD044B1800AC
:105280000BF0FAFDC046BD4602B080BD00100240E2
:1052900050310020004801407FBB0000FFFF0000AC
:1052A00080B584B000AF0200BB1D1A800023FB60F4
:1052B00004F0BEFEBB1D1B88002B0DD0094B1B68E4
:1052C0005B6AFB60C046074B1B685A6AFB68D21AD0
:1052D000BB1D1B889A42F6D904F0BCFEC046BD46F1
:1052E00004B080BD0431002080B584B000AF02005E
:1052F000BB1D1A800023FB6004F09AFEBB1D1B88B7
:10530000002B0DD0094B1B685B6AFB60C046074B46
:105310001B685A6AFB68D21ABB1D1B889A42F6D9D1
:1053200004F098FEC046BD4604B080BD5031002058
:1053300080B500AF204B214A1A601F4BE1221203B7
:105340005A601D4B00229A601B4B0022DA601A4BF8
:1053500000221A61184B0C225A61174B00229A61E5
:10536000154B0022DA61144B00221A62124B002204
:105370005A62114B00229A620F4B18000CF0A4FFE6
:105380000D4B002118000EF0B7FF0B4B0021180049
:105390000EF0F2FF084B18000EF074FF064B0822C7
:1053A0009A62054B802212029A63034B18000CF09C
:1053B0008BFFC046BD4680BD3C290020003801401F
:1053C00080B500AF204B214A1A601F4BE122120327
:1053D0005A601D4B00229A601B4B0022DA601A4B68
:1053E00000221A61184B0C225A61174B00229A6155
:1053F000154B0022DA61144B00221A62124B002274
:105400005A62114B00229A620F4B18000CF05CFF9D
:105410000D4B002118000EF06FFF0B4B0021180000
:105420000EF0AAFF084B18000EF02CFF064B0822C6
:105430009A62054B802212029A63034B18000CF00B
:1054400043FFC046BD4680BDD02900200044004037
:1054500080B500AF204B214A1A601F4BE122120396
:105460005A601D4B00229A601B4B0022DA601A4BD7
:1054700000221A61184B0C225A61174B00229A61C4
:10548000154B0022DA61144B00221A62124B0022E3
:105490005A62114B00229A620F4B18000CF014FF55
:1054A0000D4B002118000EF027FF0B4B00211800B8
:1054B0000EF062FF084B18000EF0E4FE064B0822C7
:1054C0009A62054B802212029A63034B18000CF07B
:1054D000FBFEC046BD4680BD642A00200048004057
:1054E00080B500AF194B1A4A1A60184BE12212031B
:1054F0005A60164B00229A60144B0022DA60134B5C
:1055000000221A61114B0C225A61104B00229A6141
:105510000E4B0022DA610D4B00221A620B4B002267
:105520005A620A4B00229A62084B18000CF0CCFE1B
:10553000064B08229A62054B802212029A63034BA3
:1055400018000CF0C1FEC046BD4680BD8C2B00206B
:105550000050004080B500AF194B1A4A1A60184B32
:10556000E12212035A60164B00229A60144B00226B
:10557000DA60134B00221A61114B0C225A61104B56
:1055800000229A610E4B0022DA610D4B00221A6252
:105590000B4B00225A620A4B00229A62084B1800F9
:1055A0000CF092FE064B08229A62054B80221202F2
:1055B0009A63034B18000CF087FEC046BD4680BDC1
:1055C000202C0020003C0140B0B5A4B000AF7860B2
:1055D0007C243B19180014231A00002110F092FCBF
:1055E00030257B1918004C231A00002110F08AFC8A
:1055F0007B681B68F04A934274D17B1901221A60C0
:105600007B1902225A607B1918000AF04DFDEB4B02
:105610001A6CEA4B8021C9010A431A64E74B1A6CE1
:105620008023DB011340FB62FB6AE44B5A6BE34BC4
:1056300001210A435A63E14B5B6B01221340BB62B9
:10564000BB6A3B19C022D2001A6021007B180222DB
:105650005A607B1800229A607B180022DA607B185F
:1056600001221A617A18A023DB051100180009F045
:105670006FFDD34BD34A1A60D14B32225A60D04BC4
:1056800000229A60CE4B0022DA60CD4B80221A6154
:10569000CB4B00225A61CA4B00229A61C84B202290
:1056A000DA61C74B00221A627B681800FAF7B2FE73
:1056B00003005A1EC44B9200C149D150C04B180080
:1056C00009F022F87B688021BD4A5A50BC4B7A68A9
:1056D0009A62002200211B2008F0A8FD1B2008F080
:1056E000BAFDF9E17B681B68B84A934274D1302156
:1056F0007B1802221A607B1808229A607B18180017
:105700000AF0D2FCAD4BDA6BAC4B802189020A4324
:10571000DA63AA4BDA6B80239B0213407B627B6ABD
:10572000A64B5A6BA54B01210A435A63A34B5B6BF3
:10573000012213403B623B6A7C217B180C221A60D9
:105740007B1802225A607B1800229A607B18002284
:10575000DA607B1801221A617A18A023DB05110098
:10576000180009F0F5FC9A4B9A4A1A60984B3422BB
:105770005A60974B00229A60954B0022DA60944B56
:1057800080221A61924B00225A61914B00229A6149
:105790008F4B2022DA618E4B00221A627B68180040
:1057A000FAF738FE03005A1E874B92008849D15001
:1057B000874B180008F0A8FF7B688021844A5A5064
:1057C000834B7A689A62002200211C2008F02EFD8B
:1057D0001C2008F040FD7FE17B681B687E4A9342F5
:1057E00074D130217B1804221A607B182022DA60E1
:1057F0007B1818000AF058FC704BDA6B6F4B802155
:10580000C9020A43DA636D4BDA6B8023DB02134073
:10581000FB61FB69694B5A6B684B02210A435A636F
:10582000664B5B6B02221340BB61BB697C217B181A
:10583000C02212011A607B1802225A607B180022D3
:105840009A607B180022DA607B1804221A617B18A8
:10585000624A1900100009F07BFC614B614A1A6032
:105860005F4B36225A605E4B00229A605C4B0022EE
:10587000DA605B4B80221A61594B00225A61584B07
:1058800000229A61564B2022DA61554B00221A629F
:105890007B681800FAF7BEFD03005A1E4A4B9200BF
:1058A0004F49D1504E4B180008F02EFF7B688021E5
:1058B0004B4A5A504A4B7A689A62002200211D20B6
:1058C00008F0B4FC1D2008F0C6FC05E17B681B68ED
:1058D000454A934200D1FFE07B681B68434A9342EC
:1058E00000D08BE0354BDA6B344B802149000A4302
:1058F000DA63324BDA6B80235B0013407B617B6998
:105900002E4B5A6B2D4B08210A435A632B4B5B6B72
:10591000082213403B613B697C217B180C221A60F2
:105920007B1802225A607B1800229A607B180022A2
:10593000DA607B1803221A617B182D4A19001000C7
:1059400009F006FC2B4B2C4A1A602A4B4A225A605B
:10595000284B00229A60274B0022DA60254B8022D8
:105960001A61244B00225A61224B00229A61214B7A
:105970002022DA611F4B00221A627B681800FAF7B6
:1059800049FD03005A1E104B92001A49D150194B81
:10599000180008F0B9FE7B688021164A5A50154B52
:1059A0007A689A62002200211D2008F03FFC1D2029
:1059B00008F051FC90E0C046003801400010024061
:1059C000FC31002008000240702E002000440040FE
:1059D0005C3200201C0002400048004000040050DF
:1059E000BC32002030000240004C0040005000401B
:1059F000000C00507C330020580002407B681B687C
:105A0000374A934268D1374BDA6B364B8021890095
:105A10000A43DA63334BDA6B80239B001340FB604D
:105A2000FB68304B5A6B2F4B02210A435A632D4BB4
:105A30005B6B02221340BB60BB687C217B18C022D9
:105A400092001A607B1802225A607B1800229A602A
:105A50007B180022DA607B1808221A617B18224A20
:105A60001900100009F074FB204B214A1A601F4BEB
:105A70004C225A601D4B00229A601C4B0022DA60B7
:105A80001A4B80221A61194B00225A61174B0022CF
:105A90009A61164B2022DA61144B00221A627B684D
:105AA0001800FAF7B7FC03005A1E124B92000F4978
:105AB000D1500E4B180008F027FE7B6880210B4A5E
:105AC0005A500A4B7A689A62002200211D2008F081
:105AD000ADFB1D2008F0BFFBC046BD4624B0B0BDE5
:105AE000003C01400010024000040050DC33002064
:105AF0006C000240702E0020B0B586B000AFB960D7
:105B000011007B600F243B19021C1A700C23FB1838
:105B10000A1C1A801723FB1801221A703B191B78E4
:105B2000180000F09FF8031E32D03B191A781C4B66
:105B30009200D3587A681100180003F0B3FE031ED8
:105B400026D113E00F23FB181B78180000F08AF809
:105B500005001723FC18B86A0C23FB181A88B968CB
:105B6000030028000CF04EFC030023701722BB1822
:105B70001B78002B03D0BB181B78032BE2D10F231B
:105B8000FB181A78064B9200D358180003F0D4FE85
:105B90001723FB181B781800BD4606B0B0BDC046E1
:105BA000D01F0020F0B587B000AFB96011007B6056
:105BB0000F243B19021C1A700C257B190A1C1A8031
:105BC0001726BB1901221A703B191B78180000F028
:105BD00049F8031E19D03B191A78114B9200D3587B
:105BE0007A681100180003F05DFE031E0DD13B1909
:105BF0001B78180000F036F8BC197B191A88BB68AE
:105C000019000CF0A3FC03002370052007F058F9DD
:105C10001723FB181B781800BD4607B0F0BDC0461F
:105C2000D01F002090B585B000AF02003960FB1D89
:105C30001A700F243B1900221A70FB1D1B781800E4
:105C400000F010F80300BB60BB683A685A60BB689C
:105C500018000CF039FB3B191B781800BD4605B045
:105C600090BD000080B582B000AF0200FB1D1A702D
:105C7000FB1D1B78052B0ED89A00094BD3181B6807
:105C80009F46084B08E0084B06E0084B04E0084B31
:105C900002E0084B00E000231800BD4602B080BDC2
:105CA000E4E00208202C0020D0290020642A0020F3
:105CB0003C2900208C2B002080B582B000AF78609A
:105CC0000A00FB1C1A707B68002B74D0FB1C1B782D
:105CD000012B37D17B681800FAF79CFB0300013BCE
:105CE000802212021A411100354B1B785A1E354B87
:105CF0005200D35A1AB20BB2134319B2304B1B786D
:105D00005A1E89B22F4B5200D1527B6808229A62E8
:105D10007B68802212029A637B6818000CF0D4FA28
:105D20007B681800FAF776FB03005A1E13005B002D
:105D30009B189B01244A99187B68C02218000EF01A
:105D40005DFB38E0FB1C1B78002B34D17B6818000E
:105D5000FAF760FB0300013B1C4A1A411100184B83
:105D60001B785A1E174B5200D35A1BB20AB213406B
:105D700019B2134B1B785A1E89B2124B5200D152E2
:105D80007B6808229A627B6800229A637B6818000D
:105D90000CF09AFA7B681800FAF73CFB03005A1ED5
:105DA00013005B009B189B01074A99187B68C0226F
:105DB00018000EF023FBC046BD4602B080BDC046B1
:105DC0009900002010180020341B0020FF7FFFFFE7
:105DD00080B582B000AFFB1D00221A70BB1D0122EE
:105DE0001A7035E0204B1B78BA1D12789A4211D0F8
:105DF000BB1D1B78002213211800F4F72FFE322060
:105E0000FFF772FA194B1B78002B1CD0FB1D0222E6
:105E10001A7018E07B1D01221A7010E0124B1B78DB
:105E2000591E114B1B785A1E114B4900C95A104B71
:105E30005200D1527B1D1A787B1D01321A707B1DD6
:105E40001B78052BEAD9BB1D1A78BB1D01321A70CD
:105E5000084B1B78BA1D12789A42C3D9FB1D1B78D8
:105E60001800BD4602B080BD990000203118002006
:105E7000101800209800002080B586B000AF020006
:105E8000FB1D1A700F23FB1800221A701623FB1833
:105E900000221A8001233B6118E03B69DBB2180045
:105EA000FFF7E0FE03009A6B80231B029A420AD19F
:105EB0001622BB181B88BA18591C11801A003B699E
:105EC000D9B20C4B99543B6901333B613B69052BBB
:105ED000E3DD1623FB181A88FB1D1B78142118001C
:105EE000F4F7BCFD0F23FB181B781800BD4606B065
:105EF00080BDC046B80C00201748854600F045F824
:105F000016481749174A002302E0D458C4500433F6
:105F1000C4188C42F9D3144A144C002301E01360D6
:105F20000432A242FBD312481249026800608A423E
:105F300005D000F02AF810F0C9F80EF049FB0E4821
:105F40000E4901600E480D4901600E4801688D46FA
:105F500040680047FEE700000040022000000020EB
:105F6000740A00209CE90208780A0020009C0120A5
:105F7000F03F0220EFBEADDE401002400100000005
:105F8000000001400000FF1FFEE780B500AFC046E3
:105F9000BD4680BD80B582B000AF78607B689B68ED
:105FA00001221A437B689A60C046BD4602B080BD9C
:105FB00080B582B000AF786039607B689B6818223A
:105FC00093431A003B681A437B689A60C046BD46FB
:105FD00002B080BD80B582B000AF786039607B6868
:105FE0003A685A61C046BD4602B080BD80B582B0F5
:105FF00000AF786039607B683A681A60C046BD4679
:1060000002B080BD80B584B000AF78600A00BB1CD0
:106010001A807B68FB60FB68BA1C12881A80C04635
:10602000BD4604B080BD80B582B000AF78607B68AB
:106030001B689BB21800BD4602B080BD80B584B01D
:1060400000AF7860074B996B064B7A680A439A63F6
:10605000044B9B6B7A681340FB60FB68C046BD46EF
:1060600004B080BD00100240B0B590B000AF020097
:10607000FB1D1A701A23FB1805221A700023FB63FC
:106080000023BB6300237B6300233B630023FB628D
:106090000023BB6200237B6200233B620023FB6181
:1060A000002200233A617B611B23FB1800221A7037
:1060B0000E23FB1800221A8003F098FB031E02D067
:1060C0000E2301F0FDFB03F063FAC44B01221A70AA
:1060D000C34B1A68C0239B0413400ED0C04B1A68F0
:1060E000C0239B041A4080235B049A420BD1BD4B12
:1060F0001A6880239B03134005D1BB4B1B689B028E
:10610000BA4A134005E0B84B1B689B025B08B84ACB
:106110001340F722D20219001000EAF7A1F80B0091
:10612000DB0AFB636BE0FB6B802252029446634404
:10613000DC02AB4B1A68C0239B0413400ED0A84B63
:106140001A68C0239B041A4080235B049A420BD137
:10615000A44B1A6880239B03134005D1A24B1B68F4
:106160009B02A24A134005E09F4B1B689B025B0801
:106170009F4A13401900F723D802E9F7EBFF030009
:106180001900974B1A68C0239B0413400ED0944B00
:106190001A68C0239B041A4080235B049A420BD1E7
:1061A000904B1A6880239B03134005D18E4B1B68CC
:1061B0009B028E4A134005E08B4B1B689B025B08D9
:1061C0008B4A13404B43E318BB6300237B630EE011
:1061D000BA6B7B6BD218874B1A60BA6B7B6BD31888
:1061E0001A685B683A617B617B6B08337B637A6B0F
:1061F00080231B019A42EBD3FB6B0133FB63784B8B
:106200001A68C0239B0413400ED0754B1A68C02334
:106210009B041A4080235B049A420BD1714B1A688D
:1062200080239B03134005D16F4B1B689B026F4A71
:10623000134005E06C4B1B689B025B086C4A1340E3
:10624000F722D20219001000EAF70AF80B00DB0A65
:106250000833FA6B9A4200D265E7604B00221A704D
:106260005F4B1A68C0239B0413400ED05C4B1A6826
:10627000C0239B041A4080235B049A420BD1594BE4
:106280001A6880239B03134005D1574B1B689B0260
:10629000564A134005E0544B1B689B025B08544A66
:1062A0001340F722D20219001000E9F7D9FF0B00C2
:1062B000DB0AFB6377E0FB6B802252029446634467
:1062C000DC02474B1A68C0239B0413400ED0444B9A
:1062D0001A68C0239B041A4080235B049A420BD1A6
:1062E000404B1A6880239B03134005D13E4B1B682B
:1062F0009B023E4A134005E03B4B1B689B025B0838
:106300003B4A13401900F723D802E9F723FF0300A3
:106310001900334B1A68C0239B0413400ED0304B36
:106320001A68C0239B041A4080235B049A420BD155
:106330002C4B1A6880239B03134005D12A4B1B6802
:106340009B022A4A134005E0274B1B689B025B080F
:10635000274A13404B43E318BB631A257C19BB6BD8
:10636000180003F0C5F8030023707B191B78022B7B
:1063700003D07B191B78012B03D1FB6A0133FB622D
:106380000EE01A23FB181B78032B09D1BB6A002BE4
:1063900001D1FB6B3B62FB6B7B62BB6A0133BB626F
:1063A000FB6B0133FB630E4B1A68C0239B04134045
:1063B0000ED00B4B1A68C0239B041A4080235B0449
:1063C0009A4219D1074B1A6880239B03134013D1BB
:1063D000054B1B689B02054A134013E04434002020
:1063E0000075FF1F20200240E075FF1F00FC0F001A
:1063F00000FE070040340020BE4B1B689B025B0878
:10640000BD4A1340F722D20219001000E9F728FF15
:106410000B00DB0A0833FA6B9A4200D24BE7FB6AA7
:10642000002B00D01AE1BB6A002B00D110E1B34B66
:106430001A68C0239B0413400ED0B04B1A68C023C7
:106440009B041A4080235B049A420BD1AC4B1A6820
:1064500080239B03134005D1A64B1B689B02A94ACE
:10646000134005E0A34B1B689B025B08A24A134044
:10647000F722D20219001000E9F7F2FE0B00DB0A46
:106480003A6AD31A0733072213401C009B4B1A6841
:10649000C0239B0413400ED0984B1A68C0239B0462
:1064A0001A4080235B049A420BD1954B1A688023D3
:1064B0009B03134005D18F4B1B689B02914A1340ED
:1064C00005E08C4B1B689B025B088B4A1340F7224C
:1064D000D20219001000E9F7C3FE0B00DB0AE31833
:1064E0008022520294466344DC02844B1A68C02323
:1064F0009B0413400ED0814B1A68C0239B041A40A2
:1065000080235B049A420BD17D4B1A6880239B0346
:10651000134005D1774B1B689B027A4A134005E074
:10652000744B1B689B025B08734A13401900F723E6
:10653000D802E9F70FFE03001900704B1A68C02358
:106540009B0413400ED06D4B1A68C0239B041A4065
:1065500080235B049A420BD1694B1A6880239B030A
:10656000134005D1634B1B689B02664A134005E04C
:10657000604B1B689B025B085F4A13404B43E31868
:10658000180002F0B5FF0300042B67D15B4B1A68BB
:10659000C0239B0413400ED0584B1A68C0239B04A1
:1065A0001A4080235B049A420BD1554B1A68802312
:1065B0009B03134005D14F4B1B689B02514A13406C
:1065C00005E04C4B1B689B025B084B4A1340F722CB
:1065D000D20219001000E9F743FE0B00DB0A7A6AC9
:1065E000D31A0133072213401C00444B1A68C023FE
:1065F0009B0413400ED0414B1A68C0239B041A40E1
:1066000080235B049A420BD13D4B1A6880239B0385
:10661000134005D1374B1B689B023A4A134005E0F3
:10662000344B1B689B025B08334A1340F722D202AB
:1066300019001000E9F714FE0B00DB0AE318012132
:10664000180002F0A3FD031E08D0022301F038F960
:10665000002001F043F9030001F032F9274B1A68DA
:10666000C0239B0413400ED0244B1A68C0239B0404
:106670001A4080235B049A420BD1214B1A68802375
:106680009B03134005D11B4B1B689B021D4A134003
:1066900005E0184B1B689B025B08174A1340F72262
:1066A000D20219001000E9F7DBFD0B00DB0AFB63E7
:1066B0005AE2FB6B8022520294466344DC020F4B89
:1066C0001A68C0239B0413400ED00C4B1A68C023D9
:1066D0009B041A4080235B049A4215D1084B1A6828
:1066E00080239B0313400FD1024B1B689B02054A7A
:1066F00013400FE0E075FF1F00FE07000075FF1F4D
:106700002020024000FC0F00CD4B1B689B025B0861
:10671000CC4A13401900F723D802E9F71BFD030008
:106720001900C94B1A68C0239B0413400ED0C64BF6
:106730001A68C0239B041A4080235B049A420BD141
:10674000C24B1A6880239B03134005D1BC4B1B68C6
:106750009B02BF4A134005E0B94B1B689B025B08D4
:10676000B84A13404B43E318BB631A257C19BB6B33
:10677000180002F0BDFE030023707B191B78012B6B
:1067800000D0EEE1B04B1A68C0239B0413400ED03A
:10679000AD4B1A68C0239B041A4080235B049A42C5
:1067A0000BD1AA4B1A6880239B03134005D1A44B3D
:1067B0001B689B02A64A134005E0A14B1B689B0285
:1067C0005B08A04A1340F722D20219001000E9F733
:1067D00047FD0B00DB0AFA6B9A4200D1E6E09A4BC8
:1067E0001A68C0239B0413400ED0974B1A68C0232D
:1067F0009B041A4080235B049A420BD1934B1A6886
:1068000080239B03134005D18D4B1B689B02904A4C
:10681000134005E08A4B1B689B025B08894A1340C2
:10682000F722D20219001000E9F71AFD0B00DB0A6B
:106830000433FA6B9A4200D1B8E0834B1A68C02344
:106840009B0413400ED0804B1A68C0239B041A404F
:1068500080235B049A420BD17C4B1A6880239B03F4
:10686000134005D1764B1B689B02794A134005E023
:10687000734B1B689B025B08724A1340F722D202DB
:1068800019001000E9F7ECFC0B00DB0AFA6BD31AD5
:106890000733072213401C006B4B1A68C0239B046C
:1068A00013400ED0684B1A68C0239B041A40802303
:1068B0005B049A420BD1654B1A6880239B031340FB
:1068C00005D15F4B1B689B02614A134005E05C4B9E
:1068D0001B689B025B085B4A1340F722D202190037
:1068E0001000E9F7BDFC0B00DB0AE318802252021E
:1068F00094466344DC02544B1A68C0239B04134043
:106900000ED0514B1A68C0239B041A4080235B04AD
:106910009A420BD14D4B1A6880239B03134005D13B
:10692000474B1B689B024A4A134005E0444B1B68D7
:106930009B025B08434A13401900F723D802E9F78A
:1069400009FC03001900404B1A68C0239B04134044
:106950000ED03D4B1A68C0239B041A4080235B0471
:106960009A420BD1394B1A6880239B03134005D1FF
:10697000334B1B689B02364A134005E0304B1B68C3
:106980009B025B082F4A13404B43E318180002F0A8
:10699000AFFD0300032B04D11B23FB1800221A7048
:1069A000C5E01B23FB1801221A70C0E0264B1A68B1
:1069B000C0239B0413400ED0234B1A68C0239B04B2
:1069C0001A4080235B049A420BD1204B1A68802323
:1069D0009B03134005D11A4B1B689B021C4A1340B2
:1069E00005E0174B1B689B025B08164A1340F72211
:1069F000D20219001000E9F733FC0B00DB0AFA6B36
:106A0000D31A0133072213401C000F4B1A68C0230E
:106A10009B0413400ED00C4B1A68C0239B041A40F1
:106A200080235B049A4215D1084B1A6880239B038C
:106A300013400FD1024B1B689B02054A13400FE025
:106A4000E075FF1F00FE07000075FF1F20200240B9
:106A500000FC0F00C54B1B689B025B08C44A134037
:106A6000F722D20219001000E9F7FAFB0B00DB0A4B
:106A7000E3188022520294466344DC02BD4B1A683C
:106A8000C0239B0413400ED0BA4B1A68C0239B044A
:106A90001A4080235B049A420BD1B74B1A688023BB
:106AA0009B03134005D1B14B1B689B02B34A1340B3
:106AB00005E0AE4B1B689B025B08AD4A1340190012
:106AC000F723D802E9F746FB03001900A94B1A681F
:106AD000C0239B0413400ED0A64B1A68C0239B040E
:106AE0001A4080235B049A420BD1A34B1A6880237F
:106AF0009B03134005D19D4B1B689B029F4A13408B
:106B000005E09A4B1B689B025B08994A13404B4374
:106B1000E318180002F0ECFC031E04D11B23FB1841
:106B200000221A7003E01B23FB1801221A701B239A
:106B3000FB181B78002B14D1FB6BDAB2904B1A7048
:106B400001220021002001F0D5FD03001A0080235E
:106B50005B009A4202D00C2300F0B2FE0123FB61DD
:106B600030E0FB6B0133FB63824B1A68C0239B044C
:106B700013400ED07F4B1A68C0239B041A40802319
:106B80005B049A420BD17C4B1A6880239B03134011
:106B900005D1764B1B689B02784A134005E0734B86
:106BA0001B689B025B08724A1340F722D20219004D
:106BB0001000E9F755FB0B00DB0A0833FA6B9A4229
:106BC00000D276E500233B636A4B1A68C0239B041E
:106BD00013400ED0674B1A68C0239B041A408023D1
:106BE0005B049A420BD1644B1A6880239B031340C9
:106BF00005D15E4B1B689B02604A134005E05B4B6E
:106C00001B689B025B085A4A1340F722D202190004
:106C10001000E9F725FB0B00DB0AFB635EE2FB6B70
:106C20008022520294466344DC02524B1A68C0230D
:106C30009B0413400ED04F4B1A68C0239B041A408C
:106C400080235B049A420BD14B4B1A6880239B0331
:106C5000134005D1454B1B689B02484A134005E091
:106C6000424B1B689B025B08414A13401900F72303
:106C7000D802E9F76FFA030019003E4B1A68C023E7
:106C80009B0413400ED03B4B1A68C0239B041A4050
:106C900080235B049A420BD1374B1A6880239B03F5
:106CA000134005D1314B1B689B02344A134005E069
:106CB0002E4B1B689B025B082D4A13404B43E31885
:106CC000BB631A257C19BB6B180002F011FC030092
:106CD00023707B191B78022B00D0F5E1254B1A6835
:106CE000C0239B0413400ED0224B1A68C0239B0480
:106CF0001A4080235B049A420BD11F4B1A688023F1
:106D00009B03134005D1194B1B689B021B4A134080
:106D100005E0164B1B689B025B08154A1340F722DF
:106D2000D20219001000E9F79BFA0B00DB0AFA6B9C
:106D30009A4200D1F2E00F4B1A68C0239B04134023
:106D40000ED00C4B1A68C0239B041A4080235B04AE
:106D50009A4217D1084B1A6880239B03134011D124
:106D6000024B1B689B02054A134011E0E075FF1FB0
:106D700000FE07000075FF1F2020024000FC0F00EE
:106D80003E340020CA4B1B689B025B08C94A134073
:106D9000F722D20219001000E9F762FA0B00DB0AB1
:106DA0000433FA6B9A4200D1B8E0C34B1A68C0238F
:106DB0009B0413400ED0C04B1A68C0239B041A409A
:106DC00080235B049A420BD1BC4B1A6880239B033F
:106DD000134005D1B64B1B689B02B94A134005E02E
:106DE000B34B1B689B025B08B24A1340F722D202E6
:106DF00019001000E9F734FA0B00DB0AFA6BD31A1A
:106E00000733072213401C00AB4B1A68C0239B04B6
:106E100013400ED0A84B1A68C0239B041A4080234D
:106E20005B049A420BD1A54B1A6880239B03134045
:106E300005D19F4B1B689B02A14A134005E09C4B68
:106E40001B689B025B089B4A1340F722D202190081
:106E50001000E9F705FA0B00DB0AE3188022520262
:106E600094466344DC02944B1A68C0239B0413408D
:106E70000ED0914B1A68C0239B041A4080235B04F8
:106E80009A420BD18D4B1A6880239B03134005D186
:106E9000874B1B689B028A4A134005E0844B1B68A2
:106EA0009B025B08834A13401900F723D802E9F7D5
:106EB00051F903001900804B1A68C0239B0413404A
:106EC0000ED07D4B1A68C0239B041A4080235B04BC
:106ED0009A420BD1794B1A6880239B03134005D14A
:106EE000734B1B689B02764A134005E0704B1B688E
:106EF0009B025B086F4A13404B43E318180002F0F3
:106F0000F7FA0300032B04D11B23FB1800221A708D
:106F1000BBE01B23FB1801221A70B6E0664B1A680F
:106F2000C0239B0413400ED0634B1A68C0239B04FC
:106F30001A4080235B049A420BD1604B1A6880236D
:106F40009B03134005D15A4B1B689B025C4A1340BC
:106F500005E0574B1B689B025B08564A1340F7221B
:106F6000D20219001000E9F77BF90B00DB0AFA6B7B
:106F7000D31A0133072213401C004F4B1A68C02359
:106F80009B0413400ED04C4B1A68C0239B041A403C
:106F900080235B049A420BD1484B1A6880239B03E1
:106FA000134005D1424B1B689B02454A134005E044
:106FB0003F4B1B689B025B083E4A1340F722D202FC
:106FC00019001000E9F74CF90B00DB0AE3188022E6
:106FD000520294466344DC02374B1A68C0239B0478
:106FE00013400ED0344B1A68C0239B041A408023F0
:106FF0005B049A420BD1314B1A6880239B031340E8
:1070000005D12B4B1B689B022D4A134005E0284BF2
:107010001B689B025B08274A13401900F723D8021C
:10702000E9F798F803001900234B1A68C0239B0462
:1070300013400ED0204B1A68C0239B041A408023B3
:107040005B049A420BD11D4B1A6880239B031340AB
:1070500005D1174B1B689B02194A134005E0144BDE
:107060001B689B025B08134A13404B43E31818004C
:1070700002F03EFA031E04D11B23FB1800221A70F3
:1070800003E01B23FB1801221A701B23FB181B783B
:10709000002B20D13B6B002B07D1FB6BDAB2094BE5
:1070A0001A703B6B01333B6315E00A2300F008FCC8
:1070B000E075FF1F00FE07000075FF1F2020024043
:1070C00000FC0F003E3400201A23FB181B78032B12
:1070D00001D1FB6B7B62FB6B0133FB63CD4B1A6809
:1070E000C0239B0413400ED0CA4B1A68C0239B04D4
:1070F0001A4080235B049A420BD1C74B1A68802345
:107100009B03134005D1C54B1B689B02C44A134027
:1071100005E0C24B1B689B025B08C24A1340F72282
:10712000D20219001000E9F79BF80B00DB0A0833C4
:10713000FA6B9A4200D272E53B6B002B00D06BE0F9
:107140007B6ADCB2B34B1A68C0239B0413400ED099
:10715000B04B1A68C0239B041A4080235B049A42F8
:107160000BD1AD4B1A6880239B03134005D1AB4B69
:107170001B689B02AA4A134005E0A84B1B689B02B0
:107180005B08A84A1340F722D20219001000E9F761
:1071900067F80B00DB0ADBB2E31ADBB20133DBB2C8
:1071A00007221340DCB29B4B1A68C0239B04134098
:1071B0000ED0984B1A68C0239B041A4080235B04AE
:1071C0009A420BD1944B1A6880239B03134005D13C
:1071D000924B1B689B02924A134005E08F4B1B6841
:1071E0009B025B088F4A1340F722D202190010005D
:1071F000E9F736F80B00DB0ADBB2E318DAB28A4BA8
:107200001A70894B1B780221180001F0BFFF031E82
:1072100002D0022300F054FB844B00221A80844BDE
:1072200020221A6020237B636DE07F4B1B78802235
:10723000520294466344DC02764B1A68C0239B04D6
:1072400013400ED0734B1A68C0239B041A4080234E
:107250005B049A420BD1704B1A6880239B03134046
:1072600005D16E4B1B689B026D4A134005E06B4BCA
:107270001B689B025B086B4A13401900F723D80276
:10728000E8F768FF03001900624B1A68C0239B04EB
:1072900013400ED05F4B1A68C0239B041A40802312
:1072A0005B049A420BD15C4B1A6880239B0313400A
:1072B00005D15A4B1B689B02594A134005E0574BB6
:1072C0001B689B025B08574A13404B43E2187B6BD9
:1072D000D3181A685B683A617B613B69013303D15B
:1072E0007B69013300D113E0504B1B8801339AB204
:1072F0004E4B1A804E4B1B6808331A004C4B1A60D9
:107300007B6B08337B637A6B80231B019A428CD39F
:10731000454B1B78FB63444B1B783B62D0E03D4BF5
:107320001A68C0239B0413400ED03A4B1A68C0233E
:107330009B041A4080235B049A420BD1364B1A6897
:1073400080239B03134005D1344B1B689B02344AB6
:10735000134005E0314B1B689B025B08314A134028
:10736000F722D20219001000E8F77AFF0B00DB0ABF
:10737000FA6BD31A0733072213401C00254B1A68F7
:10738000C0239B0413400ED0224B1A68C0239B04D9
:107390001A4080235B049A420BD11F4B1A6880234A
:1073A0009B03134005D11D4B1B689B021C4A1340D5
:1073B00005E01A4B1B689B025B081A4A1340F72230
:1073C000D20219001000E8F74BFF0B00DB0AE318AC
:1073D000FB63FB6B8022520294466344DC020D4B3C
:1073E0001A68C0239B0413400ED00A4B1A68C023AE
:1073F0009B041A4080235B049A421BD1064B1A68F7
:1074000080239B03134015D1044B1B689B02044A45
:10741000134015E00075FF1F20200240E075FF1F9C
:1074200000FC0F0000FE07003E3400203C3400202A
:10743000E0020020C44B1B689B025B08C34A134058
:107440001900F723D802E8F785FE03001900C04BA6
:107450001A68C0239B0413400ED0BD4B1A68C0238A
:107460009B041A4080235B049A420BD1B94B1A68E3
:1074700080239B03134005D1B34B1B689B02B64A84
:10748000134005E0B04B1B689B025B08AF4A1340FA
:107490004B43E3181A257C19180002F029F8030061
:1074A00023707B191B78032B08D1AC4B1B88FC3352
:1074B0009AB2AA4B1A80FB6B3B6201E00A23FFE100
:1074C000A34B1A68C0239B0413400ED0A04B1A682C
:1074D000C0239B041A4080235B049A420BD19D4B2E
:1074E0001A6880239B03134005D1974B1B689B02AE
:1074F000994A134005E0944B1B689B025B08934A32
:107500001340F722D20219001000E8F7A9FE0B0081
:10751000DB0AFA6B9A422DD08D4B1A68C0239B046C
:1075200013400ED08A4B1A68C0239B041A40802354
:107530005B049A420BD1874B1A6880239B0313404C
:1075400005D1814B1B689B02834A134005E07E4BAB
:107550001B689B025B087D4A1340F722D202190088
:107560001000E8F77DFE0B00DB0A0433FA6B9A4249
:1075700000D0D4E67A4B1B781C00754B1A68C023E8
:107580009B0413400ED0724B1A68C0239B041A4010
:1075900080235B049A420BD16E4B1A6880239B03B5
:1075A000134005D1684B1B689B026B4A134005E0F2
:1075B000654B1B689B025B08644A1340F722D202AA
:1075C00019001000E8F74CFE0B00DB0AE31A013348
:1075D000072213401C005E4B1A68C0239B04134013
:1075E0000ED05B4B1A68C0239B041A4080235B04B7
:1075F0009A420BD1574B1A6880239B03134005D145
:10760000514B1B689B02544A134005E04E4B1B68CC
:107610009B025B084D4A1340F722D202190010006A
:10762000E8F71EFE0B00DB0AE318FB63FB6B80220E
:10763000520294466344DC02454B1A68C0239B0403
:1076400013400ED0424B1A68C0239B041A4080237B
:107650005B049A420BD13F4B1A6880239B03134073
:1076600005D1394B1B689B023B4A134005E0364B62
:107670001B689B025B08354A13401900F723D802A8
:10768000E8F768FD03001900314B1A68C0239B041A
:1076900013400ED02E4B1A68C0239B041A4080233F
:1076A0005B049A420BD12B4B1A6880239B03134037
:1076B00005D1254B1B689B02274A134005E0224B4E
:1076C0001B689B025B08214A13404B43E318BB63D2
:1076D000D9E0FB1D1B78002B08D1FB6B01211800A2
:1076E00001F0A6FF031E14D00123E9E080231A0154
:1076F000BB6B1100180000F0B4FD0300102B08D183
:10770000FB6B0121180001F093FF031E01D0012340
:10771000D6E00F4B1A68C0239B0413400ED00C4BCD
:107720001A68C0239B041A4080235B049A4219D133
:10773000084B1A6880239B03134013D1024B1B682C
:107740009B02054A134013E0E075FF1F00FE07008F
:107750000075FF1F2020024000FC0F003C34002079
:107760003E340020584B1B689B025B08574A13406D
:10777000F722D20219001000E8F772FD0B00DB0AB5
:10778000FA6BD31A0133072213401C00504B1A68BE
:10779000C0239B0413400ED04D4B1A68C0239B049A
:1077A0001A4080235B049A420BD14A4B1A6880230B
:1077B0009B03134005D1444B1B689B02464A134070
:1077C00005E0414B1B689B025B08404A1340F722CF
:1077D000D20219001000E8F743FD0B00DB0AE318A2
:1077E000FB63FB6B8022520294466344DC02384BFD
:1077F0001A68C0239B0413400ED0354B1A68C0236F
:107800009B041A4080235B049A420BD1314B1A68C7
:1078100080239B03134005D12B4B1B689B022E4AF0
:10782000134005E0284B1B689B025B08274A134066
:107830001900F723D802E8F78DFC03001900244B48
:107840001A68C0239B0413400ED0214B1A68C02332
:107850009B041A4080235B049A420BD11D4B1A688B
:1078600080239B03134005D1174B1B689B021A4AC8
:10787000134005E0144B1B689B025B08134A13403E
:107880004B43E318BB63FA6B3B6A9A4200D020E794
:1078900001F05EFFFB69002B11D10E257C19002140
:1078A000002001F09DFB030023807B191B88002B27
:1078B00005D07B191B88122B01D0022300E0002386
:1078C0001800BD4610B0B0BDE075FF1F00FE0700F8
:1078D0000075FF1F2020024000FC0F0090B585B00E
:1078E00000AF0200FB1D1A700023FB6001F07EFF59
:1078F000031E01D00E2331E19A4B1A68C0239B046A
:1079000013400ED0974B1A68C0239B041A40802363
:107910005B049A420BD1944B1A6880239B0313405B
:1079200005D1924B1B689B02914A134005E08F4B97
:107930001B689B025B088F4A1340F722D202190092
:107940001000E8F78DFC0B00DB0AFB6072E0FB1D0A
:107950001B78002B08D1FB680121180001F068FE9C
:10796000031E64D00123F9E0FB6880225202944692
:107970006344DC027B4B1A68C0239B0413400ED087
:10798000784B1A68C0239B041A4080235B049A42F8
:107990000BD1754B1A6880239B03134005D1734BA1
:1079A0001B689B02724A134005E0704B1B689B02E8
:1079B0005B08704A13401900F723D802E8F7CAFBA6
:1079C00003001900674B1A68C0239B0413400ED0B4
:1079D000644B1A68C0239B041A4080235B049A42BC
:1079E0000BD1614B1A6880239B03134005D15F4B79
:1079F0001B689B025E4A134005E05C4B1B689B02C0
:107A00005B085C4A13404B43E318802212011100CB
:107A1000180000F026FC0300102B08D1FB680121A0
:107A2000180001F005FE031E01D0012396E0FB685B
:107A30000133FB604B4B1A68C0239B0413400ED0EC
:107A4000484B1A68C0239B041A4080235B049A4267
:107A50000BD1454B1A6880239B03134005D1434B40
:107A60001B689B02424A134005E0404B1B689B0287
:107A70005B08404A1340F722D20219001000E8F7D1
:107A8000EFFB0B00DB0A0833FA689A4200D25EE78C
:107A900001F05EFE334B1A68C0239B0413400ED0E6
:107AA000304B1A68C0239B041A4080235B049A421F
:107AB0000BD12D4B1A6880239B03134005D12B4B10
:107AC0001B689B022A4A134005E0284B1B689B0257
:107AD0005B08284A1340F722D20219001000E8F789
:107AE000BFFB0B00DB0A0221180001F04FFB031E55
:107AF00001D0022332E0204B00221A80194B1A6871
:107B0000C0239B0413400ED0164B1A68C0239B045D
:107B10001A4080235B049A420BD1134B1A688023CE
:107B20009B03134005D1114B1B689B02104A134065
:107B300005E00E4B1B689B025B080E4A1340F722C0
:107B4000D20219001000E8F78BFB0B00DB0ADAB257
:107B50000A4B1A700A4B20221A6000231800BD46F7
:107B600005B090BD0075FF1F20200240E075FF1F8B
:107B700000FC0F0000FE07003C3400203E340020D3
:107B8000E0020020B0B584B000AF02003960BB1D38
:107B90001A80BB1D1B88002B1CD0BB1D1B88104AE4
:107BA000934217D00023BB600E257B1900221A8058
:107BB0007C190823FA18BB1D1B881100180000F05F
:107BC00087F903002380BB689AB23B681A807B194F
:107BD0001B8800E008231800BD4604B0B0BDC046B5
:107BE000FFFF000080B582B000AF0200BB1D1A800D
:107BF0003B1D0A1C1A80BB1D1B88002B0ED0BB1D11
:107C00001B88094A934209D03B1D1A88BB1D1B885B
:107C10001100180000F0FCFA030000E0082318002F
:107C2000BD4602B080BDC046FFFF000090B587B0E2
:107C300000AF00237B6100233B610023FB60002336
:107C4000BB60FB1D05221A70BB1D05221A709B4BE1
:107C50001A68C0239B0413400ED0984B1A68C023A7
:107C60009B041A4080235B049A420BD1944B1A6800
:107C700080239B03134005D1924B1B689B02924AC1
:107C8000134005E08F4B1B689B025B088F4A134033
:107C9000F722D20219001000E8F7E2FA0B00DB0A23
:107CA0007B61D8E07B698022520294466344DC0207
:107CB000824B1A68C0239B0413400ED07F4B1A6876
:107CC000C0239B041A4080235B049A420BD17C4B57
:107CD0001A6880239B03134005D17A4B1B689B02D3
:107CE000794A134005E0774B1B689B025B08774A93
:107CF00013401900F723D802E8F72CFA0300190003
:107D00006E4B1A68C0239B0413400ED06B4B1A684D
:107D1000C0239B041A4080235B049A420BD1684B1A
:107D20001A6880239B03134005D1664B1B689B0296
:107D3000654A134005E0634B1B689B025B08634A7E
:107D400013404B43E318FB60FC1DFB68180001F077
:107D5000CFFB03002370FB1D1B78042B00D077E0C2
:107D60007B6901333B6161E03B69802252029446AA
:107D70006344DC02514B1A68C0239B0413400ED0AD
:107D80004E4B1A68C0239B041A4080235B049A421E
:107D90000BD14B4B1A6880239B03134005D1494BF1
:107DA0001B689B02484A134005E0464B1B689B0238
:107DB0005B08464A13401900F723D802E8F7CAF9CE
:107DC000030019003D4B1A68C0239B0413400ED0DA
:107DD0003A4B1A68C0239B041A4080235B049A42E2
:107DE0000BD1374B1A6880239B03134005D1354BC9
:107DF0001B689B02344A134005E0324B1B689B0210
:107E00005B08324A13404B43E318BB60BC1DBB68A0
:107E1000180001F06DFB03002370BB1D1B78042BC1
:107E200001D0052346E03B6901333B617B690433A4
:107E30003A699A4298D37B690421180001F0F8FB53
:107E4000031E01D0012335E001F082FC002331E064
:107E50007B6904337B61194B1A68C0239B04134070
:107E60000ED0164B1A68C0239B041A4080235B0473
:107E70009A420BD1124B1A6880239B03134005D101
:107E8000104B1B689B02104A134005E00D4B1B680A
:107E90009B025B080D4A1340F722D2021900100022
:107EA000E8F7DEF90B00DB0A08337A699A4200D260
:107EB000F8E605231800BD4607B090BD0075FF1F0A
:107EC00020200240E075FF1F00FC0F0000FE0700AD
:107ED000F0B58FB000AF020039611623FB181A808D
:107EE000002200233A627B6200237B6300233B6312
:107EF0000023FB620023FB611B2310229B18DB196C
:107F000005221A70002000F0D3F903007B637B6B1D
:107F1000013301D103236CE17B6B80225202944632
:107F20006344DE02B54B1A68C0239B0413400ED095
:107F3000B24B1A68C0239B041A4080235B049A4208
:107F40000BD1AF4B1A6880239B03134005D1AD4B77
:107F50001B689B02AC4A134005E0AA4B1B689B02BE
:107F60005B08AA4A13401900F723D802E8F7F2F891
:107F700003001900A14B1A68C0239B0413400ED0C4
:107F80009E4B1A68C0239B041A4080235B049A42CC
:107F90000BD19B4B1A6880239B03134005D1994B4F
:107FA0001B689B02984A134005E0964B1B689B0296
:107FB0005B08964A13404B43F3183B631B23102284
:107FC0009B18DE193B6B180001F092FA0300337026
:107FD000FAE0FF23DB00FB623DE03A6BFB6AD3185B
:107FE0001A685B683A627B623B6A013302D17B6A42
:107FF00001332DD03A6A7B6A131C9BB21622BA1841
:1080000012889A4224D17B6A1B00BB600023FB606C
:10801000B8683A6A7B6A131C9BB2190001F0D2FA65
:108020000300FB617B6A1B043A6A140C1C437B6AE5
:108030001D0CA3B21A00FB69934209D17B6A1B0095
:108040003B6000237B603A683B691A600023D0E004
:10805000FB6A083BFB62FB6A1F2BBED8674B1A68A2
:10806000C0239B0413400ED0644B1A68C0239B04AA
:108070001A4080235B049A420BD1614B1A6880231B
:108080009B03134005D15F4B1B689B025E4A134064
:1080900005E05C4B1B689B025B085C4A1340F722BF
:1080A000D20219001000E8F7DBF80B00DB0A7A6B4C
:1080B000D31A0733072213401E00504B1A68C023FF
:1080C0009B0413400ED04D4B1A68C0239B041A40EA
:1080D00080235B049A420BD1494B1A6880239B038F
:1080E000134005D1474B1B689B02474A134005E0EC
:1080F000444B1B689B025B08444A1340F722D202A0
:1081000019001000E8F7ACF80B00DB0AF3187B63EA
:108110007B6B8022520294466344DE02374B1A681E
:10812000C0239B0413400ED0344B1A68C0239B0419
:108130001A4080235B049A420BD1314B1A6880238A
:108140009B03134005D12F4B1B689B022E4A134003
:1081500005E02C4B1B689B025B082C4A134019005E
:10816000F723D802E7F7F6FF03001900234B1A683C
:10817000C0239B0413400ED0204B1A68C0239B04DD
:108180001A4080235B049A420BD11D4B1A6880234E
:108190009B03134005D11B4B1B689B021A4A1340DB
:1081A00005E0184B1B689B025B08184A13404B43C1
:1081B000F3183B631B2310229B18DE193B6B18003E
:1081C00001F096F9030033701B2210215318DB19BC
:1081D0001B78022B00D1FCE65318DB191B78032B0C
:1081E00000D1F6E65318DB191B78042B00D1F0E61A
:1081F00007231800BD460FB0F0BDC0460075FF1F35
:1082000020200240E075FF1F00FC0F0000FE070069
:10821000B0B584B000AF02003960BB1D1A800E25D6
:108220007B1900221A807C193A68BB1D1B8811003B
:10823000180000F0D5FE030023807B191B88122B49
:1082400008D13968BB1D1B880022180000F052FAC3
:10825000030002E00E23FB181B881800BD4604B083
:10826000B0BD80B584B000AF786039600E23FB18D4
:1082700011221A800023BB600FE07A68BB68D31814
:108280001A685B68511C01D1013303D00E23FB181F
:1082900010221A80BB680833BB60BA683B689A42F8
:1082A000EBD30E23FB181B881800BD4604B080BD1D
:1082B00090B587B000AF0200FB1D1A701723FB18A2
:1082C00005221A701623FB1805221A7000233B6141
:1082D0000023FB600023BB60CB4B1B783B613B69F9
:1082E0008022520294466344DC02C84B1A68C023C1
:1082F0009B0413400ED0C54B1A68C0239B041A4040
:1083000080235B049A420BD1C14B1A6880239B03E4
:10831000134005D1BF4B1B689B02BF4A134005E0C9
:10832000BC4B1B689B025B08BC4A13401900F72337
:10833000D802E7F70FFF03001900B44B1A68C023F7
:108340009B0413400ED0B14B1A68C0239B041A4003
:1083500080235B049A420BD1AD4B1A6880239B03A8
:10836000134005D1AB4B1B689B02AB4A134005E0A1
:10837000A84B1B689B025B08A84A13404B43E318B9
:108380001722BC18180001F0B3F8030023709F4BAC
:108390001A68C0239B0413400ED09C4B1A68C0235C
:1083A0009B041A4080235B049A420BD1984B1A68B5
:1083B00080239B03134005D1964B1B689B02964A72
:1083C000134005E0934B1B689B025B08934A1340E4
:1083D000F722D20219001000E7F742FF0B00DB0A78
:1083E0003A69D31A0133072213401C00874B1A68DD
:1083F000C0239B0413400ED0844B1A68C0239B04F7
:108400001A4080235B049A420BD1814B1A68802367
:108410009B03134005D17F4B1B689B027E4A134090
:1084200005E07C4B1B689B025B087C4A1340F722EB
:10843000D20219001000E7F713FF0B00DB0AE31864
:10844000FB60FB688022520294466344DC026F4B5F
:108450001A68C0239B0413400ED06C4B1A68C023CB
:108460009B041A4080235B049A420BD1684B1A6824
:1084700080239B03134005D1664B1B689B02664A11
:10848000134005E0634B1B689B025B08634A134083
:108490001900F723D802E7F75DFE030019005B4BD4
:1084A0001A68C0239B0413400ED0584B1A68C0238F
:1084B0009B041A4080235B049A420BD1544B1A68E8
:1084C00080239B03134005D1524B1B689B02524AE9
:1084D000134005E04F4B1B689B025B084F4A13405B
:1084E0004B43E3181622BC18180001F001F80300F2
:1084F0002370464B1A68C0239B0413400ED0434B95
:108500001A68C0239B041A4080235B049A420BD153
:108510003F4B1A6880239B03134005D13D4B1B68DA
:108520009B023D4A134005E03A4B1B689B025B08E7
:108530003A4A1340F722D20219001000E7F790FEE2
:108540000B00DB0A3A69D31A0733072213401C00D9
:108550002E4B1A68C0239B0413400ED02B4B1A6875
:10856000C0239B041A4080235B049A420BD1284B02
:108570001A6880239B03134005D1264B1B689B027E
:10858000254A134005E0234B1B689B025B08234AE6
:108590001340F722D20219001000E7F761FE0B002A
:1085A000DB0AE318BB60FB1D1B78022B00D18EE0B9
:1085B00000DD96E0002B00D178E0012B00D090E0A8
:1085C0001723FB181B78022B3BD1154B1A6880230D
:1085D0001B019A4201D23B6985E01623FB181B78E8
:1085E000042B06D1FFF722FB031E02D001235B42BE
:1085F00079E03B690321180000F0C8FD031E11D08B
:1086000001235B426FE0C0463E3400200075FF1F2F
:1086100020200240E075FF1F00FC0F0000FE070055
:10862000E0020020FB680221180000F0AFFD031EED
:1086300002D001235B4256E02D4B20221A60FB68DA
:1086400051E01723FB181B78012B2CD1284B1A68FB
:1086500080231B019A4201D23B6944E01623FB1898
:108660001B78042B06D1FFF7E1FA031E02D0012389
:108670005B4238E03B690321180000F087FD031ED0
:1086800002D001235B422EE0FB680121180000F0BC
:108690007DFD031E02D001235B4224E0144B202207
:1086A0001A60FB681FE001235B421CE01723FB18E4
:1086B0001B78022B01D13B6915E01723FB181B78AF
:1086C000012B01D1BB680EE001235B420BE01623B6
:1086D000FB181B78002B01D1FB6804E001235B42EF
:1086E00001E001235B421800BD4607B090BDC046C3
:1086F000E0020020B0B58AB000AF39601100BB1DA8
:10870000021C1A807B1D0A1C1A702723FB180522E5
:108710001A700023BB6100233B620023FB6100222F
:1087200000233A617B610E23FB1800221A8000238C
:10873000BB607B1D1B78002B01D1022300E00123CD
:108740001800FFF7B5FD03003B623B6A013302D11D
:10875000042300F032FCCC4B00221A803B6ADAB2D0
:10876000CA4B1A70CA4B20221A607B1D1B78002B43
:1087700009D13B6A0121180000F008FD031E02D058
:10878000022300F01AFCC34B1A68C0239B04134059
:108790000ED0C04B1A68C0239B041A4080235B0490
:1087A0009A420BD1BC4B1A6880239B03134005D11E
:1087B000BA4B1B689B02BA4A134005E0B74B1B68D3
:1087C0009B025B08B74A1340F722D202190010003F
:1087D000E7F746FD0B00DB0A3A6AD31A0733072294
:1087E00013401C00AB4B1A68C0239B0413400ED0EF
:1087F000A84B1A68C0239B041A4080235B049A424A
:108800000BD1A54B1A6880239B03134005D1A34BC2
:108810001B689B02A24A134005E0A04B1B689B0209
:108820005B08A04A1340F722D20219001000E7F7B4
:1088300017FD0B00DB0AE3183B623B6A8022520201
:1088400094466344DC02934B1A68C0239B04134094
:108850000ED0904B1A68C0239B041A4080235B04FF
:108860009A420BD18C4B1A6880239B03134005D18D
:108870008A4B1B689B028A4A134005E0874B1B68A2
:108880009B025B08874A13401900F723D802E7F7D9
:1088900061FC030019007F4B1A68C0239B0413403E
:1088A0000ED07C4B1A68C0239B041A4080235B04C3
:1088B0009A420BD1784B1A6880239B03134005D151
:1088C000764B1B689B02764A134005E0734B1B688E
:1088D0009B025B08734A13404B43E318BB61272597
:1088E0007C19BB69180000F003FE030023707B199C
:1088F0001B78022B04D07B191B78042B00D0A1E13C
:108900002723FB181B78022B09D13B6A042118008E
:1089100000F03CFC031E02D0022300F04EFB5D4B36
:108920001A68C0239B0413400ED05A4B1A68C02308
:108930009B041A4080235B049A420BD1564B1A6861
:1089400080239B03134005D1544B1B689B02544A60
:10895000134005E0514B1B689B025B08514A1340D2
:10896000F722D20219001000E7F77AFC0B00DB0AAD
:108970003A6AD31A0733072213401C00454B1A6882
:10898000C0239B0413400ED0424B1A68C0239B04A3
:108990001A4080235B049A420BD13F4B1A68802314
:1089A0009B03134005D13D4B1B689B023C4A13407F
:1089B00005E03A4B1B689B025B083A4A1340F722DA
:1089C000D20219001000E7F74BFC0B00DB0AE3189A
:1089D0003B623B6A8022520294466344DC022D4B88
:1089E0001A68C0239B0413400ED02A4B1A68C02378
:1089F0009B041A4080235B049A420BD1264B1A68D1
:108A000080239B03134005D1244B1B689B02244AFF
:108A1000134005E0214B1B689B025B08214A134071
:108A20001900F723D802E7F795FB03001900194B4B
:108A30001A68C0239B0413400ED0164B1A68C0233B
:108A40009B041A4080235B049A420BD1124B1A6894
:108A500080239B03134005D1104B1B689B02104AD7
:108A6000134005E00D4B1B689B025B080D4A134049
:108A70004B43E318BB612723FC18BB69180000F0C7
:108A800037FD03002370D1E03C3400203E34002049
:108A9000E00200200075FF1F20200240E075FF1F4C
:108AA00000FC0F0000FE07002723FB181B78032B98
:108AB00008D13B6A0421180000F068FB031E01D0B6
:108AC00002237AE2CA4B1A68C0239B0413400ED0DB
:108AD000C74B1A68C0239B041A4080235B049A4248
:108AE0000BD1C44B1A6880239B03134005D1C24BA2
:108AF0001B689B02C14A134005E0BF4B1B689B02E9
:108B00005B08BF4A1340F722D20219001000E7F7B2
:108B1000A7FB0B00DB0A3A6AD31A0733072213407C
:108B20001C00B34B1A68C0239B0413400ED0B04BFB
:108B30001A68C0239B041A4080235B049A420BD11D
:108B4000AC4B1A6880239B03134005D1AA4B1B68CA
:108B50009B02AA4A134005E0A74B1B689B025B08D7
:108B6000A74A1340F722D20219001000E7F778FB5A
:108B70000B00DB0AE3183B623B6A802252029446F8
:108B80006344DC029A4B1A68C0239B0413400ED046
:108B9000974B1A68C0239B041A4080235B049A42B7
:108BA0000BD1944B1A6880239B03134005D1924B41
:108BB0001B689B02914A134005E08F4B1B689B0288
:108BC0005B088F4A13401900F723D802E7F7C2FA6F
:108BD00003001900864B1A68C0239B0413400ED073
:108BE000834B1A68C0239B041A4080235B049A427B
:108BF0000BD1804B1A6880239B03134005D17E4B19
:108C00001B689B027D4A134005E07B4B1B689B025F
:108C10005B087B4A13404B43E318BB612723FC18D6
:108C2000BB69180000F064FC030023702722BB1806
:108C30001B78032B00D137E7BB181B78042B00D11E
:108C400032E70AE07B1D1B78012B04D12723FB1898
:108C50001B78032B01D00A23AFE17B1D1B78012B6E
:108C600000D050E12023FB616DE0664B1B78802231
:108C7000520294466344DC025D4B1A68C0239B0495
:108C800013400ED05A4B1A68C0239B041A4080230D
:108C90005B049A420BD1574B1A6880239B03134005
:108CA00005D1554B1B689B02544A134005E0524BBB
:108CB0001B689B025B08524A13401900F723D80235
:108CC000E7F748FA03001900494B1A68C0239B04D0
:108CD00013400ED0464B1A68C0239B041A408023D1
:108CE0005B049A420BD1434B1A6880239B031340C9
:108CF00005D1414B1B689B02404A134005E03E4BA7
:108D00001B689B025B083E4A13404B43E218FB6919
:108D1000D3181A685B683A617B613B69013303D100
:108D20007B69013300D113E0374B1B8801339AB2C2
:108D3000354B1A80354B1B6808331A00334B1A60C9
:108D4000FB690833FB61FA6980231B019A428CD3CB
:108D50002C4B1B783B620023FB61CEE0244B1A684E
:108D6000C0239B0413400ED0214B1A68C0239B04E0
:108D70001A4080235B049A420BD11E4B1A68802351
:108D80009B03134005D11C4B1B689B021B4A1340DD
:108D900005E0194B1B689B025B08194A1340F72238
:108DA000D20219001000E7F75BFA0B00DB0A3A6AFF
:108DB000D31A0733072213401C000D4B1A68C02337
:108DC0009B0413400ED00A4B1A68C0239B041A4020
:108DD00080235B049A421BD1064B1A6880239B03B5
:108DE000134015D1044B1B689B02044A134015E045
:108DF0000075FF1F20200240E075FF1F00FC0F00E0
:108E000000FE07003E3400203C340020E002002039
:108E10006C4B1B689B025B086B4A1340F722D20223
:108E200019001000E7F71CFA0B00DB0AE3183B629D
:108E30003B6A8022520294466344DC02634B1A6808
:108E4000C0239B0413400ED0604B1A68C0239B04C0
:108E50001A4080235B049A420BD15D4B1A68802331
:108E60009B03134005D1574B1B689B02594A134083
:108E700005E0544B1B689B025B08534A13401900E2
:108E8000F723D802E7F766F9030019004F4B1A6879
:108E9000C0239B0413400ED04C4B1A68C0239B0484
:108EA0001A4080235B049A420BD1494B1A688023F5
:108EB0009B03134005D1434B1B689B02454A13405B
:108EC00005E0404B1B689B025B083F4A13404B4345
:108ED000E31827257C19180000F00AFB0300237013
:108EE0007B191B78032B0DD13B4B1B88FC339AB2AB
:108EF000394B1A80FB690133FB61FB69072B00D8F2
:108F00002CE700E0C0463A68BB1D1B881100180022
:108F100000F066F8031E01D002234EE02E4B1B88A2
:108F2000022B03D92C4B1B88023B00E00123FB6181
:108F300032E0BB1D1B88FA699A422AD0FB699BB2BA
:108F40000E257C190822BA1811001800FEF7C0FF80
:108F50000300238029007B181B88002B11D1FB699B
:108F60009BB2BA680D007C181100180000F038F8A8
:108F7000030023807B191B88002B0AD07B191B88D8
:108F80001BE00E22BB181B88072B02D0BB181B88C6
:108F900013E0FB690133FB61FA69FA239B009A42F3
:108FA000C7D90E4B1B780221180000F0EFF8031E02
:108FB00001D0022301E080235B001800BD460AB007
:108FC000B0BDC046E075FF1F00FE07000075FF1F23
:108FD0002020024000FC0F003C3400203E340020E2
:108FE000F0B591B000AF0300B9622E22BA18138019
:108FF0000023FB635E4B1A88FC239B009A4201D33B
:109000001223B1E00120FFF753F90300BB630023F3
:109010007B63BB6B013301D10323A5E0BB6B8022D3
:10902000520294466344DE02524B1A68C0239B04EA
:1090300013400ED04F4B1A68C0239B041A40802364
:109040005B049A420BD14C4B1A6880239B0313405C
:1090500005D14A4B1B689A02494B134005E0474B28
:109060001B689B025A08474B13401900F723D8028C
:10907000E7F770F8030019003E4B1A68C0239B0401
:1090800013400ED03B4B1A68C0239B041A40802328
:109090005B049A420BD1384B1A6880239B03134020
:1090A00005D1364B1B689A02354B134005E0334B14
:1090B0001B689B025A08334B13404B43F3187B63E6
:1090C000BB6A002B07D12E23FB181B88002B02D173
:1090D0000023FB6309E02E23FB181A88BB6A1100EA
:1090E000180000F06FFA0300FB63274B1A687B6BD4
:1090F000D118BB6ABB610023FB61BB691B007B62AB
:1091000000233B62FB6B1B043B6100237B61386ADD
:109110003A697B69160030430400786A18430500F9
:109120002E23FB181B889BB2BB600023FB60BA6830
:10913000FB681000204338602B437B603A687B68F3
:10914000080000F063FA031E01D002230CE00E4B6E
:109150001B6808331A000C4B1A60054B1B8801333F
:109160009AB2034B1A8000231800BD4611B0F0BD1F
:109170003C3400200075FF1F20200240E075FF1FD7
:1091800000FC0F0000FE0700E002002090B587B051
:1091900000AF78600A00FB1C1A7000237B6100237B
:1091A0003B610023FB600023BB607B68802252028E
:1091B00094466344DC02C44B1A68C0239B041340EA
:1091C0000ED0C14B1A68C0239B041A4080235B0455
:1091D0009A420BD1BD4B1A6880239B03134005D1E3
:1091E000BB4B1B689B02BB4A134005E0B84B1B6896
:1091F0009B025B08B84A13401900F723D802E6F730
:10920000A9FF03001900B04B1A68C0239B04134048
:109210000ED0AD4B1A68C0239B041A4080235B0418
:109220009A420BD1A94B1A6880239B03134005D1A6
:10923000A74B1B689B02A74A134005E0A44B1B6881
:109240009B025B08A44A13404B43E3187B617B6895
:109250008022520294466344DC029B4B1A68C0236E
:109260009B0413400ED0984B1A68C0239B041A40ED
:1092700080235B049A420BD1944B1A6880239B0392
:10928000134005D1924B1B689B02924A134005E0A4
:109290008F4B1B689B025B088F4A13401900F72312
:1092A000D802E6F757FF03001900874B1A68C0235E
:1092B0009B0413400ED0844B1A68C0239B041A40B1
:1092C00080235B049A420BD1804B1A6880239B0356
:1092D000134005D17E4B1B689B027E4A134005E07C
:1092E0007B4B1B689B025B087B4A13404B43E31894
:1092F00008333B617B688022520294466344DC025F
:10930000714B1A68C0239B0413400ED06E4B1A6831
:10931000C0239B041A4080235B049A420BD16B4B01
:109320001A6880239B03134005D1694B1B689B027D
:10933000684A134005E0664B1B689B025B08664A5F
:1093400013401900F723D802E6F704FF03001900C1
:109350005D4B1A68C0239B0413400ED05A4B1A6809
:10936000C0239B041A4080235B049A420BD1574BC5
:109370001A6880239B03134005D1554B1B689B0241
:10938000544A134005E0524B1B689B025B08524A4B
:1093900013404B43E3181033FB607B68802252027A
:1093A00094466344DC02484B1A68C0239B04134074
:1093B0000ED0454B1A68C0239B041A4080235B04DF
:1093C0009A420BD1414B1A6880239B03134005D16D
:1093D0003F4B1B689B023F4A134005E03C4B1B6818
:1093E0009B025B083C4A13401900F723D802E6F7BA
:1093F000B1FE03001900344B1A68C0239B041340CC
:109400000ED0314B1A68C0239B041A4080235B04A2
:109410009A420BD12D4B1A6880239B03134005D130
:109420002B4B1B689B022B4A134005E0284B1B6803
:109430009B025B08284A13404B43E3181833BB6078
:10944000FB1C1B78042B30D039DC032B23D036DCFB
:10945000012B02D0022B0FD031E0204A1F4B79693B
:10946000080000F0D3F8031E01D002233CE07B6823
:10947000DAB21B4B1A7036E0184A184B39690800EB
:1094800000F0C4F8031E01D002232DE07B68DAB29D
:10949000134B1A7027E0114A104BF968080000F0CE
:1094A000B5F8031E0DD002231EE00C4A0B4BB96821
:1094B000080000F0ABF8031E14D0022314E0C046ED
:1094C00011E0C0460FE0C0460075FF1F202002409B
:1094D000E075FF1F00FC0F0000FE0700AAAAAAAA61
:1094E0003E340020C04600231800BD4607B090BDA2
:1094F00080B58AB000AF7860002200233A627B62B8
:1095000000220023BA61FB61002200233A617B61E3
:1095100000220023BA60FB607B681A685B683A62CD
:109520007B627B6808331A685B68BA61FB617B68A1
:1095300010331A685B683A617B617B6818331A687C
:109540005B68BA60FB60BB68013302D1FB68013322
:1095500001D0042318E03B69013302D17B69013358
:1095600001D0032310E0BB69013302D1FB69013351
:1095700001D0022308E03B6A013302D17B6A013348
:1095800001D0012300E000231800BD460AB080BDD1
:1095900080B500AF80235B011800FCF74FFD074A40
:1095A000074B11001800FCF715FD054B08211800AA
:1095B000FCF7FEFCC046BD4680BDC04605800000ED
:1095C0000030024080B582B000AF78600A00BB1C5A
:1095D0001A800D4B1800FCF7DDFC7B680A4A190065
:1095E0001000FCF703FDBB1C1B88074A1900100084
:1095F000FCF708FD044B1800FCF715FD03001800EC
:10960000BD4602B080BDC0460030024080B584B087
:1096100000AFF8603A607B603A687B68F9680120C7
:1096200005F0E4FB03001800BD4604B080BD000057
:1096300090B58BB000AF78600A00BB1C1A8026235F
:10964000FB1800221A800023FB607B6880225202F4
:1096500094466344DC02394B1A68C0239B041340D0
:109660000ED0364B1A68C0239B041A4080235B043B
:109670009A420BD1324B1A6880239B03134005D1C9
:10968000304B1B689B02304A134005E02D4B1B6892
:109690009B025B082D4A13401900F723D802E6F716
:1096A00059FD03001900254B1A68C0239B04134081
:1096B0000ED0224B1A68C0239B041A4080235B04FF
:1096C0009A420BD11E4B1A6880239B03134005D18D
:1096D0001C4B1B689B021C4A134005E0194B1B687E
:1096E0009B025B08194A13404B43E318180000F033
:1096F00035F803003B6210217B183A6A5A607B18E8
:1097000002221A60BB1C1A887B18DA607B187A6800
:109710009A600C23FA187B181100180005F068FCF9
:10972000031E03D02623FB1801221A802623FB18D0
:109730001B881800BD460BB090BDC0460075FF1FCA
:1097400020200240E075FF1F00FC0F0000FE070014
:1097500080B500AFC046BD4680BD000080B584B076
:1097600000AF78600023FB601B4B1A68C0239B048A
:1097700013400ED0184B1A68C0239B041A40802354
:109780005B049A420FD1154B1A6880239B03134048
:1097900009D1134B1B689B02124A13408022120509
:1097A0009446634409E00E4B1B689B025B080E4A1B
:1097B000134080221205944663447A68934202D98A
:1097C0000423FB6002E080231B02FB60FB6818009F
:1097D000BD4604B080BDC0460075FF1F202002407A
:1097E000E075FF1F00FC0F0000FE070080B582B08F
:1097F00000AFBB1D00221A80BB1D1B881800BD4690
:1098000002B080BD80B582B000AFEFF305837B600E
:109810007B685A1E9341DBB21800BD4602B080BD82
:1098200080B500AF01F0A4FD00231800BD4680BD47
:1098300080B584B000AF78607B68FB60FB68002B6C
:1098400001D0FB6800E00123180001F069FC00234F
:109850001800BD4604B080BD80B584B000AF78600C
:1098600039603B68012B11D103220021012000F057
:1098700056FE0300FB60FB68002B05D0F868002350
:109880000022002100F0B3FEFB6806E03B683A6866
:109890001100180000F093FE03001800BD4604B04C
:1098A00080BD000080B584B000AF786039600023CF
:1098B000BB607B68002B01D1802336E00023FB6076
:1098C0003B68013303D101235B42FB6009E03B6845
:1098D000002B06D03B68FB60FB68002B01D1012305
:1098E000FB60FFF78FFF031E13D00823FA187B6875
:1098F0000021180001F0FEF80300012B01D0FF2326
:1099000013E0BB68002B0FD00A4B802252051A606F
:109910000AE0FA687B681100180001F02FF80300D4
:10992000012B01D0FF2300E000231800BD4604B046
:1099300080BDC04604ED00E080B584B000AF786023
:109940000023FB600023BB60FFF75CFF031E13D006
:109950000823FA187B681100180000F030FF03009C
:10996000012B01D0FF2313E0BB68002B0FD00A4B63
:10997000802252051A600AE0786800230022002144
:1099800000F035FE0300012B01D0FF23FB60FB68D4
:109990001800BD4604B080BD04ED00E080B500AF06
:1099A00002F01CFA0300012B01D000F095FBC04629
:1099B000BD4680BD80B584B000AF78600023FB60F9
:1099C000082000F0C5FB0300BB60BB68002B12D071
:1099D00000F02EFBBB687A681A60BB6800225A60F0
:1099E000074B1B68BA685A60054BBA681A6000F0EA
:1099F00031FB0123FB60FB681800BD4604B080BD4D
:109A00000803002080B588B000AFF860B9607A60C4
:109A10000123FB613E4B1B68002B46D13C4B3D4A6A
:109A20001A603CE03A4B1B681B681B68BB61BB6952
:109A30001800E6F773FB03007B61FA687B69D318B3
:109A40001B785BB2202B06D0FA687B69D3181B7891
:109A50005BB2002B1ED17A69B969FB6818000CF063
:109A600074FA031E16D12A4B1B681B681B7B5BB262
:109A7000002B19DBFB68180000F062F903001A00E4
:109A8000234B1B681B681B7B5BB29A420CD00023E4
:109A9000FB6109E01E4B1B685A681D4B1A601C4B8A
:109AA0001B68002BBED100E0C046194B1B68002B81
:109AB0000CD0FB69002B09D17A681749BB681800E4
:109AC0000CF054FA124B00221A601CE0104B1B6879
:109AD000002B10D00E4B1B681B689B68FA687968D6
:109AE000B86898470300FB61FB69002B0BD1084B5A
:109AF00000221A6007E07A680849BB6818000CF079
:109B000035FA0023FB61FB691800BD4608B080BD33
:109B1000FC3600200003002000E2020858E20208A0
:109B200080B500AF014B1800BD4680BD98340020C1
:109B300080B586B000AFF860B9607A6000237B61C1
:109B400000233B617B6800221A6042E0FB6801331E
:109B5000FB60FB681B785BB2002B08D0FB681B78AE
:109B60005BB2202BF2D102E0FB680133FB60FB68A3
:109B70001B785BB2002B04D0FB681B785BB2202BF8
:109B8000F2D0FB681B785BB2002B27D07B690133D6
:109B90007B617A69BB689A421BD1FB683B6107E035
:109BA0007B681B685A1C7B681A60FB680133FB608A
:109BB000FB681B785BB2002B04D0FB681B785BB2A0
:109BC000202BEDD17B681B68002B09D100233B6162
:109BD00006E07A69BB689A42BBD302E0C04600E067
:109BE000C0463B691800BD4606B080BD80B586B052
:109BF00000AFF860B9607A6000233B611023FA1867
:109C00007B6801211800FFF793FF0200434B1A60A5
:109C1000424B1B68002B2BD0404B1B68404906224F
:109C200018000CF092F9031E22D13E4B1B78072B33
:109C300002D13C4B00221A703A4B1B785A1CD1B20D
:109C4000384A11701A00384B9200D158BA68FB6834
:109C500018000CF08BF9334B1B78072B05D1002330
:109C60007B61304B00221A7052E001237B614FE090
:109C70002A4B1B68002B4BD12C4B1B68002B05D1AA
:109C80002A4B2B4A1A602B4B01221A70294B1A7847
:109C9000294B1B789A421ED9FB6808331800234BC6
:109CA0001B681B685968BB68083B1A000CF05EF91A
:109CB000FB680133214A110018000CF03AFAFB68E6
:109CC00028221A70FB68063329221A70FB680733B2
:109CD00020221A7008E0154B1B681B685968BA6887
:109CE000FB6818000CF042F9104B1B685A680F4BC8
:109CF0001A60104B1B780133DAB20E4B1A700B4B03
:109D00001B68002B02D100237B6101E001237B61F2
:109D10007B691800BD4606B080BDC04600370020F4
:109D2000A8E202080437002068000020083700205D
:109D3000000300200C3700208C0B00205CAA0208D6
:109D400080B584B000AF78600F23FB1800221A7032
:109D50000023BB6018E07B681B785BB2202B0ED120
:109D6000BB68012B0DD00F217B181B785BB2DBB2D7
:109D70000133DAB27B181A700123BB6001E00023C3
:109D8000BB607B6801337B607B681B785BB2002B18
:109D9000E1D1BB68012B08D10F217B181B785BB286
:109DA000DBB2013BDAB27B181A700F23FB181B7869
:109DB0005BB21800BD4604B080BD80B582B000AF74
:109DC00078607B6808331A007B685A607B680122E0
:109DD00052429A607B6808331A007B68DA607B68BD
:109DE00008331A007B681A617B6800221A60C0463B
:109DF000BD4602B080BD80B582B000AF78607B68A0
:109E000000221A61C046BD4602B080BD80B584B054
:109E100000AF786039607B685B68FB603B68FA681C
:109E20005A60FB689A683B689A60FB689B683A686E
:109E30005A60FB683A689A603B687A681A617B6886
:109E40001B685A1C7B681A60C046BD4604B080BDC2
:109E500080B584B000AF786039603B681B68BB6038
:109E6000BB68013303D17B681B69FB600CE07B6836
:109E70000833FB6002E0FB685B68FB60FB685B68C3
:109E80001B68BA689A42F6D2FB685A683B685A6007
:109E90003B685B683A689A603B68FA689A60FB685E
:109EA0003A685A603B687A681A617B681B685A1C7A
:109EB0007B681A60C046BD4604B080BD80B584B0E2
:109EC00000AF78607B681B69FB607B685B687A68C1
:109ED00092689A607B689B687A6852685A60FB68EF
:109EE0005B687A689A4203D17B689A68FB685A601B
:109EF0007B6800221A61FB681B685A1EFB681A60A7
:109F0000FB681B681800BD4604B080BD80B584B0F6
:109F100000AFF860B9607A60FB68043BFB60FB68E7
:109F2000802252041A60FB68043BFB60BA68FB683D
:109F30001A60FB68043BFB60084AFB681A60FB6818
:109F4000143BFB607A68FB681A60FB68203BFB608F
:109F5000FB681800BD4604B080BDC046619F010883
:109F600080B582B000AF00237B6072B6C0467B68CC
:109F7000002BFCD0C046C046BD4602B080BD80B5B7
:109F800000AFC046BD4680BD0000000000000000DC
:109F90000B4A13681868203080F30988022080F388
:109FA0001488BFF36F8F3FBCAE4608BC04BC62B6DA
:109FB0001847C046C046C046C046C046C046C04618
:109FC00000970120C046C04680B500AF0E4B1A680E
:109FD0000D4BFF2109040A431A600B4B1A680A4B08
:109FE000FF2109060A431A6000F090F8074B00228F
:109FF0001A60FFF7CDFF01F0DDFBFFF7B1FF002393
:10A000001800BD4680BDC04620ED00E00C030020D6
:10A0100080B500AF054B802252051A60BFF34F8F09
:10A02000BFF36F8FC046BD4680BDC04604ED00E063
:10A0300080B500AF72B6064B1B685A1C044B1A6001
:10A04000BFF34F8FBFF36F8FC046BD4680BDC04684
:10A050000C03002080B500AF064B1B685A1E054B51
:10A060001A60044B1B68002B00D162B6C046BD4687
:10A0700080BDC0460C030020EFF3108072B670471D
:10A08000C046180080F310887047C04600000000EA
:10A09000EFF309800E4B1A6820381060F0C0444678
:10A0A0004D4656465F46F0C008B572B601F082FBD9
:10A0B00062B60CBC116808681030F0C8A046A9460A
:10A0C000B246BB4680F309882038F0C81847C0461E
:10A0D00000970120C046C04680B582B000AFFFF7B0
:10A0E000CBFF03007B6001F0BDFA031E03D0064BDB
:10A0F000802252051A607B681800FFF7C3FFC04634
:10A10000BD4602B080BDC04604ED00E080B500AFA2
:10A110000B4B00221A600B4B00221A600A4B1B6883
:10A12000FA2291001800E6F715F803001A00074B11
:10A13000013A1A60024B07221A60C046BD4680BD34
:10A1400010E000E018E000E0DC02002014E000E095
:10A1500080B586B000AF78600023FB6001F042F963
:10A16000454B1B68002B01D100F0D2F8434B1B6814
:10A170007A68134000D072E07B68002B0CD0082274
:10A180007B689B187B607B680722134004D07B6848
:10A190000722934308337B607B68002B5FD0384BEA
:10A1A0001B687A689A425AD8364B3B61354B1B681C
:10A1B0007B6104E07B693B617B691B687B617B6938
:10A1C0005B687A689A4203D97B691B68002BF1D1DE
:10A1D000294B1B687A699A4241D03B691B68082267
:10A1E0009B18FB607B691A683B691A607B695A6837
:10A1F0007B68D21A08235B009A4210D97A697B687F
:10A20000D318BB607B695A687B68D21ABB685A60F6
:10A210007B697A685A60BB68180000F0D9F8184B5F
:10A220001A687B695B68D21A154B1A60144B1A685E
:10A23000154B1B689A4203D2114B1A68124B1A60D5
:10A240007B695A680D4B1B681A437B695A607B69AE
:10A2500000221A600D4B1B685A1C0C4B1A6001F04F
:10A26000CDF8FB68002B01D1FAF79CFAFB681800C7
:10A27000BD4606B080BDC046A8960120BC96012010
:10A28000AC960120A0960120B0960120B496012042
:10A2900080B584B000AF78607B68FB607B68002B82
:10A2A0002CD008235B42FA68D318FB60FB68BB60C4
:10A2B000BB685A68134B1B6813401FD0BB681B68F0
:10A2C000002B1BD1BB685A680E4B1B68DB431A403E
:10A2D000BB685A6001F086F8BB685A680A4B1B6875
:10A2E000D218094B1A60BB68180000F071F8074BD0
:10A2F0001B685A1C054B1A6001F080F8C046BD4629
:10A3000004B080BDBC960120AC960120B896012017
:10A3100080B584B000AF274BBB60274BFB60FB6868
:10A32000072213400CD0FB680733FB60FB68072251
:10A330009343FB60BA68FB68D21A1F4BD318BB600B
:10A34000FB687B601D4B7A681A601C4B00225A60C8
:10A350007B68BA68D318FB600822FB689B1AFB6015
:10A36000FB6807229343FB60FA68154B1A60144B95
:10A370001B6800225A60124B1B6800221A607B681F
:10A380003B603B68FA68D21A3B685A600C4B1A680B
:10A390003B681A603B685A680A4B1A603B685A6807
:10A3A000094B1A60094B802212061A60C046BD464E
:10A3B00004B080BD905F010010370020A0960120FE
:10A3C000A8960120B0960120AC960120BC960120F1
:10A3D00080B584B000AF7860274BFB6002E0FB687B
:10A3E0001B68FB60FB681B687A689A42F7D8FB68B9
:10A3F000BB60FB685B68BA68D3187A689A4208D178
:10A40000FB685A687B685B68D218FB685A60FB6817
:10A410007B607B68BB607B685B68BA68D218FB684E
:10A420001B689A4218D1FB681A68144B1B689A4241
:10A430000DD07B685A68FB681B685B68D2187B6824
:10A440005A60FB681B681A687B681A6008E00B4B4F
:10A450001A687B681A6003E0FB681A687B681A60F8
:10A46000FA687B689A4202D0FB687A681A60C04634
:10A47000BD4604B080BDC046A0960120A89601202C
:10A4800080B584B000AF786039607B68FB60FFF70F
:10A49000CFFDFB681A68FB68D96BFB681B6C4B43EC
:10A4A000D218FB689A60FB6800229A63FB681A68FE
:10A4B000FB685A60FB681A68FB68DB6B591EFB6817
:10A4C0001B6C4B43D218FB68DA60FB684422FF2107
:10A4D0009954FB684522FF2199543B68002B0DD10C
:10A4E000FB681B69002B13D0FB681033180001F0C8
:10A4F0002FFA031E0CD0FFF78BFD09E0FB68103329
:10A500001800FFF75AFCFB6824331800FFF755FCCE
:10A51000FFF7A0FD01231800BD4604B080BD90B533
:10A520008BB002AFF860B960FB1D1A70FB68BA68A7
:10A530005343FB61FB6950331800FFF709FE03002A
:10A54000BB61BB69002B0ED0BB697B617B6950335B
:10A550007B61FB1D1C787A69B968F868BB69009358
:10A56000230000F005F8BB691800BD4609B090BD96
:10A5700080B584B000AFF860B9607A601A00FB1C47
:10A580001A70BB68002B03D1BB69BA691A6002E07C
:10A59000BB697A681A60BB69FA68DA63BB69BA6832
:10A5A0001A64BB6901211800FFF76AFFBB69FA1C36
:10A5B0004C2112785A54C046BD4604B080BD80B5C7
:10A5C00084B000AF786039607B68022200211800F7
:10A5D000FFF7A5FF0300FB60FB68002B02D0FB68C0
:10A5E0003A689A63FB681800BD4604B080BD80B528
:10A5F0008AB000AFF860B9607A603B6000237B628C
:10A60000FB683B62FFF714FD3B6A9A6B3B6ADB6BAE
:10A610009A4202D33B68022B1ED13A68B9683B6A62
:10A62000180000F0CDFA0300FB613B6A5B6A002B67
:10A6300009D03B6A2433180001F08AF9031E07D0C1
:10A64000FFF7E6FC04E0FB69002B01D0FFF7E0FC1C
:10A65000FFF700FD01235BE07B68002B03D1FFF7D0
:10A66000F9FC002354E07B6A002B06D11423FB186D
:10A67000180001F0C5F901237B62FFF7EBFC00F045
:10A68000B1FEFFF7D5FC3B6A44229B5C5BB2013311
:10A6900003D13B6A4422002199543B6A45229B5CCA
:10A6A0005BB2013303D13B6A452200219954FFF785
:10A6B000D1FC3A1D1423FB181100180001F0B4F965
:10A6C000031E1ED13B6A180000F07FFB031E11D051
:10A6D0003B6A10337A681100180001F0FDF83B6AFC
:10A6E000180000F0FEFA00F089FE031E8AD1FFF781
:10A6F0008FFC87E73B6A180000F0F3FA00F07EFE5B
:10A7000080E73B6A180000F0ECFA00F077FE0023C7
:10A710001800BD460AB080BD90B58BB000AFF860A0
:10A72000B9607A603B60FB683B62FFF7A5FC030001
:10A73000FB613B6A9A6B3B6ADB6B9A4202D33B68D4
:10A74000022B31D11B243B193A6A4521525C1A7005
:10A750003B6A9B6B7B613A68B9683B6A180000F002
:10A760002FFA3B191B785BB2013311D13B6A5B6A4C
:10A77000002B16D03B6A2433180001F0E9F8031EC1
:10A780000FD07B68002B0CD07B6801221A6008E098
:10A790001B23FB181B780133DBB259B23B6A4522FD
:10A7A000995401237B6201E000237B62FB6918005E
:10A7B000FFF768FC7B6A1800BD460BB090BD80B502
:10A7C00088B000AF786039607B68BB61FFF754FCEC
:10A7D00003007B61BB699B6B3B61BB69DB6B3A69C7
:10A7E0009A422CD20F203B18BA694521525C1A704C
:10A7F0003B695A1CBB699A633B181B785BB20133F7
:10A8000011D1BB695B6A002B16D0BB6924331800D9
:10A8100001F09EF8031E0FD03B68002B0CD03B6864
:10A8200001221A6008E00F23FB181B780133DBB20A
:10A8300059B2BB69452299540123FB6101E0002311
:10A84000FB617B691800FFF71DFCFB691800BD4622
:10A8500008B080BD80B58AB000AFF860B9607A609A
:10A8600000237B62FB683B62FFF7E2FB3B6A9B6B6A
:10A87000FB61FB69002B1AD0BA683B6A1100180013
:10A8800000F009FAFB695A1E3B6A9A633B6A1B692E
:10A89000002B08D03B6A1033180001F059F8031E52
:10A8A00001D0FFF7B5FBFFF7D5FB012362E07B6822
:10A8B000002B03D1FFF7CEFB00235BE07B6A002B6C
:10A8C00006D11423FB18180001F09AF801237B62CB
:10A8D000FFF7C0FB00F086FDFFF7AAFB3B6A4422AE
:10A8E0009B5C5BB2013303D13B6A44220021995443
:10A8F0003B6A45229B5C5BB2013303D13B6A452234
:10A9000000219954FFF7A6FB3A1D1423FB181100F0
:10A91000180001F089F8031E1ED13B6A180000F0F0
:10A920003EFA031E11D03B6A24337A6811001800E6
:10A9300000F0D2FF3B6A180000F0D3F900F05EFD92
:10A94000031E91D1FFF764FB8EE73B6A180000F00D
:10A95000C8F900F053FD87E73B6A180000F0C1F921
:10A9600000F04CFD3B6A180000F019FA031E00D1FC
:10A970007AE700231800BD460AB080BD80B58AB0D2
:10A9800000AF7860396000237B627B68FB61002345
:10A990003B62FFF74DFBFB699B6BBB61BB69002B07
:10A9A0001DD0BB695A1EFB699A63FB691B68002BAB
:10A9B00004D101F09FFC0200FB699A60FB691B69EE
:10A9C000002B08D0FB691033180000F0C1FF031EF4
:10A9D00001D0FFF71DFBFFF73DFB012386E03B683D
:10A9E000002B03D1FFF736FB00237FE07B6A002BAF
:10A9F00006D10C23FB18180001F002F801237B623A
:10AA0000FFF728FB00F0EEFCFFF712FBFB69442286
:10AA10009B5C5BB2013303D1FB6944220021995452
:10AA2000FB6945229B5C5BB2013303D1FB69452284
:10AA300000219954FFF70EFB3A000C23FB1811007C
:10AA4000180000F0F1FF031E2ED1FB69180000F082
:10AA5000A6F9031E21D0FB691B68002B0AD1FFF762
:10AA6000E7FAFB699B68180001F0D4F903003B6228
:10AA7000FFF7F0FAFB6924333A681100180000F080
:10AA80002BFFFB69180000F02CF900F0B7FC031E47
:10AA900000D07EE7FFF7BCFA7BE7FB69180000F007
:10AAA00020F900F0ABFC74E7FB69180000F019F91D
:10AAB00000F0A4FCFB69180000F071F9031E00D13E
:10AAC00067E73B6A002B10D0FFF7B2FAFB6918006A
:10AAD00000F060F803007B61FB699B687A691100F4
:10AAE000180001F04BFAFFF7B5FA00231800BD4635
:10AAF0000AB080BD90B58BB000AFF860B9607A60E5
:10AB0000FB683B62FFF7B8FA0300FB613B6A9B6B93
:10AB1000BB61BB69002B32D017243B193A6A442130
:10AB2000525C1A70BA683B6A1100180000F0B3F862
:10AB3000BB695A1E3B6A9A633B191B785BB20133AF
:10AB400011D13B6A1B69002B16D03B6A10331800E9
:10AB500000F0FEFE031E0FD07B68002B0CD07B683C
:10AB600001221A6008E01723FB181B780133DBB2BF
:10AB700059B23B6A4422995401237B6201E00023CD
:10AB80007B62FB691800FFF77DFA7B6A1800BD46FF
:10AB90000BB090BD80B584B000AF78607B685B6A15
:10ABA000002B06D07B681B6B1B680722D31AFB6047
:10ABB00001E00023FB60FB681800BD4604B080BDC7
:10ABC00080B586B000AFF860B9607A6000237B6121
:10ABD000FB689B6B3B61FB681B6C002B0ED1FB6819
:10ABE0001B68002B4ED1FB689B68180001F07AF9B6
:10ABF00003007B61FB6800229A6043E07B68002BC6
:10AC000019D1FB685868FB681A6CBB6819000BF017
:10AC100098FAFB685A68FB681B6CD218FB685A608C
:10AC2000FB685A68FB689B689A422BD3FB681A68DA
:10AC3000FB685A6026E0FB68D868FB681A6CBB6842
:10AC400019000BF07EFAFB68DA68FB681B6C5B424C
:10AC5000D218FB68DA60FB68DA68FB681B689A4206
:10AC600007D2FB689A68FB681B6C5B42D218FB68D2
:10AC7000DA607B68022B05D13B69002B02D03B696F
:10AC8000013B3B613B695A1CFB689A637B69180076
:10AC9000BD4606B080BD80B582B000AF7860396037
:10ACA0007B681B6C002B18D07B68DA687B681B6C98
:10ACB000D2187B68DA607B68DA687B689B689A42A6
:10ACC00003D37B681A687B68DA607B68D9687B6825
:10ACD0001A6C3B6818000BF034FAC046BD4602B04F
:10ACE00080BD80B584B000AF7860FFF7A1F90F2375
:10ACF000FB187A684521525C1A7013E07B685B6A26
:10AD0000002B16D07B682433180000F021FE031EB0
:10AD100001D000F0CFFE0F217B181B78013BDAB287
:10AD20007B181A700F23FB181B785BB2002BE5DC35
:10AD300000E0C0467B684522FF219954FFF78AF95D
:10AD4000FFF776F90E23FB187A684421525C1A70DB
:10AD500013E07B681B69002B16D07B68103318004A
:10AD600000F0F6FD031E01D000F0A4FE0E217B18BA
:10AD70001B78013BDAB27B181A700E23FB181B7884
:10AD80005BB2002BE5DC00E0C0467B684422FF217B
:10AD90009954FFF75FF9C046BD4604B080BD80B549
:10ADA00084B000AF7860FFF743F97B689B6B002BA2
:10ADB00002D10123FB6001E00023FB60FFF74AF9A9
:10ADC000FB681800BD4604B080BD80B584B000AFFC
:10ADD0007860FFF72DF97B689A6B7B68DB6B9A4292
:10ADE00002D10123FB6001E00023FB60FFF732F991
:10ADF000FB681800BD4604B080BD000080B584B07B
:10AE000000AF786039600023FB6015E00E4BFA68F4
:10AE1000D200D358002B0CD10B4BFA68D200396802
:10AE2000D150094AFB68DB00D31804337A681A60F2
:10AE300006E0FB680133FB60FB68072BE6D9C046E0
:10AE4000C046BD4604B080BDC096012080B586B026
:10AE500000AFF860B9607A60FB687B61FFF7E8F8E3
:10AE60007B6944229B5C5BB2013303D17B69442242
:10AE7000002199547B6945229B5C5BB2013303D16D
:10AE80007B69452200219954FFF7E4F87B699B6BAD
:10AE9000002B06D17B6924337A68B968180000F06A
:10AEA00035FD7B691800FFF71CFFC046BD4606B0A4
:10AEB00080BD90B58DB004AFF860B9603B60BB1D3C
:10AEC0001A80BB1D1B889B001800FFF741F9030087
:10AED0007B617B69002B10D06020FFF739F90300FC
:10AEE000FB61FB69002B03D0FB697A691A6306E0FA
:10AEF0007B691800FFF7CCF901E00023FB61FB69D7
:10AF0000002B16D0BB1D1A883C68B968F86800236E
:10AF10000393FB6902937B6B01933B6B00932300CC
:10AF200000F010F8FB69180000F092F80123BB61F3
:10AF300002E001235B42BB61BB691800BD4609B05A
:10AF400090BD000080B586B000AFF860B9607A604F
:10AF50003B60BB6A186B7B689B001A00A5210AF056
:10AF6000D1FFBB6A1A6B7B6838498C4663449B00EF
:10AF7000D3183B613B69072293433B61BB68002BBD
:10AF800020D000237B6113E0BA687B69D31818785E
:10AF9000BA6A34217B69D3185B18021C1A70BA682C
:10AFA0007B69D3181B78002B06D07B6901337B614A
:10AFB0007B690C2BE8D900E0C046BB6A4022002127
:10AFC000995403E0BB6A3422002199543B6A062B52
:10AFD00001D906233B62BB6A3A6ADA62BB6A3A6A03
:10AFE000DA64BB6A00221A65BB6A04331800FEF7F4
:10AFF00002FFBB6A18331800FEF7FDFEBB6ABA6A8F
:10B000001A613B6A0722D21ABB6A9A61BB6ABA6AA2
:10B010005A62BB6A00225A65BB6A00229A65BB6A03
:10B020005C22002199543A68F9683B691800FEF7E0
:10B030006DFF0200BB6A1A607B6A002B02D07B6A3C
:10B04000BA6A1A60C046BD4606B080BDFFFFFF3F2A
:10B0500080B582B000AF7860FEF7EAFF2A4B1B682C
:10B060005A1C294B1A60294B1B68002B09D1274B0E
:10B070007A681A60244B1B68012B10D100F034FD54
:10B080000DE0234B1B68002B09D1204B1B68DA6AAB
:10B090007B68DB6A9A4202D81C4B7A681A601D4BA7
:10B0A0001B685A1C1B4B1A601A4B1A687B685A643F
:10B0B0007B68DA6A184B1B689A4203D97B68DA6AA4
:10B0C000154B1A607B68DA6A13009B009B189B0083
:10B0D000124A9A187B68043319001000FEF796FE96
:10B0E000FEF7B8FF0A4B1B68002B08D0074B1B6804
:10B0F000DA6A7B68DB6A9A4201D2FEF789FFC046B2
:10B10000BD4602B080BDC0460098012000970120D6
:10B110000C9801201C980120089801200497012018
:10B1200080B584B000AF78600023FB607B68002BA3
:10B130000AD000F057F97B680021180001F0BCFA32
:10B1400000F05CF90300FB60FB68002B01D1FEF707
:10B150005FFFC046BD4604B080BD000080B588B02A
:10B1600000AF78607B68BB612B4B1B68BA699A4261
:10B1700004D11F23FB1800221A7046E0FEF758FF87
:10B18000BB695B697B61254B1B683B61244B1B687A
:10B19000FB60FEF75FFF7A693B699A4203D07A69E8
:10B1A000FB689A4204D11F23FB1802221A702CE07C
:10B1B0007A691C4B9A4218D1BB699B6A002B0FD14C
:10B1C000BB695C229B5CDBB2012B04D11F23FB1803
:10B1D00002221A7019E01F23FB1803221A7014E0D0
:10B1E0001F23FB1802221A700FE07A690E4B9A4255
:10B1F00002D07B69002B04D11F23FB1804221A7094
:10B2000003E01F23FB1801221A701F23FB181B7871
:10B210001800BD4608B080BD00970120B8970120F6
:10B22000BC970120EC970120D497012080B584B011
:10B2300000AF7860FEF7FCFE7B68002B02D1074B65
:10B240001B6800E07B68FB60FB68DB6ABB60FEF7A5
:10B2500001FFBB681800BD4604B080BD0097012007
:10B2600080B586B000AF7860396000237B613B68B1
:10B27000062B01D906233B60FEF7DAFE7B68002B24
:10B2800002D1384B1B6800E07B683B613B69DB6C9B
:10B29000FB60FA683B689A425DD03A68FB689A4264
:10B2A0000DD9304B1B683A699A420FD02D4B1B6861
:10B2B000DB6A3A689A4209D301237B6106E0294B95
:10B2C0001B683A699A4201D101237B613B69DB6AC1
:10B2D000BB603B69DA6C3B69DB6A9A4202D13B692D
:10B2E0003A68DA623B693A68DA643B699B69002B29
:10B2F00004DB3B680722D21A3B699A613B695969B2
:10B30000BA6813009B009B189B00174A9B18994230
:10B310001CD13B6904331800FEF7D0FD3B69DA6AA3
:10B32000124B1B689A4203D93B69DA6A0F4B1A60C9
:10B330003B69DA6A13009B009B189B000A4A9A1823
:10B340003B69043319001000FEF760FD7B69002B98
:10B3500001D0FEF75DFEFEF77DFEC046BD4606B09D
:10B3600080BDC04600970120049701200898012065
:10B3700080B584B002AF144A14491548154B0193A7
:10B38000002300930023FFF794FD03007B607B689C
:10B39000012B03D101F0E4F903007B607B68012BF2
:10B3A0000ED172B60C4B012252421A600B4B012295
:10B3B0001A600B4B00221A60EEF7AAFFFEF704FE9C
:10B3C000C046BD4602B080BDC4090000B0E202081C
:10B3D000C9BA010824980120209801200C98012066
:10B3E0000498012080B500AF034B1B685A1C024B28
:10B3F0001A60C046BD4680BD2898012080B584B043
:10B4000000AF0023FB600023BB60FEF711FE364B4C
:10B410001B685A1E344B1A60334B1B68002B5BD1E0
:10B42000324B1B68002B57D02FE0314BDB68DB68B9
:10B43000FB60FB6818331800FEF740FDFB6804331F
:10B440001800FEF73BFDFB68DA6A2A4B1B689A423C
:10B4500003D9FB68DA6A274B1A60FB68DA6A1300C3
:10B460009B009B189B00244A9A18FB680433190020
:10B470001000FEF7CBFCFB68DA6A204B1B68DB6A26
:10B480009A4202D31E4B01221A60194B1B68002BF3
:10B49000CBD1FB68002B01D000F082FC194B1B685C
:10B4A0007B607B68002B0FD000F0DCF8031E02D01D
:10B4B000134B01221A607B68013B7B607B68002B89
:10B4C000F2D1104B00221A600D4B1B68002B03D0E9
:10B4D0000123BB60FEF79CFDFEF7BCFDBB681800B6
:10B4E000BD4604B080BDC0462898012000980120C8
:10B4F000C09701200898012004970120009701209F
:10B50000149801201098012080B582B000AF044B40
:10B510001B687B607B681800BD4602B080BDC046DA
:10B520000498012080B582B000AF00237B60044BFB
:10B530001B683B603B681800BD4602B080BDC0463A
:10B540000498012080B586B000AFF860B9607A60D9
:10B5500000237B6107233B61FFF744FF3B4B1B68E4
:10B56000BA689A426AD33B69013B3B617A6913002E
:10B57000DB009B189B001A00FB6898183A691300BF
:10B580009B009B189B00324A9B180122190000F077
:10B5900089FB02007B699B187B613B69002BE2D130
:10B5A0007A691300DB009B189B001A00FB6898184F
:10B5B000284B1B680222190000F074FB02007B6913
:10B5C0009B187B617A691300DB009B189B001A00B3
:10B5D000FB689818204B1B680222190000F062FBE0
:10B5E00002007B699B187B617A691300DB009B1862
:10B5F0009B001A00FB689B1818490422180000F0F1
:10B6000051FB02007B699B187B617A691300DB00A8
:10B610009B189B001A00FB689B1811490322180015
:10B6200000F040FB02007B699B187B617B68002B6C
:10B6300004D0EEF783FE02007B681A60FFF7DEFE9F
:10B640007B691800BD4606B080BDC0460098012049
:10B6500004970120B8970120BC970120D4970120BE
:10B66000EC97012080B586B000AF00237B61464B8C
:10B670001B68002B00D07DE0444B1B6801333B610D
:10B68000424B3A691A603B69002B10D1404B1B6852
:10B69000FB60404B1A683E4B1A603E4BFA681A60DA
:10B6A0003D4B1B685A1C3C4B1A6000F079FB3B4B2E
:10B6B0001B683A699A4249D3354B1B681B68002BBB
:10B6C00004D1364B012252421A603FE0304B1B68D6
:10B6D000DB68DB68BB60BB685B687B603A697B6882
:10B6E0009A4203D22D4B7A681A602FE0BB6804336C
:10B6F0001800FEF7E3FBBB689B6A002B04D0BB6815
:10B7000018331800FEF7DAFBBB68DA6A244B1B68B3
:10B710009A4203D9BB68DA6A214B1A60BB68DA6ABD
:10B7200013009B009B189B001E4A9A18BB680433A9
:10B7300019001000FEF76AFBBB68DA6A1A4B1B6837
:10B74000DB6A9A42B8D301237B61B5E7164B1B68CD
:10B75000DA6A144913009B009B189B005B58012B6D
:10B7600001D901237B61114B1B68002B07D00123FA
:10B770007B6104E00E4B1B685A1C0D4B1A607B6901
:10B780001800BD4606B080BD28980120049801200D
:10B79000B8970120BC97012018980120209801201B
:10B7A0000898012004970120009701201498012097
:10B7B0001098012080B584B000AF3F4B1B68002B70
:10B7C00003D03E4B01221A6071E03C4B00221A600C
:10B7D000EEF7B4FD02003A4B1A60394B1A68394B48
:10B7E0001B689A4209D9384B1B68596D344A106856
:10B7F000344A1268821A8A185A65314B1A68314BDA
:10B800001A60314B1B681B6BBB60304B7B60BB68A5
:10B810001B687A689A4211D1BB6804331B687A6846
:10B820009A420BD1BB6808331B687A689A4205D1EB
:10B83000BB680C331B687A689A4208D0224B1A689E
:10B84000214B1B68343319001000F8F789FF204B97
:10B850001B68FB6002E0FB68013BFB601D49FA6866
:10B8600013009B009B189B005B58002BF3D0FA68D9
:10B8700013009B009B189B00164A9B183B603B687B
:10B880005B685A683B685A603B685A683B68083393
:10B890009A4204D13B685B685A683B685A603B68CF
:10B8A0005B68DA68084B1A60094BFA681A60C04690
:10B8B000BD4604B080BDC0462898012014980120E0
:10B8C000309801202C98012000970120A5A5A5A55E
:10B8D000089801200497012080B582B000AF7860FD
:10B8E0003960094B1B6818331A007B681100180077
:10B8F000FEF7AEFA3B680121180000F0DDFEC046FD
:10B90000BD4602B080BDC0460097012080B584B01E
:10B9100000AFF860B9607A600C4B1B6818331A00EE
:10B92000FB6811001800FEF771FA7B68002B02D04B
:10B9300001235B42BB607A68BB681100180000F00D
:10B94000BBFEC046BD4604B080BDC0460097012086
:10B9500080B584B000AF78607B68DB68DB68BB6073
:10B96000BB6818331800FEF7A9FA1F4B1B68002BA1
:10B970001DD1BB6804331800FEF7A0FABB68DA6A71
:10B980001A4B1B689A4203D9BB68DA6A174B1A60D4
:10B99000BB68DA6A13009B009B189B00144A9A1834
:10B9A000BB68043319001000FEF730FA07E0BB68EB
:10B9B00018331A000F4B11001800FEF727FABB6866
:10B9C000DA6A0D4B1B68DB6A9A4205D90123FB60DA
:10B9D0000A4B01221A6001E00023FB60FB6818009B
:10B9E000BD4604B080BDC0462898012008980120BB
:10B9F00004970120C097012000970120149801208E
:10BA000080B582B000AF7860054B1A687B681A6019
:10BA1000044B1A687B685A60C046BD4602B080BDC0
:10BA2000189801200498012080B586B000AF786096
:10BA30003960FEF7FDFA1D4B1B683B617B685B6854
:10BA40003A69D31AFB603B681B68013302D10023BB
:10BA50007B6124E07B681A68154B1B689A4207D00B
:10BA60007B685B683A699A4202D301237B6116E0E6
:10BA70003B681B68FA689A420CD23B681A68FB68FC
:10BA8000D21A3B681A607B681800FFF7B9FF0023E1
:10BA90007B6104E03B6800221A6001237B61FEF7B2
:10BAA000D9FA7B691800BD4606B080BD0498012014
:10BAB0001898012080B500AF024B01221A60C046E1
:10BAC000BD4680BD1498012080B582B000AF78607B
:10BAD00000F04EF8034B1B68012BF9D9FEF798FADA
:10BAE000F6E7C0460497012080B582B000AF00237E
:10BAF0007B600CE07A6813009B009B189B00144A43
:10BB00009B181800FEF759F97B6801337B607B684E
:10BB1000062BEFD90F4B1800FEF74FF90E4B18000C
:10BB2000FEF74BF90D4B1800FEF747F90C4B1800C8
:10BB3000FEF743F90B4B1800FEF73FF90A4B054A95
:10BB40001A600A4B044A1A60C046BD4602B080BD66
:10BB50000497012090970120A4970120C09701200D
:10BB6000D4970120EC970120B8970120BC970120C1
:10BB700080B582B000AF1AE0FEF75AFA104BDB68CE
:10BB8000DB687B607B6804331800FEF797F90D4B88
:10BB90001B685A1E0B4B1A600B4B1B685A1E0A4B34
:10BBA0001A60FEF757FA7B68180000F0E8F8064BB9
:10BBB0001B68002BE0D1C046C046BD4602B080BD28
:10BBC000D497012000980120E897012080B586B025
:10BBD00000AFF860B9607A601A00FB1C1A70FB684D
:10BBE000002B02D12E4B1B6800E0FB687B61BB6819
:10BBF0007A691A607B6934331A00BB685A607B69C2
:10BC0000DA6ABB681A617B691A6BBB68DA617B69A7
:10BC10005A6CBB689A607B69DA6CBB685A617B6955
:10BC20005A6DBB689A61FB1C1B78052B1CD01C4B02
:10BC30001B687A699A4203D1BB6800221A731BE021
:10BC4000BB68FA1C12781A73FB1C1B78032B13D1E8
:10BC5000FFF7C8FB7B699B6A002B02D0BB680222FE
:10BC60001A73FFF7CBFB07E07B691800FFF776FA42
:10BC700003001A00BB681A737B68002B09D07B692C
:10BC80001B6B180000F061F803001A00BB681A84EF
:10BC900002E0BB6800221A84C046BD4606B080BDE3
:10BCA0000097012080B58AB000AFF860B960FB1D35
:10BCB0001A7000237B62BB681B68002B40D0BB68F6
:10BCC0003B623B6A5B685A683B6A5A603B6A5A68E7
:10BCD0003B6A08339A4204D13B6A5B685A683B6A04
:10BCE0005A603B6A5B68DB68FB61BB68BB61BB6930
:10BCF0005B685A68BB695A60BB695A68BB6908339C
:10BD00009A4204D1BB695B685A68BB695A60BB69D7
:10BD10005B68DB687B617A6A1300DB009B189B0021
:10BD20001A00FB689918FB1D1B7878690122FFF740
:10BD30004DFF7B6A01337B627A69FB699A42D4D1F9
:10BD40007B6A1800BD460AB080BD80B584B000AFE4
:10BD500078600023FB6005E07B6801337B60FB6853
:10BD60000133FB607B681B78A52BF5D0FB689B0833
:10BD7000FB60FB689BB21800BD4604B080BD80B577
:10BD800082B000AF78607B681B6B1800FEF780FA0A
:10BD90007B681800FEF77CFAC046BD4602B080BD45
:10BDA00080B582B000AF0B4B1B681B68002B04D121
:10BDB000094B012252421A6008E0064B1B68DB68FF
:10BDC000DB687B607B685A68034B1A60C046BD46DF
:10BDD00002B080BDB89701202098012080B582B0C4
:10BDE00000AF0A4B1B68002B02D101237B6008E0E7
:10BDF000074B1B68002B02D102237B6001E000236C
:10BE00007B607B681800BD4602B080BD0C980120A5
:10BE10002898012080B584B000AF78607B68BB6053
:10BE20000023FB607B68002B51D0BB68DA6A2A4B89
:10BE30001B68DB6A9A4241D2BB689B69002B06DB18
:10BE4000254B1B68DB6A0722D21ABB689A61BB6864
:10BE50005969BB68DA6A13009B009B189B001F4A54
:10BE60009B18994222D1BB6804331800FEF726F8CC
:10BE7000194B1B68DA6ABB68DA62BB68DA6A184B6E
:10BE80001B689A4203D9BB68DA6A154B1A60BB6813
:10BE9000DA6A13009B009B189B00104A9A18BB6833
:10BEA000043319001000FDF7B1FF04E00A4B1B68D2
:10BEB000DA6ABB68DA620123FB6008E0BB68DA6C0F
:10BEC000054B1B68DB6A9A4201D20123FB60FB68C9
:10BED0001800BD4604B080BD0097012004970120E2
:10BEE0000898012080B584B000AF78607B68BB60A3
:10BEF0000023FB607B68002B37D0BB681B6D5A1E8C
:10BF0000BB681A65BB68DA6ABB68DB6C9A422CD0E6
:10BF1000BB681B6D002B28D1BB6804331800FDF7EC
:10BF2000CDFFBB68DA6CBB68DA62BB68DB6A0722EC
:10BF3000D21ABB689A61BB68DA6A0E4B1B689A42D8
:10BF400003D9BB68DA6A0B4B1A60BB68DA6A130064
:10BF50009B009B189B00084A9A18BB680433190081
:10BF60001000FDF753FF0123FB60FB681800BD467E
:10BF700004B080BD089801200497012080B586B0E8
:10BF800000AF786039607B683B610123FB607B68B0
:10BF9000002B4BD03B69DB6C3A689A4202D93B6874
:10BFA0007B6102E03B69DB6C7B613B69DB6A7A6940
:10BFB0009A423BD03B691B6DFA689A4236D13B6985
:10BFC000DB6ABB603B697A69DA623B699B69002B7B
:10BFD00004DB7B690722D21A3B699A613B69596984
:10BFE000BA6813009B009B189B00124A9B18994249
:10BFF0001CD13B6904331800FDF760FF3B69DA6A26
:10C000000D4B1B689A4203D93B69DA6A0A4B1A60E6
:10C010003B69DA6A13009B009B189B00054A9A183B
:10C020003B69043319001000FDF7F0FEC046BD4621
:10C0300006B080BD049701200898012080B584B027
:10C0400000AF786039603A687B68110018000AF028
:10C0500070F87B681800E4F761F80300FB6007E004
:10C060007A68FB68D31820221A70FB680133FB60E2
:10C07000FB680B2BF4D97A68FB68D31800221A707E
:10C080007A68FB68D3181800BD4604B080BD000074
:10C09000F0B589B002AF78607B6800221A704C4B13
:10C0A0001B68FB604A4B1A681300DB009B189B005F
:10C0B0001800FEF74DF80300BB60BB68002B00D1F1
:10C0C00082E0F968BB6800221800FFF73BFA030022
:10C0D000FB6000237B616FE07A691300DB009B1833
:10C0E0009B001A00BB689B181B7B042B1DD89A0071
:10C0F000384BD3181B689F461323FB1858221A701D
:10C1000018E01323FB1852221A7013E01323FB18B4
:10C1100042221A700EE01323FB1853221A7009E012
:10C120001323FB1844221A7004E01323FB18002287
:10C130001A70C0467A691300DB009B189B001A0036
:10C14000BB689B185A687B6811001800FFF776FFE0
:10C1500003007B601323FB181C787A691300DB0053
:10C160009B189B001A00BB689B181D697A69130015
:10C17000DB009B189B001A00BB689B181B8C1E00E1
:10C180007A691300DB009B189B001A00BB689B18A0
:10C190009B6811497868019300962B00220009F0F2
:10C1A00031FE7B681800E3F7B9FF02007B689B183B
:10C1B0007B607B6901337B617A69FB689A428BD330
:10C1C000BB681800FEF764F8C046BD4607B0F0BD76
:10C1D00000980120C8E20208B8E2020880B588B0E1
:10C1E00000AF78607B6800221A703F4B1B68BB6110
:10C1F0003D4B1A681300DB009B189B001800FDF7ED
:10C20000A7FF03007B617B69002B68D00C23FA1821
:10C21000B9697B691800FFF795F90300BB61FB68FA
:10C2200064211800E3F796FF0300FB60FB68002B16
:10C2300051D00023FB614AE0FA691300DB009B1830
:10C240009B001A007B699B189B69FA681100180013
:10C25000E3F780FF03003B61FA691300DB009B18E2
:10C260009B001A007B699B185A687B6811001800B4
:10C27000FFF7E4FE03007B603B69002B0ED0FA69F8
:10C280001300DB009B189B001A007B699B189A69BE
:10C290003B691649786809F0B5FD0DE0FA691300AD
:10C2A000DB009B189B001A007B699B189A69104958
:10C2B0007B68180009F0A6FD7B681800E3F72EFFE5
:10C2C00002007B689B187B60FB690133FB61FA69A4
:10C2D000BB699A42B0D37B691800FDF7D9FFC0460D
:10C2E000BD4608B080BDC04600980120DCE20208CF
:10C2F000E8E2020880B500AF064B1B68002B04D0B3
:10C30000044B1B681A6D01321A65024B1B6818003A
:10C31000BD4680BD0097012080B584B000AF786035
:10C320003960FDF785FE1C4B1B689B6D002B0ED101
:10C33000194B1B685C22012199543B68002B06D0E5
:10C340003B680121180000F0B7F9FDF761FEFDF729
:10C3500081FEFDF76DFE104B1B689B6DFB60FB685B
:10C36000002B0CD07B68002B04D00B4B1B680022E9
:10C370009A6504E0084B1B68FA68013A9A65064B17
:10C380001B685C2200219954FDF764FEFB681800CD
:10C39000BD4604B080BDC0460097012080B588B07E
:10C3A00000AFF860B9603B60FB1D1A700123FB61B0
:10C3B000FB68BB61FDF73CFE3B68002B03D0BB690B
:10C3C0009A6D3B681A601723FB18BA695C21525CAE
:10C3D0001A70BB695C2202219954FB1D1B78042B47
:10C3E00021D89A002A4BD3181B689F46BB699A6DC7
:10C3F000BB681A43BB699A6518E0BB699B6D5A1C00
:10C40000BB699A6512E0BB69BA689A650EE01723AA
:10C41000FB181B78022B03D0BB69BA689A6505E04C
:10C420000023FB6102E0C04600E0C0461723FB1872
:10C430001B78012B25D1BB6904331800FDF73EFDA5
:10C44000BB69DA6A134B1B689A4203D9BB69DA6A83
:10C45000104B1A60BB69DA6A13009B009B189B00A3
:10C460000D4A9A18BB69043319001000FDF7CEFC81
:10C47000BB69DA6A094B1B68DB6A9A4201D9FDF78E
:10C48000C7FDFDF7E7FDFB691800BD4608B080BD9C
:10C49000F4E2020808980120049701200097012087
:10C4A00080B588B000AFF860B9603B60FB1D1A70C2
:10C4B0000123FB61FB68BB61FDF7DEFD03007B61CF
:10C4C0003B68002B03D0BB699A6D3B681A6013234D
:10C4D000FB18BA695C21525C1A70BB695C220221AC
:10C4E0009954FB1D1B78042B21D89A00354BD31887
:10C4F0001B689F46BB699A6DBB681A43BB699A6506
:10C5000018E0BB699B6D5A1CBB699A6512E0BB6958
:10C51000BA689A650EE01323FB181B78022B03D030
:10C52000BB69BA689A6505E00023FB6102E0C0467A
:10C5300000E0C0461323FB181B78012B39D1224B96
:10C540001B68002B1DD1BB6904331800FDF7B6FC36
:10C55000BB69DA6A1D4B1B689A4203D9BB69DA6A68
:10C560001A4B1A60BB69DA6A13009B009B189B0088
:10C57000174A9A18BB69043319001000FDF746FCEE
:10C5800007E0BB6918331A00124B11001800FDF7C1
:10C590003DFCBB69DA6A104B1B68DB6A9A4208D91A
:10C5A000BB6A002B02D0BB6A01221A600B4B01222E
:10C5B0001A607B691800FDF765FDFB691800BD4630
:10C5C00008B080BD08E302082898012008980120DF
:10C5D00004970120C09701200097012014980120A2
:10C5E00080B586B000AF786039607B687B61FDF70D
:10C5F00043FD03003B610F203B187A695C21525CCC
:10C600001A707B695C22022199547B699B6D5A1CCC
:10C610007B699A653B181B78012B39D1204B1B682D
:10C62000002B1DD17B6904331800FDF747FC7B69A3
:10C63000DA6A1C4B1B689A4203D97B69DA6A194B88
:10C640001A607B69DA6A13009B009B189B00164AEC
:10C650009A187B69043319001000FDF7D7FB07E037
:10C660007B6918331A00114B11001800FDF7CEFB3F
:10C670007B69DA6A0E4B1B68DB6A9A4208D93B6811
:10C68000002B02D03B6801221A600A4B01221A607B
:10C690003B691800FDF7F6FCC046BD4606B080BDFC
:10C6A000289801200898012004970120C0970120B4
:10C6B000009701201498012080B584B000AF786005
:10C6C0003960214B1B68FB60204B1B68043318004A
:10C6D000FDF7F4FB7B6801330BD13B68002B08D0DE
:10C6E0001A4B1B681A1D1A4B11001800FDF78EFB20
:10C6F00026E0FA687B68D318BB60144B1B68BA68E5
:10C700005A60BA68FB689A4209D2124B1A680F4BFA
:10C710001B68043319001000FDF79AFB10E00E4B64
:10C720001A680A4B1B68043319001000FDF790FBD0
:10C730000A4B1B68BA689A4202D2084BBA681A6060
:10C74000C046BD4604B080BD04980120009701207A
:10C75000EC970120BC970120B89701202098012078
:10C7600080B584B002AF00237B6000F0E3FA0A4B8F
:10C770001B68002B0BD0094A09490A480A4B019350
:10C78000032300930023FEF794FB03007B607B6888
:10C790001800BD4602B080BD64980120C4090000A5
:10C7A0001CE3020859C901086898012090B589B0B6
:10C7B00002AFF860B9607A603B602C20FDF7C8FCDE
:10C7C00003007B617B69002B0ED07B69282200214E
:10C7D00099543C687A68B968F8687B690193BB6AC8
:10C7E0000093230000F005F87B691800BD4607B0F0
:10C7F00090BD80B584B000AFF860B9607A603B60EE
:10C80000FB69002B1ED000F095FAFB69FA681A60EC
:10C81000FB69BA689A61FB693A68DA61FB69BA69CF
:10C820001A62FB6904331800FDF7E5FA7B68002BF8
:10C8300008D0FB6928229B5C04221343D9B2FB6910
:10C8400028229954C046BD4604B080BD90B58BB037
:10C8500000AFF860B9607A603B6000237B621D4BDB
:10C860001B68002B30D014243B19BA681A603B199E
:10C870007A685A603B19FA689A60BB68052B19DC24
:10C88000FFF7ACFA0300022B09D1124B1868BA6B00
:10C8900039190023FDF7ABFE03007B6214E00D4B5A
:10C8A00018681423F91800230022FDF7A0FE0300E6
:10C8B0007B6209E0074B18683A681423F9180023D3
:10C8C000FDF72AFF03007B627B6A1800BD460BB0B0
:10C8D00090BDC0466498012080B586B002AF7860F4
:10C8E00039601C4B1B68DB68DB68FB60FB6804334A
:10C8F0001800FDF7E3FAFB6828229B5C1A0004236A
:10C90000134015D0FB689A697B68D1187B683A6838
:10C91000F86800F0BFF8031E13D07A68F8680023A7
:10C92000009300230021FFF791FF0300BB6008E0A4
:10C93000FB6828229B5C01229343D9B2FB68282222
:10C940009954FB681B6AFA6810009847C046BD46B8
:10C9500004B080BD5C98012080B584B000AF7860E1
:10C960000823FB18180000F053F80300FB60BA68B6
:10C97000FB681100180000F003F800F0CDF8EFE7B5
:10C9800080B584B000AF78603960FEF72BFD0823D6
:10C99000FB18180000F05EF80300FB60BB68002B7A
:10C9A0002BD13B68002B0CD17A68FB689A4208D8DF
:10C9B000FEF724FDFA687B6811001800FFF78CFF72
:10C9C0001DE03B68002B08D00F4B1B681B68002B39
:10C9D00001D1012300E000233B600C4B18687A680A
:10C9E000FB68D31A3A681900FEF730FAFEF706FD25
:10C9F000031E04D1FDF70CFB01E0FEF7FFFCC0466F
:10CA0000BD4604B080BDC0466098012064980120F6
:10CA100080B584B000AF78600D4B1B681B68002B9D
:10CA200001D1012200E000227B681A607B681B684C
:10CA3000002B05D1064B1B68DB681B68FB6001E01F
:10CA40000023FB60FB681800BD4604B080BDC046F3
:10CA50005C98012080B584B000AF7860FEF754FD8B
:10CA60000300FB600A4B1B68FA689A4205D200F08B
:10CA700009F97B6801221A6002E07B6800221A60D3
:10CA8000034BFA681A60FB681800BD4604B080BD0D
:10CA90006C98012080B586B000AFF860B9607A600C
:10CAA0003B6000237B61FB68BA685A60FB68FA68E8
:10CAB0001A61BA687B689A4212D87A683B68D21ABF
:10CAC000FB689B699A4202D301237B611BE0104BF8
:10CAD0001A68FB68043319001000FDF7B9F912E079
:10CAE0007A683B689A4206D2BA683B689A4202D397
:10CAF00001237B6107E0074B1A68FB6804331900C8
:10CB00001000FDF7A5F97B691800BD4606B080BD91
:10CB1000609801205C98012090B58DB002AF9CE038
:10CB20000822BB181B68002B0ADABB1804337B628F
:10CB30007B6A1A687B6A58687B6A9B681900904711
:10CB40000822BB181B68002B00DA86E0BB189B6824
:10CB50003B623B6A5B69002B04D03B6A04331800DC
:10CB6000FDF7ACF93B1D1800FFF774FF0300FB61F4
:10CB70000823FB181B68092B6ED89A003F4BD3186B
:10CB80001B689F463B6A28229B5C01221343D9B253
:10CB90003B6A2822995408243B195A683B6A9B69CE
:10CBA000D1183B195B68FA69386AFFF773FF031EF7
:10CBB00053D03B6A1B6A3A6A100098473B6A2822A6
:10CBC0009B5C1A000423134047D03B195A683B6A08
:10CBD0009B69D218386A0023009300230021FFF7D5
:10CBE00035FE0300BB6138E03B6A28229B5C0122D2
:10CBF0009343D9B23B6A282299542EE03B6A2822FB
:10CC00009B5C01221343D9B23B6A28229954082322
:10CC1000FB185A683B6A9A613B6A9A69FB69D118AA
:10CC2000FB69FA69386AFFF735FF16E03B6A28228C
:10CC30009B5C1A000223134004D13B6A1800FDF7E5
:10CC400027FB0AE03B6A28229B5C01229343D9B26E
:10CC50003B6A2822995400E0C046094B1B68082211
:10CC6000B91800221800FDF7F5FD031E00D057E7A4
:10CC7000C046C046BD460BB090BDC04624E3020886
:10CC80006498012080B588B002AF3CE0274B1B6858
:10CC9000DB681B683B61254B1B68DB68DB68FB605E
:10CCA000FB6804331800FDF709F9FB681B6AFA6892
:10CCB00010009847FB6828229B5C1A00042313404D
:10CCC00021D0FB689B693A69D318BB60BA683B699D
:10CCD0009A420ED9FB68BA685A60FB68FA681A6112
:10CCE000124B1A68FB68043319001000FDF7B0F806
:10CCF00009E03A69F8680023009300230021FFF758
:10CD0000A5FD03007B60094B1B681B68002BBDD190
:10CD1000064B1B687B61064B1A68044B1A60044B78
:10CD20007A691A60C046BD4606B080BD5C98012095
:10CD30006098012080B500AFFDF77AF9144B1B68AD
:10CD4000002B20D1134B1800FDF737F8124B1800B9
:10CD5000FDF733F8114B0F4A1A60114B0E4A1A6057
:10CD6000002210210420FDF7DAFB0200084B1A60B4
:10CD7000074B1B68002B06D0054B1B68094A1100A6
:10CD80001800FEF73BF8FDF765F9C046BD4680BDCB
:10CD90006498012034980120489801205C98012073
:10CDA000609801204CE3020880B582B000AFFB1D03
:10CDB00000221A700B4B1A680A4B802149000A4363
:10CDC0001A60032000F016F8031E03D0FB1D012299
:10CDD0001A7001E000F008F8FB1D1B781800BD4632
:10CDE00002B080BD0020024080B500AFC046BD4605
:10CDF00080BD000090B585B000AF78600F23FB18B0
:10CE000000221A701D4B1B78002B2BD01C4B1C686A
:10CE10001A4B1B781900FA239800E3F79BF90300DB
:10CE200019002000E3F796F90300180001F023FA37
:10CE3000031E12D17B68032B0AD8796801235B4259
:10CE40000022180001F0F2F90E4B7A681A600DE02A
:10CE50000F23FB1801221A7008E00F23FB18012290
:10CE60001A7003E00F23FB1801221A700F23FB181E
:10CE70001B781800BD4605B090BDC04614030020C5
:10CE8000DC0200201003002080B500AF054B1B78AA
:10CE90001A00054B1B68D218034B1A60C046BD46EA
:10CEA00080BDC046140300207098012080B500AFFB
:10CEB000024B1B681800BD4680BDC046709801201B
:10CEC00080B584B000AF7860FFF7F0FF0300BB606F
:10CED0007B68FB60FB68013305D00A4B1B781A00A6
:10CEE000FB689B18FB60C046FFF7E0FF0200BB68D1
:10CEF000D31AFA689A42F7D8C046C046BD4604B075
:10CF000080BDC0461403002080B500AF034B1B68F2
:10CF10001B0C1B041B0C1800BD4680BD00580140B3
:10CF200080B500AF034B1B681B051B0D1800BD46E9
:10CF300080BDC0460058014080B582B000AF786027
:10CF400039607B681B68054A1A403B681A437B6856
:10CF50001A60C046BD4602B080BDC046FFFF3FFE1E
:10CF600080B582B000AF78607B681A68E0235B040C
:10CF700013401800BD4602B080BD80B584B000AF3C
:10CF8000F860B9607A60FB685B69BA6804210A409E
:10CF9000072191400A00D2431A40BB6804210B408C
:10CFA000796899400B001A43FB685A61C046BD4638
:10CFB00004B080BD80B582B000AF786039607B6816
:10CFC0005B693A6804210A40072191400A001A402F
:10CFD0003B6804210B40DA4013001800BD4602B044
:10CFE00080BD80B582B000AF78607B68DA68C0230E
:10CFF0001B01134001D1012300E000231800BD46AE
:10D0000002B080BD80B584B000AFF860B9607A60CE
:10D01000FB689B6ABA681F210A400F2191400A00F1
:10D02000D2431A407B689B0E0F211940BB681F201A
:10D03000034099400B001A43FB689A62C046BD4604
:10D0400004B080BD80B582B000AF786039607B6885
:10D050009A6A3B685B035B0B1A437B689A62C04623
:10D06000BD4602B080BD80B582B000AF7860396047
:10D070007B689B6A3A685203520BD2431A407B6822
:10D080009A62C046BD4602B080BD000080B584B043
:10D0900000AFF860B9607A60FB685B69BA68120239
:10D0A000D2431A40BB681B0279680B4004490B400D
:10D0B0001A43FB685A61C046BD4604B080BDC046F5
:10D0C00000FFFF0780B582B000AF78607B689B6887
:10D0D000054A1340802252051A437B689A60C04675
:10D0E000BD4602B080BDC046E8FFFF6F80B582B08C
:10D0F00000AF78607B689A6880235B051A408023C4
:10D100005B059A4201D1012300E000231800BD46CF
:10D1100002B080BD80B582B000AF78607B689B684C
:10D12000044A134001221A437B689A60C046BD46F8
:10D1300002B080BDE8FFFF7F80B582B000AF7860AD
:10D140007B689B68044A134002221A437B689A60FA
:10D15000C046BD4602B080BDE8FFFF7F80B582B00B
:10D1600000AF78607B689B6801221340012B01D1DE
:10D17000012300E000231800BD4602B080BD80B549
:10D1800082B000AF78607B689B6802221340022B5C
:10D1900001D1012300E000231800BD4602B080BD8C
:10D1A00080B582B000AF78607B689B68044A13400A
:10D1B00004221A437B689A60C046BD4602B080BD17
:10D1C000E8FFFF7F80B582B000AF78607B689B6826
:10D1D000044A134010221A437B689A60C046BD4639
:10D1E00002B080BDE8FFFF7F80B582B000AF7860FD
:10D1F0007B689B6804221340042B01D1012300E0CB
:10D2000000231800BD4602B080BD000080B588B084
:10D2100000AF78601F23FB1800221A700023BB6147
:10D2200000237B610023FB607B68002B01D101237D
:10D230007FE17B689B6D002B0AD17B681800F5F7B6
:10D24000C3FE7B680022DA657B6854220021995472
:10D250007B681B681800FFF749FF031E15D17B6828
:10D260001B681800FFF72EFFB44B1B68B449180069
:10D27000E2F770FF030001335B00FB6002E0FB6834
:10D28000013BFB60FB68002BF9D17B681B68180031
:10D29000FFF72CFF031E0FD17B689B6D10221A43F2
:10D2A0007B689A657B68DB6D01221A437B68DA65CF
:10D2B0001F23FB1801221A707B681B681800FFF7F8
:10D2C00093FF03003B617B689B6D1022134000D0ED
:10D2D00022E13B69002B00D01EE17B689B6D994ADF
:10D2E000134002221A437B689A657B681B6818000A
:10D2F000FFF734FF031E00D0ADE07B689A687B68BF
:10D300001B7E9B031A437B685B7EDB031A437B68AF
:10D310009B7E5B031A437B681B6B002B02D0802330
:10D320005B0100E000231A437B68DB681A437B68DB
:10D330001B69002B04DA7B681B695B005B0801E05A
:10D3400080239B031A437B682C215B5C5B001343A7
:10D35000BA691343BB617B6820229B5C012B15D10A
:10D360007B689B7E002B05D1BB6980225202134350
:10D37000BB610BE07B689B6D20221A437B689A653A
:10D380007B68DB6D01221A437B68DA657B685B6A28
:10D39000002B0AD07B685A6AE0235B001A407B6846
:10D3A0009B6A1343BA691343BB617B681B68DB68E4
:10D3B000654A134019007B681B68BA690A43DA6042
:10D3C0007B685B689B0F9A077B68DB6C13437A6909
:10D3D00013437B617B683C229B5C012B11D17B68F2
:10D3E0005B689B0F9A077B681B6C1A437B685B6CBE
:10D3F0001A437B689B6C1A437B69134301221343D6
:10D400007B617B681B681B69504A134019007B686D
:10D410001B687A690A431A617B685A68C0231B0635
:10D420009A4218D07B685A688023DB059A4212D052
:10D430007B685A6880231B069A420CD0444B1B68B9
:10D44000444A134019007B685A68F0239B031A4032
:10D450003F4B0A431A607B6818687B685B6B1A0055
:10D460000021FFF78AFD7B6818687B689B6B3A494F
:10D470001A00FFF782FD7B681B69002B09D17B68CE
:10D480001B689A6A7B681B68102149420A439A62AA
:10D4900018E07B681A6980239B039A4212D17B684B
:10D4A0001B689B6A7B68DB69013B9B001C22134065
:10D4B000102252429A4011007B681A6E7B681B68EA
:10D4C0000A439A627B681B6800211800FFF772FD0F
:10D4D00002007B685B6B9A420BD17B680022DA65A5
:10D4E0007B689B6D0322934301221A437B689A65F4
:10D4F0001CE07B689B6D1222934310221A437B68C9
:10D500009A657B68DB6D01221A437B68DA651F230D
:10D51000FB1801221A7009E07B689B6D10221A43E8
:10D520007B689A651F23FB1801221A701F23FB18C2
:10D530001B781800BD4608B080BDC046DC02002044
:10D54000400D0300FDFEFFFF0102DEFF02FCFF1F96
:10D5500008270140FFFFC3FF04FFFF07B0B584B0F9
:10D5600000AF78607B681B681800FFF73DFE031E64
:10D5700035D17B6854229B5C012B01D1022335E01D
:10D580007B685422012199540F257C197B6818006F
:10D5900000F028FB030023707B191B78002B19D1A6
:10D5A0007B689B6D134A1340802252001A437B68AC
:10D5B0009A657B680022DA657B681B681C221A600A
:10D5C0007B685422002199547B681B681800FFF780
:10D5D000E7FD08E07B6854220021995403E00F2303
:10D5E000FB1802221A700F23FB181B781800BD4687
:10D5F00004B0B0BDFEF0FFFFB0B584B000AF7860FE
:10D600007B6854229B5C012B01D1022329E07B68BB
:10D610005422012199540F257C197B68180000F0D1
:10D620009FFA030023707B191B78002B12D17C1901
:10D630007B68180000F05CFB030023707B191B78EB
:10D64000002B07D17B689B6D084A134001221A43C7
:10D650007B689A657B685422002199540F23FB183C
:10D660001B781800BD4604B0B0BDC046FEFEFFFFEB
:10D6700080B584B000AF786039607B685B69082B47
:10D6800002D10823FB600FE07B681B68DB68012286
:10D69000134007D07B689B6D20221A437B689A65F4
:10D6A000012372E00423FB60FFF700FC0300BB6072
:10D6B0001FE03B6801331CD0FFF7F8FB0200BB689A
:10D6C000D31A3A689A4202D33B68002B11D17B6887
:10D6D0001B681B68FA6813400BD17B689B6D0422A2
:10D6E0001A437B689A657B6854220021995403236E
:10D6F0004BE07B681B681B68FA681340D9D07B68D5
:10D700009B6D802292001A437B689A657B681B6838
:10D710001800FFF766FC031E2ED07B689B7E002B53
:10D720002AD17B681B681B6808221340082B23D171
:10D730007B681B681800FFF757FD031E10D17B683C
:10D740001B685A687B681B680C218A435A607B6897
:10D750009B6D104A134001221A437B689A650BE0C7
:10D760007B689B6D20221A437B689A657B68DB6D22
:10D7700001221A437B68DA657B681B7E002B03D18C
:10D780007B681B680C221A6000231800BD4604B099
:10D7900080BDC046FEFEFFFF80B582B000AF78605E
:10D7A0007B681B681B6C1800BD4602B080BD000082
:10D7B00080B586B000AF786039601723FB1800226F
:10D7C0001A700023FB607B6854229B5C012B01D103
:10D7D0000223C0E17B685422012199547B681B68B5
:10D7E0001800FFF701FD031E00D0A3E13B685B6852
:10D7F000022B00D143E17B681A6980231B069A4201
:10D8000004D07B681B69C14A934208D17B681A68BF
:10D810003B681B6819001000FFF714FCC9E07B6827
:10D820001A6E3B685B681F210B400F2199400B006B
:10D83000DB43134019003B681B685B035B0B05D19E
:10D840003B681B689B0E1F22134098E03B681B68D7
:10D850000122134000D091E03B681B680222134074
:10D8600000D089E03B681B680422134000D081E0AF
:10D870003B681B680822134000D079E03B681B68B6
:10D880001022134000D071E03B681B682022134037
:10D8900000D069E03B681B684022134000D061E083
:10D8A0003B681B688022134000D059E03B681A682F
:10D8B00080235B00134051D13B681A6880239B0092
:10D8C000134049D13B681A688023DB00134041D1E3
:10D8D0003B681A6880231B01134039D13B681A68E2
:10D8E00080235B01134031D13B681A6880239B0180
:10D8F000134029D13B681A688023DB01134021D1F2
:10D900003B681A6880231B02134019D13B681A68D0
:10D9100080235B02134011D13B681A6880239B026D
:10D92000134009D13B681A688023DB02134001D001
:10D93000122324E0002322E0112320E010231EE024
:10D940000F231CE00E231AE00D2318E00C2316E031
:10D950000B2314E00A2312E0092310E008230EE051
:10D9600007230CE006230AE0052308E0042306E071
:10D97000032304E0022302E0012300E000233A68CD
:10D9800052681F20024093400A001A437B681A66BF
:10D990003B685B689B085A1C7B68DB699A4208D825
:10D9A0007B6818683B6859683B681B681A00FFF77A
:10D9B00029FB7B6818683B6819683B689B681A00FC
:10D9C000FFF764FB3B681B68002B00DBBCE0504B9F
:10D9D0001800FFF7C5FA03003B613B681B684D4A1E
:10D9E000934222D13A6980231B0413401DD13B6925
:10D9F000802212041343464A19001000FFF79CFAD4
:10DA0000454B1B6845491800E2F7A4FB03005A1C6C
:10DA100013005B009B189B00FB6002E0FB68013B6E
:10DA2000FB60FB68002BF9D18EE03B681B683C4A29
:10DA300093420ED13A6980235B04134009D13B69BC
:10DA4000802252041343324A19001000FFF774FA7F
:10DA50007AE03B681B68334A934200D074E03A692D
:10DA60008023DB03134000D06EE03B698022D203A9
:10DA70001343274A19001000FFF75EFA64E07B6841
:10DA80001A6980231B069A4204D07B681B691F4ACF
:10DA9000934207D17B681A683B681B681900100025
:10DAA000FFF7E1FA3B681B68002B4DDA184B1800B2
:10DAB000FFF756FA03003B613B681B68154A934227
:10DAC00008D13B69184A1340114A19001000FFF7AA
:10DAD00033FA39E03B681B68114A934208D13B692D
:10DAE000124A13400A4A19001000FFF725FA2BE0EA
:10DAF0003B681B680B4A934226D13B690C4A134092
:10DB0000034A19001000FFF717FA1DE00400008017
:10DB100008270140001000B0DC020020400D030087
:10DB2000004000B8002000B4FFFF7FFFFFFFFFFEB2
:10DB3000FFFFBFFF7B689B6D20221A437B689A65BD
:10DB40001723FB1801221A707B6854220021995474
:10DB50001723FB181B781800BD4606B080BDC046D1
:10DB600080B584B000AF78607B681B681800FFF751
:10DB70003BFB031E31D07B681B681800FFF7FFFAE0
:10DB8000031E04D17B681B681800FFF71BFBFFF71F
:10DB90008DF90300FB601AE0FFF788F90200FB68CB
:10DBA000D31A022B13D97B681B689B68042213408D
:10DBB0000DD07B689B6D10221A437B689A657B6849
:10DBC000DB6D01221A437B68DA65012306E07B687E
:10DBD0001B689B6804221340DED100231800BD4659
:10DBE00004B080BD80B584B000AF78600023BB6016
:10DBF0007B681B681800FFF7B1FA031E00D069E0CC
:10DC00007B681B689B68364A13400DD07B689B6D10
:10DC100010221A437B689A657B68DB6D01221A43E8
:10DC20007B68DA65012356E07B681B681800FFF704
:10DC300071FA2C4B1800FFF793F9020080231B04A4
:10DC400013400FD0284B1B6828491800E2F782FACE
:10DC500003000133BB6002E0BB68013BBB60BB68F3
:10DC6000002BF9D17B685B7E012B33D0FFF71EF9C7
:10DC70000300FB6027E07B681B681800FFF76EFA63
:10DC8000031E04D17B681B681800FFF743FAFFF7F7
:10DC90000DF90200FB68D31A022B14D97B681B68AC
:10DCA0001B6801221340012B0DD07B689B6D102255
:10DCB0001A437B689A657B68DB6D01221A437B6897
:10DCC000DA65012307E07B681B681B6801221340AB
:10DCD000012BD0D100231800BD4604B080BDC04642
:10DCE0001700008008270140DC020020400D0300DF
:10DCF00080B584B000AF78607B681B681800FFF7C0
:10DD00003EFA0300FB607B681B681800FFF726FAE9
:10DD1000031E46D0FB68002B43D17B681B689B68C1
:10DD200005221340012B0DD17B681B681800FFF7FB
:10DD300003FA7B681B6803221A60FFF7B7F8030039
:10DD4000BB6028E07B689B6D10221A437B689A6554
:10DD50007B68DB6D01221A437B68DA65012321E0D1
:10DD6000FFF7A4F80200BB68D31A022B13D97B6813
:10DD70001B689B68012213400DD07B689B6D1022AD
:10DD80001A437B689A657B68DB6D01221A437B68C6
:10DD9000DA65012306E07B681B689B68012213405B
:10DDA000DED100231800BD4604B080BD80B582B02E
:10DDB00000AF78607B681A68F0239B03134018005B
:10DDC000BD4602B080BD80B582B000AF78607B6890
:10DDD0001B699B0F9B071800BD4602B080BD80B534
:10DDE00082B000AF786039607B68B4229B587F2294
:10DDF00093431A003B681A437B68B4215A50C046CB
:10DE0000BD4602B080BD80B582B000AF78607B684F
:10DE1000B4229B587F2213401800BD4602B080BD3B
:10DE200080B582B000AF78607B689B68044A13407D
:10DE300001221A437B689A60C046BD4602B080BD8D
:10DE4000E8FFFF7F80B582B000AF78607B689B6899
:10DE5000044A134002221A437B689A60C046BD46BA
:10DE600002B080BDE8FFFF7F80B582B000AF786070
:10DE70007B689B6801221340012B01D1012300E044
:10DE800000231800BD4602B080BD000080B582B0FE
:10DE900000AF78607B689B68054A134080221206B9
:10DEA0001A437B689A60C046BD4602B080BDC0463A
:10DEB000E8FFFF7F80B582B000AF78607B689B6829
:10DEC000DB0FDA0780231B069A4201D1012300E011
:10DED00000231800BD4602B080BD000090B58BB095
:10DEE00000AF78600023FB6000233B627B68542214
:10DEF0009B5C012B01D10223DDE07B6854220121D0
:10DF000099541F23FC187B681800FFF7F1FE0300EB
:10DF100023707B681B681800FFF7A6FF031E00D064
:10DF2000BCE07B689B6D664A134002221A437B6803
:10DF30009A657B681B68DB68624A1340BB617B683B
:10DF40001B68DA687B681B685F490A40DA60002357
:10DF50007B622DE07B681B681800FFF797FF14E0D9
:10DF6000FB680133FB60FB68584A93420DD97B681C
:10DF70009B6D1222934310221A437B689A657B683B
:10DF8000542200219954012395E07B681B681800F6
:10DF9000FFF790FF031EE3D17B681B681800FFF7B3
:10DFA00032FF02003B6A9B183B627B6A01337B6253
:10DFB0007B6A072BCED9796A386AE2F7CBF803007F
:10DFC0003B627B681B681800FFF72AFF7B681B68B1
:10DFD0001800FFF7F8FE031E1BD13D4B1800FFF79A
:10DFE000E5FE03007B617A69E0235B039A4210D36C
:10DFF0007B699B0C033B01229A401300BB60BB680A
:10E000005B08BB6002E0BB68013BBB60BB68002BE8
:10E01000F9D17B681B683A6A11001800FFF7DFFE30
:10E020007B681B681800FFF70DFFFEF73FFF03003A
:10E030003B611BE0FEF73AFF02003B69D31A022B5B
:10E0400014D97B681B681800FFF70EFF031E0DD064
:10E050007B689B6D10221A437B689A657B68DB6D39
:10E0600001221A437B68DA65012324E07B681B6880
:10E070001800FFF7F9FE031EDCD17B681B68D96826
:10E080007B681B68BA690A43DA607B689B6D032270
:10E09000934301221A437B689A6505E07B689B6D78
:10E0A00010221A437B689A657B6854220021995498
:10E0B0001F23FB181B781800BD460BB090BDC0464F
:10E0C000FDFEFFFF03800000FC7FFFFFFFF1020069
:10E0D0000827014080B582B000AF0200FB1D1A7016
:10E0E000FB1D1B787F2B09D8FB1D1B781A001F23F3
:10E0F0001A40044B012191400A001A60C046BD46F7
:10E1000002B080BD00E100E090B583B000AF020036
:10E110003960FB1D1A70FB1D1B787F2B28D82F4AF6
:10E12000FB1D1B785BB29B08C0339B009B58FA1DFC
:10E130001278110003220A40D200FF2191400A0008
:10E14000D2431A4011003B689B01FF221A40FB1D7D
:10E150001B78180003230340DB009A401F48FB1D77
:10E160001B785BB29B080A43C0339B001A5031E016
:10E170001B4AFB1D1B7819000F230B40083B9B0813
:10E1800006339B00D31804331B68FA1D1278110064
:10E1900003220A40D200FF2191400A00D2431A40D4
:10E1A00011003B689B01FF221A40FB1D1B781800E1
:10E1B00003230340DB009A400948FB1D1B781C0029
:10E1C0000F232340083B9B080A4306339B00C318D8
:10E1D00004331A60C046BD4603B090BD00E100E0C4
:10E1E00000ED00E080B582B000AF78607B685A1E19
:10E1F00080235B049A4201D3012310E00A4B7A6822
:10E20000013A5A6001235B4203211800FFF77CFFAB
:10E21000054B00229A60044B07221A600023180065
:10E22000BD4602B080BDC04610E000E080B584B0BD
:10E2300000AFB9607A600F217B18021C1A70BA68AF
:10E240007B181B785BB211001800FFF75DFFC0461A
:10E25000BD4604B080BD80B582B000AF0200FB1D9A
:10E260001A70FB1D1B785BB21800FFF733FFC04626
:10E27000BD4602B080BD80B582B000AF78607B68DB
:10E280001800FFF7AFFF03001800BD4602B080BDC5
:10E2900080B582B000AF78607B68002B01D101238C
:10E2A00056E07B685B7FDBB2002B06D17B680022E7
:10E2B0001A777B681800F4F717FB7B6802225A77FD
:10E2C0007B681B79002B0CD17B681B68224A5A6142
:10E2D0007B681B689A687B681B6818218A439A6070
:10E2E0000BE07B6899687B68DA687B68180000F04F
:10E2F00095F9031E01D001232AE07B685B79002B8E
:10E3000005D17B681B68012252421A6104E07B68D8
:10E310001B687A6812691A617B681B689B686022B7
:10E32000934319007B685A697B681B680A439A60AB
:10E330007B681B689B688022934319007B689A69FD
:10E340007B681B680A439A607B6801225A77002326
:10E350001800BD4602B080BDB71DC10480B586B0AF
:10E3600000AFF860B9607A6000233B61FB6802226D
:10E370005A77FB681B6A032B05D02DD8012B19D0C7
:10E38000022B20D028E000237B610AE07B699B0000
:10E39000BA68D218FB681B6812681A607B6901337F
:10E3A0007B617A697B689A42F0D3FB681B681B68C3
:10E3B0003B6112E07A68B968FB68180000F064F805
:10E3C00003003B6109E07A68B968FB68180000F057
:10E3D000EEF803003B6100E0C046FB6801225A777B
:10E3E0003B691800BD4606B080BD80B586B000AF61
:10E3F000F860B9607A6000233B61FB6802225A77BB
:10E40000FB681B689A68FB681B6801210A439A60D5
:10E41000FB681B6A032B05D02DD8012B19D0022BCA
:10E4200020D028E000237B610AE07B699B00BA686A
:10E43000D218FB681B6812681A607B6901337B6124
:10E440007A697B689A42F0D3FB681B681B683B6162
:10E4500012E07A68B968FB68180000F015F803004C
:10E460003B6109E07A68B968FB68180000F09FF822
:10E4700003003B6100E0C046FB6801225A773B691C
:10E480001800BD4606B080BD80B588B000AFF8600A
:10E49000B9607A600023FB6123E0FB699B00BA68E6
:10E4A000D3181B781A06FB699B000133B968CB1897
:10E4B0001B781B041A43FB699B000233B968CB1815
:10E4C0001B781B021A43FB699B000333B968CB1806
:10E4D0001B781900FB681B680A431A60FB6901334B
:10E4E000FB617B689B08FA699A42D6D37B6803225A
:10E4F000134055D07B6803221340012B07D1FB69E1
:10E500009B00BA68D218FB681B6812781A707B6887
:10E5100003221340022B1AD1FB699B00BA68D3185F
:10E520001B781BB21B021AB2FB699B000133B9684E
:10E53000CB181B781BB213431AB21A217B181A800E
:10E54000FB681B687B617B697A1812881A807B687C
:10E5500003221340032B23D1FB699B00BA68D31815
:10E560001B781BB21B021AB2FB699B000133B9680E
:10E57000CB181B781BB213431AB21A217B181A80CE
:10E58000FB681B687B617B697A1812881A80FB69BB
:10E590009B000233BA68D218FB681B6812781A70A5
:10E5A000FB681B681B681800BD4608B080BD80B5BD
:10E5B00086B000AFF860B9607A6000237B6113E039
:10E5C0007B699B00BA68D3181B881A047B699B007F
:10E5D0000233B968CB181B881900FB681B680A4313
:10E5E0001A607B6901337B617B685B087A699A42B8
:10E5F000E6D37B680122134009D0FB681B683B61AE
:10E600007B699B00BA68D3181A883B691A80FB683B
:10E610001B681B681800BD4606B080BD80B586B07B
:10E6200000AFF860B9607A6017217B1800221A7079
:10E630001F233B61BB680122134003D17B180122D9
:10E640001A7045E0C0463B695A1E3A61002B08D05B
:10E650003B691F221340BA68DA40130001221340BD
:10E66000F1D07B68182B0FD07B68182B24D87B68DF
:10E67000102B11D07B68102B1ED87B68002B20D06C
:10E680007B68082B10D017E03B69062B1BD917239A
:10E69000FB1801221A7016E03B69072B15D91723C6
:10E6A000FB1801221A7010E03B690F2B0FD91723BA
:10E6B000FB1801221A700AE01723FB1801221A70B6
:10E6C00006E0C04604E0C04602E0C04600E0C046A6
:10E6D0001723FB181B78002B0ED1FB681B68BA6848
:10E6E0005A61FB681B689B68182293431900FB68FA
:10E6F0001B687A680A439A601723FB181B78180076
:10E70000BD4606B080BD000080B582B000AF786025
:10E710007B68002B01D1012391E07B681B681A0004
:10E72000494B9A4210D87B681B68484A9446634418
:10E7300014211800E1F70EFD03009A007B685A646B
:10E740007B68434A1A640FE07B681B68414A944621
:10E75000634414211800E1F7FDFC03009A007B6874
:10E760005A647B683C4A1A647B68252202219954CA
:10E770007B681B681A687B681B6838490A401A6006
:10E780007B681B6819687B689A687B68DB681A433A
:10E790007B681B691A437B685B691A437B689B69CA
:10E7A0001A437B68DB691A437B681B6A1A437B68E0
:10E7B0001B680A431A607B68180000F0A9FA7B689E
:10E7C0009A688023DB019A4202D17B6800225A605A
:10E7D0007B685A687B689B6C7F210A401A607B6863
:10E7E000DB6C7A68126D5A607B685B68002B11D015
:10E7F0007B685B68042B0DD87B68180000F0D2FAA8
:10E800007B685B6D00221A607B689B6D7A68D26DB5
:10E810005A6008E07B6800225A657B6800229A658E
:10E820007B680022DA657B680022DA637B68252238
:10E83000012199547B682422002199540023180057
:10E84000BD4602B080BDC04607040240F8FFFDBFD0
:10E8500000000240F8FBFDBF000402400F80FFFFF4
:10E8600080B586B000AFF860B9607A603B6017236E
:10E87000FB1800221A70FB6824229B5C012B01D13B
:10E8800002236FE0FB68242201219954FB682522B2
:10E890009B5CDBB2012B57D1FB68252202219954E6
:10E8A000FB680022DA63FB681B681A68FB681B6858
:10E8B00001218A431A603B687A68B968F86800F0F9
:10E8C000EBF9FB681B6B002B08D0FB681B681A6810
:10E8D000FB681B680E210A431A600FE0FB681B6887
:10E8E0001A68FB681B6804218A431A60FB681B686E
:10E8F0001A68FB681B680A210A431A60FB689B6C54
:10E900001A6880235B02134008D0FB689B6C1A686E
:10E91000FB689B6C802149000A431A60FB685B6DB1
:10E92000002B08D0FB685B6D1A68FB685B6D80216B
:10E9300049000A431A60FB681B681A68FB681B6879
:10E9400001210A431A600AE0FB688022DA63FB684F
:10E950002422002199541723FB1801221A7017232F
:10E96000FB181B781800BD4606B080BD80B582B08C
:10E9700000AF78607B68002B01D101234FE07B68FA
:10E9800025229B5CDBB2022B08D07B680422DA6371
:10E990007B68242200219954012340E07B681B6896
:10E9A0001A687B681B680E218A431A607B689B6C1F
:10E9B0001A687B689B6C1C490A401A607B681B685C
:10E9C0001A687B681B6801218A431A607B685B6C4C
:10E9D0001C221A407B681B6C012191400A005A607E
:10E9E0007B68DB6C7A68126D5A607B685B6D002B0C
:10E9F0000CD07B685B6D1A687B685B6D0A490A40C6
:10EA00001A607B689B6D7A68D26D5A607B6825229C
:10EA1000012199547B682422002199540023180075
:10EA2000BD4602B080BDC046FFFEFFFF80B584B08A
:10EA300000AF78600F217B1800221A707B682522B6
:10EA40009B5CDBB2022B06D07B680422DA637B1866
:10EA500001221A7048E07B681B681A687B681B6893
:10EA60000E218A431A607B681B681A687B681B68E2
:10EA700001218A431A607B689B6C1A687B689B6CD7
:10EA80001D490A401A607B685B6C1C221A407B6837
:10EA90001B6C012191400A005A607B68DB6C7A682C
:10EAA000126D5A607B685B6D002B0CD07B685B6DD0
:10EAB0001A687B685B6D10490A401A607B689B6D21
:10EAC0007A68D26D5A607B682522012199547B684F
:10EAD0002422002199547B689B6B002B04D07B6817
:10EAE0009B6B7A68100098470F23FB181B7818005F
:10EAF000BD4604B080BDC046FFFEFFFF80B584B0B8
:10EB000000AF78607B681B6C1B68FB607B681B68D0
:10EB10001B68BB607B685B6C1C22134004229A401C
:10EB20001300FA68134026D0BB680422134022D099
:10EB30007B681B681B682022134007D17B681B6819
:10EB40001A687B681B6804218A431A607B685B6CC7
:10EB50001C221A407B681B6C042191400A005A60F9
:10EB60007B681B6B002B00D180E07B681B6B7A6895
:10EB7000100098477AE07B685B6C1C2213400222ED
:10EB80009A401300FA6813403CD0BB68022213403D
:10EB900038D07B681B681B68202213400BD17B6830
:10EBA0001B681A687B681B680A218A431A607B68A5
:10EBB0002522012199547B681B681A002E4B9A422A
:10EBC00009D97B685B6C1C221A402C4B02219140B6
:10EBD0000A005A6008E07B685B6C1C221A40284BD4
:10EBE000022191400A005A607B6824220021995436
:10EBF0007B68DB6A002B39D07B68DB6A7A6810009F
:10EC0000984733E07B685B6C1C22134008229A40D3
:10EC10001300FA6813402AD0BB680822134026D09C
:10EC20007B681B681A687B681B680E218A431A6020
:10EC30007B685B6C1C221A407B681B6C0121914035
:10EC40000A005A607B680122DA637B682522012171
:10EC500099547B682422002199547B685B6B002BBC
:10EC600005D07B685B6B7A6810009847C046C04649
:10EC7000BD4604B080BDC046800002400004024092
:10EC80000000024080B582B000AF78607B68DB6B2B
:10EC90001800BD4602B080BD80B584B000AFF860FA
:10ECA000B9607A603B60FB68DB6CFA68126D5A6091
:10ECB000FB685B6D002B04D0FB689B6DFA68D26D1E
:10ECC0005A60FB685B6C1C221A40FB681B6C0121BC
:10ECD00091400A005A60FB681B683A685A60FB68FA
:10ECE0009B68102B08D1FB681B687A689A60FB68E8
:10ECF0001B68BA68DA6007E0FB681B68BA689A604C
:10ED0000FB681B687A68DA60C046BD4604B080BD07
:10ED100080B584B000AF78607B681B681A001D4B1B
:10ED20009A4214D87B685B6C9B089B001A4A9A181D
:10ED30007B689A647B681B681A00FF231340083BBA
:10ED400014211800E1F706FA0300FB6014E07B6869
:10ED50005B6C9B089B00114A9A187B689A647B68DD
:10ED60001B681A00FF231340083B14211800E1F729
:10ED7000F1F903000733FB607B68094ADA64FB683A
:10ED80001F22134001229A407B681A65C046BD4687
:10ED900004B080BD07040240000802401C08024085
:10EDA0008008024080B584B000AF78607B685B6803
:10EDB0007F221340FB60FB680A4A944663449B0031
:10EDC0001A007B685A657B68074A9A65FB68013BB5
:10EDD0000322134001229A407B68DA65C046BD4693
:10EDE00004B080BD3F82001040090240B0B586B03B
:10EDF00000AFF860B9603A607B60214B1B78012B53
:10EE000001D1022338E01E4B01221A701C4B002254
:10EE10005A6017257C19FA239B00180000F07AF835
:10EE2000030023707B191B78002B1FD1FB68012B7B
:10EE300006D13A687B68B968080000F0B9F805E0C7
:10EE40003A68BB68110018000BF0F6FD1723FC1898
:10EE5000FA239B00180000F05DF803002370094BB3
:10EE60005A69FB68D943074B0A405A61044B002298
:10EE70001A701723FB181B781800BD4606B0B0BDEA
:10EE8000749801200020024080B582B000AFFB1DC5
:10EE900000221A700B4B5B69002B0CDA094B0A4AF3
:10EEA0009A60084B094A9A60064B5B69002B02DAAC
:10EEB000FB1D01221A70FB1D1B781800BD4602B015
:10EEC00080BDC0460020024023016745AB89EFCDDD
:10EED00080B582B000AFFB1D01221A70FA239B009F
:10EEE000180000F017F80A4B5A69094B80210906EF
:10EEF0000A435A61064B5B69002B02DAFB1D0022B4
:10EF00001A70FB1D1B781800BD4602B080BDC046BC
:10EF10000020024080B584B000AF7860FDF7C6FFE6
:10EF20000300FB60C0239B02BB600CE07B680133E5
:10EF300009D0FDF7BBFF0200FB68D31A7A689A423A
:10EF400001D8032328E0164B1B69BA681340EDD1A2
:10EF5000134B1B69134A1340BB60114B124A1A61D1
:10EF6000BB68002B11D0114BBA685A60012313E023
:10EF70007B68013309D0FDF799FF0200FB68D31AC3
:10EF80007A689A4201D8032306E0054B1A69802368
:10EF9000DB021340ECD100231800BD4604B080BD55
:10EFA00000200240FAC30000FBC30800749801204F
:10EFB000B0B584B000AFF8603A607B600B4B5A6923
:10EFC0000A4B01210A435A61FB683A681A60BFF391
:10EFD0006F8FC0467B681C0000231D00FB68043354
:10EFE00022001A60C046BD4604B0B0BD00200240F9
:10EFF000B0B584B000AF78603960334B1B78012B1B
:10F0000001D102235CE0304B01221A702E4B00220A
:10F010005A600F257C19FA239B001800FFF77AFF2E
:10F02000030023702C003B191B78002B42D17B6816
:10F030001B68042B0DD17B685B68180000F048F852
:10F040003C19FA239B001800FFF764FF03002370AC
:10F0500030E03B68012252421A607B689B68BB60CB
:10F060001AE07B685B68BA681100180000F044F889
:10F070000F257C19FA239B001800FFF74BFF0300B4
:10F0800023707B191B78002B03D03B68BA681A6089
:10F090000AE0BB680133BB607B689A687B68DB6809
:10F0A000D318BA689A42DCD3084B5A69074B02213D
:10F0B0008A435A61044B00221A700F23FB181B78F5
:10F0C0001800BD4604B0B0BD749801200020024075
:10F0D00080B582B000AF7860064B5A697B681A43EE
:10F0E000044B802149020A435A61C046BD4602B022
:10F0F00080BDC0460020024080B584B000AF78607B
:10F1000039600F4B5B690F4A1340FB607B68042B2F
:10F1100005D0FB68802292011343FB6003E0FB688B
:10F12000094A1340FB603B68DA00FB681A43044B52
:10F1300006490A435A61C046BD4604B080BDC04678
:10F140000020024007E0FFFFFFDFFFFF0200010099
:10F1500080B586B000AF7860396000237B614DE1F7
:10F160003B681B6801217A6991400A001340FB60EB
:10F17000FB68002B00D13EE13B685B680322134033
:10F18000012B05D03B685B6803221340022B30D172
:10F190007B689B683B617B695B0003229A4013009C
:10F1A000DA433B6913403B613B68DA687B695B008B
:10F1B0009A4013003A6913433B617B683A699A604D
:10F1C0007B685B683B6101227B699A401300DA43EC
:10F1D0003B6913403B613B685B681B0901221A4095
:10F1E0007B699A4013003A6913433B617B683A6933
:10F1F0005A603B685B6803221340032B17D07B687F
:10F20000DB683B617B695B0003229A401300DA43B1
:10F210003B6913403B613B689A687B695B009A409D
:10F2200013003A6913433B617B683A69DA603B68D3
:10F230005B6803221340022B23D17B69DA087B68C9
:10F2400008329200D3583B617B69072213409B0030
:10F250000F229A401300DA433B6913403B613B683D
:10F260001A697B6907210B409B009A4013003A6999
:10F2700013433B617B69DA087B6808329200396985
:10F28000D1507B681B683B617B695B0003229A401D
:10F290001300DA433B6913403B613B685B68032220
:10F2A0001A407B695B009A4013003A6913433B6143
:10F2B0007B683A691A603B685A68C0239B02134016
:10F2C00000D198E0534A7B699B0818339B009B58F8
:10F2D0003B617B6903221340DB000F229A4013003D
:10F2E000DA433B6913403B617A68A023DB059A420D
:10F2F00019D07B68484A934213D07B68474A9342AF
:10F300000DD07B68464A934207D07B68454A9342BA
:10F3100001D1042308E0052306E0032304E00223CF
:10F3200002E0012300E000237A6903210A40D200B1
:10F3300093403A6913433B6136497B699B08183314
:10F340009B003A695A50334B1B683B61FB68DA43B8
:10F350003B6913403B613B685A6880235B03134061
:10F3600003D03A69FB6813433B612A4B3A691A6040
:10F37000284B5B683B61FB68DA433B6913403B61A8
:10F380003B685A6880239B03134003D03A69FB68AB
:10F3900013433B611F4B3A695A601E4A8423D3587A
:10F3A0003B61FB68DA433B6913403B613B685A6849
:10F3B00080239B02134003D03A69FB6813433B61EF
:10F3C000144984223B698B50124A8023D3583B61F5
:10F3D000FB68DA433B6913403B613B685A68802312
:10F3E0005B02134003D03A69FB6813433B61094950
:10F3F00080223B698B507B6901337B613B681A68D3
:10F400007B69DA40131E00D0AAE6C046C046BD465E
:10F4100006B080BD001802400004005000080050F3
:10F42000000C00500010005080B584B000AF786030
:10F430000A00BB1C1A807B681B69BA1C1288134027
:10F4400004D00F23FB1801221A7003E00F23FB18CE
:10F4500000221A700F23FB181B781800BD4604B059
:10F4600080BD80B582B000AF786008001100BB1C81
:10F47000021C1A807B1C0A1C1A707B1C1B78002B38
:10F4800004D0BB1C1A887B689A6103E0BB1C1A88F5
:10F490007B689A62C046BD4602B080BD80B584B02C
:10F4A00000AF78600A00BB1C1A807B685B69FB6058
:10F4B000BB1C1B88FA6813401A04FB68DB43B91CA9
:10F4C00009880B401A437B689A61C046BD4604B068
:10F4D00080BD000080B582B000AF78600C4BDB6867
:10F4E0007A683F210A40D2431A4011007B681A0A09
:10F4F000074B0A43DA60064B99687B683F221A4043
:10F50000034B0A439A60C046BD4602B080BDC04668
:10F510000070004080B582B000AF7860064B9A68FA
:10F520007B683F210B40D943034B0A409A60C04699
:10F53000BD4602B080BDC0460070004080B582B0BC
:10F5400000AF78600A00FB1C1A707B68002B09D0A2
:10F55000144B1B68072293431A00124B01210A43E4
:10F560001A6005E00F4B1A680E4B07218A431A6098
:10F570000D4B1A690C4B04210A431A61FB1C1B78C2
:10F58000012B01D130BF02E040BF20BF20BF064B9E
:10F590001A69054B04218A431A61C046BD4602B070
:10F5A00080BDC0460070004000ED00E080B500AFB7
:10F5B000094B1B68072293431A00074B03210A4398
:10F5C0001A60064B1A69054B04210A431A6130BFC1
:10F5D000C046BD4680BDC0460070004000ED00E062
:10F5E00080B500AF044B9A68034B802149000A4361
:10F5F0009A60C046BD4680BD0070004080B584B0B2
:10F6000000AF7860194B1B68194A13401900174B5B
:10F610007A680A431A607A6880239B009A421FD155
:10F62000144B1A6813005B009B185B00124918000A
:10F63000E0F790FD03000133FB6008E0FB68002B5E
:10F6400003D0FB68013BFB6001E0032309E0074BAB
:10F650005A698023DB001A408023DB009A42EDD0F8
:10F6600000231800BD4604B080BDC04600700040B5
:10F67000FFF9FFFFDC02002040420F0080B500AF21
:10F68000034B9A68E023DB0113401800BD4680BDA0
:10F690000010024080B588B000AF78607B68002B16
:10F6A00002D1012300F050FB7B681B68012213404C
:10F6B00000D17CE0C34B9B6838221340BB61C14B37
:10F6C000DB68032213407B61BB69102B02D17B698D
:10F6D000032B02D0BB69082B0BD1BA4B1A688023CD
:10F6E0009B02134062D07B685B68002B5ED10123D4
:10F6F0002AE37B685A6880235B029A4207D1B14BA8
:10F700001A68B04B802149020A431A6020E07B68E6
:10F710005A68A023DB029A420ED1AA4B1A68A94B61
:10F720008021C9020A431A60A64B1A68A54B8021A2
:10F7300049020A431A600BE0A24B1A68A14BA24986
:10F740000A401A609F4B1A689E4BA0490A401A60F3
:10F750007B685B68002B14D0FDF7A8FB03003B61BE
:10F7600008E0FDF7A3FB02003B69D31A642B01D923
:10F770000323E9E2934B1A6880239B021340F0D0E5
:10F7800015E0FDF793FB03003B6108E0FDF78EFBFE
:10F7900002003B69D31A642B01D90323D4E2894BBD
:10F7A0001A6880239B021340F0D100E0C0467B68BA
:10F7B0001B680222134000D199E0824B9B683822DB
:10F7C0001340BB617F4BDB68032213407B61BB6945
:10F7D000102B02D17B69022B02D0BB69002B35D1E3
:10F7E000784B1A688023DB00134005D07B68DB6808
:10F7F000002B01D10123A7E2724B5B68744A1340CE
:10F8000019007B685B691A026E4B0A435A60BB6938
:10F81000002B12D16B4B1B686E4A134019007B689A
:10F820001A69684B0A431A60664B1B68DB0A072299
:10F830001340694ADA40694B1A60694B1B6818002B
:10F84000FDF7D8FA031E51D001237DE27B68DB6807
:10F85000002B30D05B4B1B685E4A134019007B685D
:10F860001A69584B0A431A60564B1A68554B802147
:10F8700049000A431A60FDF719FB03003B6108E0E9
:10F88000FDF714FB02003B69D31A022B01D90323B5
:10F890005AE24C4B1A688023DB001340F0D0494BEE
:10F8A0005B684B4A134019007B685B691A02454B41
:10F8B0000A435A601BE0434B1A68424B49490A40CD
:10F8C0001A60FDF7F3FA03003B6108E0FDF7EEFA7A
:10F8D00002003B69D31A022B01D9032334E2394BCE
:10F8E0001A688023DB001340F0D100E0C0467B683B
:10F8F0001B680822134047D0324B9B6838221340C4
:10F90000182B0AD12F4B1B6E022213403CD07B6870
:10F910009B69002B38D1012316E27B689B69002B81
:10F9200019D0284B1A6E274B01210A431A66FDF79E
:10F93000BDFA03003B6108E0FDF7B8FA02003B693D
:10F94000D31A022B01D90323FEE11E4B1B6E0222A8
:10F950001340F1D018E01B4B1A6E1A4B01218A4359
:10F960001A66FDF7A3FA03003B6108E0FDF79EFA73
:10F9700002003B69D31A022B01D90323E4E1114BA6
:10F980001B6E02221340F1D17B681B6804221340D6
:10F9900000D1C7E01F23FB1800221A70094B9B6897
:10F9A00038221340202B1FD1064BDB6D022213405F
:10F9B00000D1B7E07B689B68002B00D0B2E0012348
:10F9C000C2E1C04600100240FFFFFEFFFFFFFBFF49
:10F9D000FF80FFFFFFC7FFFF0024F400DC020020D0
:10F9E00010030020FFFEFFFFB54BDA6B80235B05A1
:10F9F000134001D1012300E00023002B11D0B04BB4
:10FA0000DA6BAF4B802149050A43DA63AC4BDA6B02
:10FA100080235B051340FB60FB681F23FB1801225A
:10FA20001A70A84B1A6880235B0013401AD1A54BAB
:10FA30001A68A44B802149000A431A60FDF736FA80
:10FA400003003B6108E0FDF731FA02003B69D31A7D
:10FA5000022B01D9032377E19A4B1A6880235B00BC
:10FA60001340F0D07B689B68012B06D1944BDA6D74
:10FA7000934B01210A43DA651CE07B689B68052BE8
:10FA80000CD18F4BDA6D8E4B04210A43DA658C4B17
:10FA9000DA6D8B4B01210A43DA650BE0884BDA6D96
:10FAA000874B01218A43DA65854BDA6D844B04214B
:10FAB0008A43DA657B689B68002B14D0FDF7F6F962
:10FAC00003003B6109E0FDF7F1F902003B69D31A3D
:10FAD0007D4A934201D9032336E1794BDB6D022243
:10FAE0001340F0D013E0FDF7E1F903003B6109E0BA
:10FAF000FDF7DCF902003B69D31A734A934201D93E
:10FB0000032321E16E4BDB6D02221340F0D11F2352
:10FB1000FB181B78012B05D1694BDA6B684B6B49DD
:10FB20000A40DA637B681B682022134039D07B6867
:10FB3000DB69002B1BD0624B1A68614B8021C90323
:10FB40000A431A60FDF7B2F903003B6108E0FDF7D4
:10FB5000ADF902003B69D31A022B01D90323F3E06C
:10FB6000574B1A6880231B041340F0D019E0544B04
:10FB70001A68534B56490A401A60FDF797F903007B
:10FB80003B6108E0FDF792F902003B69D31A022BB2
:10FB900001D90323D8E04A4B1A6880231B04134081
:10FBA000F0D17B681B6A002B00D1CCE0444B9B68F2
:10FBB00038221340102B00D17BE07B681B6A022B9C
:10FBC00056D13F4B1A683E4B42490A401A60FDF736
:10FBD0006DF903003B6108E0FDF768F902003B693D
:10FBE000D31A022B01D90323AEE0354B1A688023C8
:10FBF0009B041340F0D1324BDB68374A13401900A5
:10FC00007B685A6A7B689B6A1A437B68DB6A1B02C3
:10FC10001A437B681B6B1A437B685B6B1A437B68D8
:10FC20009B6B1A43264B0A43DA60254B1A68244B18
:10FC3000802149040A431A60214BDA68204B802155
:10FC400049050A43DA60FDF731F903003B6108E03A
:10FC5000FDF72CF902003B69D31A022B01D90323CB
:10FC600072E0174B1A6880239B041340F0D06AE0BF
:10FC7000134B1A68124B17490A401A60FDF716F920
:10FC800003003B6108E0FDF711F902003B69D31A5C
:10FC9000022B01D9032357E0094B1A6880239B04E8
:10FCA0001340F0D1064BDA68054B0C490A40DA6084
:10FCB00049E07B681B6A012B12D1012344E0C04656
:10FCC000001002400070004088130000FFFFFFEFAB
:10FCD000FFFFBFFFFFFFFFFE8C80C111FCFFFEEEA8
:10FCE0001B4BDB687B617B6903221A407B685B6A84
:10FCF0009A4226D17B6970221A407B689B6A9A429D
:10FD00001FD17A69FE23DB011A407B68DB6A1B0284
:10FD10009A4216D17A69F8239B031A407B681B6BC1
:10FD20009A420ED17A69E0231B051A407B685B6B0F
:10FD30009A4206D17B695B0F5A077B689B6B9A429C
:10FD400001D0012300E000231800BD4608B080BDAB
:10FD50000010024080B584B000AF786039607B68E5
:10FD6000002B01D10123E9E0764B1B6807221340E9
:10FD70003A689A421ED9734B1B68072293431900B5
:10FD8000704B3A680A431A60FDF790F80300FB6075
:10FD900009E0FDF78BF80200FB68D31A6A4A934228
:10FDA00001D90323CAE0674B1B68072213403A6856
:10FDB0009A42EED17B681B680222134015D07B6803
:10FDC0001B680422134006D0604B9A685F4BE02109
:10FDD000C9010A439A605D4B9B685D4A1340190054
:10FDE0007B689A68594B0A439A607B681B680122BA
:10FDF000134057D07B685B68012B07D1534B1A68BF
:10FE000080239B0213402BD1012397E07B685B6822
:10FE1000022B07D14D4B1A6880239B0413401FD13E
:10FE200001238BE07B685B68002B07D1474B1A6886
:10FE30008023DB00134013D101237FE07B685B68E4
:10FE4000032B06D1414B1B6E0222134008D1012324
:10FE500074E03E4BDB6D0222134001D101236DE0C3
:10FE60003A4B9B680722934319007B685A68374BCB
:10FE70000A439A60FDF71AF80300FB6009E0FDF7FA
:10FE800015F80200FB68D31A2F4A934201D90323C5
:10FE900054E02E4B9B6838221A407B685B68DB007D
:10FEA0009A42ECD1274B1B68072213403A689A42CA
:10FEB0001ED2244B1B68072293431900214B3A683A
:10FEC0000A431A60FCF7F2FF0300FB6009E0FCF74D
:10FED000EDFF0200FB68D31A1B4A934201D90323AA
:10FEE0002CE0184B1B68072213403A689A42EED167
:10FEF0007B681B680422134009D0144B9B68154A89
:10FF0000134019007B68DA68104B0A439A6000F0CE
:10FF100029F801000D4B9B681B0A0F221A400E4B5B
:10FF20009200D3581F2213400A00DA400B4B1A608C
:10FF30000B4B1B681800FCF75DFF03001800BD4663
:10FF400004B080BD00200240881300000010024071
:10FF5000FFF0FFFFFF8FFFFF04E10208DC0200203B
:10FF60001003002080B586B000AF3C4B9B68382260
:10FF700013400FD1394B1B68DB0A072213400122C3
:10FF80009A4013003B6039683548E0F7E3F8030016
:10FF90003B615DE0314B9B6838221340082B02D156
:10FFA000304B3B6154E02D4B9B6838221340102BA3
:10FFB00038D12A4BDB6803221340FB60274BDB68F8
:10FFC0001B09072213400133BB60FB68032B0DD1D3
:10FFD000B9682448E0F7BEF8030019001F4BDB683E
:10FFE0001B0A7F2213404B437B610DE0B9681C481C
:10FFF000E0F7B0F803001900184BDB681B0A7F22FA
:020000040802F0
:1000000013404B437B61C046144BDB685B0F0722F8
:10001000134001337B6079687869E0F79BF803004F
:100020003B6115E00D4B9B6838221340202B03D118
:1000300080231B023B610BE0084B9B683822134076
:10004000182B03D1FA23DB013B6101E000233B6164
:100050003B691800BD4606B080BDC0460010024096
:100060000024F40000127A0080B500AF024B1B6838
:100070001800BD4680BDC046DC020020B0B500AF10
:10008000FFF7F2FF0400FFF7F9FA03001A0B054B24
:100090009200D3581F221340DC4023001800BD46B5
:1000A000B0BDC04644E1020880B586B000AF7860BC
:1000B0001323FB1800221A701223FB1800221A7057
:1000C0007B681A6880239B02134000D1ADE01120A9
:1000D0003B1800221A70474BDA6B80235B051340F4
:1000E00010D1444BDA6B434B802149050A43DA6354
:1000F000404BDA6B80235B051340BB60BB683B1849
:1001000001221A703C4B1A683B4B802149000A437C
:100110001A60FCF7CBFE0300FB600BE0FCF7C6FEA9
:100120000200FB68D31A022B04D91323FB18032205
:100130001A7005E0304B1A6880235B001340EDD045
:100140001323FB181B78002B5ED12A4BDA6DC023DA
:100150009B0013407B617B69002B19D07B681B6C73
:100160007A699A4214D0234BDB6D244A13407B6199
:10017000204BDA6D1F4B802149020A43DA651D4B83
:10018000DA6D1C4B1E490A40DA651A4B7A69DA654A
:100190007B690122134016D0FCF788FE0300FB6048
:1001A0000CE0FCF783FE0200FB68D31A154A934269
:1001B00004D91323FB1803221A7004E00D4BDB6DE6
:1001C00002221340EDD01323FB181B78002B0AD119
:1001D000084BDB6D094A134019007B681A6C054B0C
:1001E0000A43DA6516E01223FB181322BA181278B4
:1001F0001A700FE00010024000700040FFFCFFFF8B
:10020000FFFFFEFF881300001223FB181322BA1809
:1002100012781A701123FB181B78012B05D1B64BED
:10022000DA6BB54BB5490A40DA637B681B6801227B
:10023000134009D0B04B5B6D0322934319007B68D8
:100240005A68AD4B0A435A657B681B68022213400B
:1002500009D0A94B5B6D0C22934319007B689A6807
:10026000A54B0A435A657B681B680422134009D0DA
:10027000A14B5B6D3022934319007B68DA689E4B7B
:100280000A435A657B681B681022134009D09A4BB9
:100290005B6D9B4A134019007B681A69964B0A43B1
:1002A0005A657B681A6880235B01134009D0924B22
:1002B0005B6D944A134019007B685A698E4B0A4360
:1002C0005A657B681A6880239B00134009D08A4BCB
:1002D0005B6D8D4A134019007B689A6A864B0A430E
:1002E0005A657B681A688023DB00134009D0824B73
:1002F0005B6D864A134019007B68DA6A7E4B0A43BD
:100300005A657B681B682022134009D07A4B5B6DCD
:100310007F4A134019007B689A69774B0A435A65F4
:100320007B681B684022134009D0734B5B6D794A90
:10033000134019007B68DA696F4B0A435A657B6882
:100340001A688023DB01134015D06B4B5B6D9B005B
:1003500099087B681A6B684B0A435A657B681A6B6D
:100360008023DB059A4206D1634BDA68624B802119
:1003700049020A43DA607B681A6880231B03134032
:1003800009D05D4B5B6D4022934319007B685A6B2B
:10039000594B0A435A657B681A6880239B031340B4
:1003A00016D0554B5B6D5C4A134019007B689A6B05
:1003B000514B0A435A657B689A6B8023DB039A4250
:1003C00006D14D4BDA684C4B802149040A43DA6070
:1003D0007B681A688023DB03134016D0464B5B6DA5
:1003E0004E4A134019007B68DA6B434B0A435A6547
:1003F0007B68DA6B80235B049A4206D13E4BDA6855
:100400003D4B802149040A43DA607B681A688023E7
:100410001B01134014D0384B9B6D032293431900EA
:100420007B681A6A344B0A439A657B681B6A012B06
:1004300006D1314BDA68304B802149020A43DA6039
:100440007B681A6880239B01134014D02A4B9B6D54
:100450000C22934319007B685A6A274B0A439A651A
:100460007B685B6A042B06D1234BDA68224B802120
:1004700049020A43DA607B681A6880235B041340F0
:1004800016D01D4B9B6D224A134019007B685A6C95
:10049000194B0A439A657B685A6C80239B019A42E8
:1004A00006D1154BDA68144B802149040A43DA60FF
:1004B0007B681A6880239B04134016D00E4B9B6DFB
:1004C000104A134019007B689A6C0B4B0A439A65DB
:1004D0007B689A6C80235B009A4206D1064BDA68EF
:1004E000054B802149040A43DA601223FB181B786C
:1004F0001800BD4606B080BD00100240FFFFFFEFB0
:10050000FFF3FFFFFFFCFFFFFFFFF3FFFFFFCFFF46
:10051000FFCFFFFFFF3FFFFFFFFFBFFFFFFFFFFE1C
:10052000B0B584B000AF78600F23FB1801221A70B9
:100530007B68002B00D18CE07B6829229B5CDBB2BE
:10054000002B0BD17B682822002199547B688822DC
:1005500012025A607B681800F4F788FB7B68292236
:10056000022199547B681B68DB6810221340102B12
:1005700062D07B681B68CA225A627B681B68532260
:100580005A620F257C197B68180000F011FB0300EC
:10059000237028003B181B78002B2CD17B681B682C
:1005A0009A697B681B682E490A409A617B681B68C0
:1005B00099697B689A687B685B691A437B68DB6929
:1005C0001A437B681B680A439A617B681B687A68D8
:1005D00012691A617B681B6819697B68DB681A04F9
:1005E0007B681B680A431A613C187B68180000F09E
:1005F00021FB030023700F23FB181B78002B16D15F
:100600007B681B689A697B681B68D200D2089A6174
:100610007B681B6899697B685A6A7B681B6A1A4306
:100620007B689B691A437B681B680A439A617B68F5
:100630001B68FF225A6203E00F23FB1800221A7086
:100640000F23FB181B78002B03D17B682922012183
:1006500099540F23FB181B781800BD4604B0B0BD99
:10066000BFFF8FFBB0B584B000AF78607B682922F4
:10067000022199547B681B68CA225A627B681B68F6
:1006800053225A620F257C197B68180000F090FAFB
:10069000030023707B191B78002B5CD17B681B68DF
:1006A00000221A607B681B68394A5A607B681B68A5
:1006B0009A697B681B6807210A409A61FCF7F6FB80
:1006C0000300BB6012E0FCF7F1FB0200BB68D21A2A
:1006D000FA239B009A4209D97B681B68FF225A6261
:1006E0007B6829220321995403234CE07B681B6813
:1006F000DB6804221340E6D07B681B689B697B683B
:100700001B6800229A617B681B68224A5A617B68D9
:100710001B68214A1A617B681B6800221A647B6887
:100720001B6800229A647B681B680022DA627B687F
:100730001B6800229A627B681B6800225A647B68EF
:100740001B680022DA640F23FC187B68180000F095
:1007500071FA030023707B681B68FF225A620F2323
:10076000FB181B78002B07D17B681800F4F7B8FA48
:100770007B682922002199547B6828220021995402
:100780000F23FB181B781800BD4604B0B0BDC0464F
:1007900001210000FFFF0000FF007F00B0B586B020
:1007A00000AFF860B9607A60FB6828229B5C012B7F
:1007B00001D1022392E0FB68282201219954FB68B1
:1007C000292202219954FB681B68CA225A62FB68DD
:1007D0001B6853225A6213257C19FB68180000F02D
:1007E000E7F9030023707B191B78002B62D17B682B
:1007F000002B25D1FB681B689B694022134002D166
:10080000BB680022DA70BB681B78180000F056FA4B
:1008100003001C04BB685B78180000F04FFA03006B
:100820001B021C43BB689B78180000F047FA0300CA
:1008300022001A43BB68DB789B0513437B6117E0FA
:10084000FB681B689B694022134002D1BB680022F1
:10085000DA70BB681B781A04BB685B781B02134311
:10086000BA6892781A43BB68DB789B0513437B61B7
:10087000FB681B687A691B490A401A60FB681B68A1
:100880009A69FB681B6818490A409A61FB681B68F3
:100890009969BB68DA68BB681B691A43FB681B6807
:1008A0000A439A611323FC18FB68180000F0C2F990
:1008B00003002370FB681B68FF225A621323FB1896
:1008C0001B78002B03D1FB68292201219954FB6876
:1008D0002822002199541323FB181B781800BD46C9
:1008E00006B0B0BD7F7F7F00FFFFFBFF80B586B005
:1008F00000AFF860B9607A60FB681B689A68BB68F3
:100900005A60FB681B681B695B045A0CBB689A60E1
:10091000FB681B681B68224A13407B617B691B0CC8
:10092000DBB23F221340DAB2BB681A707B691B0A44
:10093000DBB27F221340DAB2BB685A707B69DBB24C
:100940007F221340DAB2BB689A707B699B0DDBB2E1
:1009500001221340DAB2BB68DA707B68002B1AD12F
:10096000BB681B78180000F0D1F903001A00BB68BF
:100970001A70BB685B78180000F0C8F903001A0011
:10098000BB685A70BB689B78180000F0BFF9030081
:100990001A00BB689A7000231800BD4606B080BDDF
:1009A0007F7F7F00B0B586B000AFF860B9607A6035
:1009B000FB6828229B5C012B01D102237EE0FB68AF
:1009C000282201219954FB682922022199547B682D
:1009D000002B0ED1BB685B781A001023134008D09F
:1009E000BB685B7810229343DBB20A33DAB2BB6890
:1009F0005A707B68002B1CD1BB68DB78180000F0B4
:100A00005DF903001C04BB685B78180000F056F920
:100A100003001B021C43BB689B78180000F04EF9D2
:100A2000030022001A43BB681B785B0313437B61FE
:100A30000EE0BB68DB781A04BB685B781B021343CB
:100A4000BA6892781A43BB681B785B0313437B61D7
:100A5000FB681B68CA225A62FB681B6853225A62F1
:100A600013257C19FB68180000F0A2F8030023701E
:100A700028003B181B78002B0CD1FB681B687A6997
:100A800010490A405A603C18FB68180000F0D2F880
:100A900003002370FB681B68FF225A621323FB18B4
:100AA0001B78002B03D1FB68292201219954FB6894
:100AB0002822002199541323FB181B781800BD46E7
:100AC00006B0B0BD3FFFFF0080B586B000AFF86054
:100AD000B9607A60FB681B685B68214A13407B61E0
:100AE0007B691B0CDAB2BB68DA707B691B0ADBB26C
:100AF0001F221340DAB2BB685A707B69DBB23F2217
:100B00001340DAB2BB689A707B695B0BDBB20722D9
:100B10001340DAB2BB681A707B68002B1AD1BB682D
:100B2000DB78180000F0F2F803001A00BB68DA70F6
:100B3000BB685B78180000F0E9F803001A00BB6896
:100B40005A70BB689B78180000F0E0F803001A00A8
:100B5000BB689A7000231800BD4606B080BDC04631
:100B60003FFFFF0080B584B000AF78607B681B68F2
:100B70000E4ADA60FCF79AF90300FB600AE0FCF722
:100B800095F90200FB68D21AFA239B009A4201D918
:100B9000032306E07B681B68DB6820221340EED04D
:100BA00000231800BD4604B080BDC0465F000100B0
:100BB00080B584B000AF78600F23FB1800221A7054
:100BC0007B681B68DB68402213402CD17B681B6864
:100BD000DA687B681B6880210A43DA60FCF766F9F3
:100BE0000300BB6014E0FCF761F90200BB68D21A95
:100BF0000F203B18391809781970FA239B009A4284
:100C000006D93B1803221A707B68292203219954C4
:100C10007B681B68DB684022134004D10F23FB185C
:100C20001B78032BDFD10F23FB181B781800BD4660
:100C300004B080BD90B585B000AF78600F243B193B
:100C400000221A701C4BDA681B4B80218A43DA6041
:100C5000194B9B69202213400DD17B681800FFF7C8
:100C600081FF031E21D07B682922032199543B195F
:100C700003221A7019E0104B9A690F4B20218A4306
:100C80009A617B681800FFF76DFF031E07D07B6831
:100C90002922032199540F23FB1803221A70064BB3
:100CA0009A69054B20210A439A610F23FB181B7890
:100CB0001800BD4605B090BD0028004080B584B046
:100CC00000AF0200FB1D1A700023FB600B23FB1812
:100CD000FA1D12781A7008E0FB680133FB600B22E2
:100CE000BB18BA1812780A3A1A700B217B181B78B5
:100CF000092BF1D8FB68DBB21B01DAB27B181B7839
:100D00001343DBB21800BD4604B080BD80B584B08B
:100D100000AF0200FB1D1A70FB1D1B781B09DBB224
:100D20001A0013009B009B185B00FB60FB68DAB2A3
:100D3000FB1D1B780F210B40DBB2D318DBB2180070
:100D4000BD4604B080BD80B586B000AFF860B96024
:100D50007A60FB681B681A00FB685B68D3187B61CC
:100D60007B690133FF333B61BB689B003A69D31851
:100D70003B613B697A681A60C046BD4606B080BDDB
:100D800080B584B000AF786039607B681B681A005A
:100D90007B685B68D318FB60FB680133FF33BB6083
:100DA0003B689B00BA68D318BB60BB681B6818001F
:100DB000BD4604B080BD80B582B000AF78607B686E
:100DC000002B01D101234AE07B683D229B5CDBB212
:100DD000002B07D17B683C22002199547B681800C6
:100DE00000F041F87B683D22022199547B681A6823
:100DF0007B6804331900100000F0D4FD7B684822A2
:100E0000012199547B683E22012199547B683F223D
:100E1000012199547B684022012199547B68412229
:100E2000012199547B684222012199547B68432215
:100E3000012199547B684422012199547B68452201
:100E4000012199547B684622012199547B684722ED
:100E5000012199547B683D220121995400231800F7
:100E6000BD4602B080BD80B582B000AF7860C0469C
:100E7000BD4602B080BD000080B584B000AF786090
:100E80007B683D229B5CDBB2012B01D001233FE05C
:100E90007B683D22022199547B681B681E4A93425D
:100EA00014D07B681A688023DB059A420ED07B68D9
:100EB0001B681A4A934209D07B681B68184A934200
:100EC00004D07B681B68174A934216D17B681B6865
:100ED0009B68154A1340FB60FB68062B16D0FA6826
:100EE00080235B029A4211D07B681B681A687B687A
:100EF0001B6801210A431A6008E07B681B681A68B6
:100F00007B681B6801210A431A6000E0C046002389
:100F10001800BD4604B080BD002C01400004004014
:100F200000080040004001400700010080B582B089
:100F300000AF78607B68002B01D101234AE07B6819
:100F40003D229B5CDBB2002B07D17B683C22002159
:100F500099547B68180000F041F87B683D2202211B
:100F600099547B681A687B6804331900100000F0FC
:100F700019FD7B684822012199547B683E2201219A
:100F800099547B683F22012199547B6840220121BA
:100F900099547B684122012199547B6842220121A6
:100FA00099547B684322012199547B684422012192
:100FB00099547B684522012199547B68462201217E
:100FC00099547B684722012199547B683D22012175
:100FD000995400231800BD4602B080BD80B582B090
:100FE00000AF7860C046BD4602B080BD80B584B019
:100FF00000AF786039603B68002B08D17B683E22E7
:101000009B5CDBB2013B5A1E9341DBB237E03B688D
:10101000042B08D17B683F229B5CDBB2013B5A1E4C
:101020009341DBB22BE03B68082B08D17B68402260
:101030009B5CDBB2013B5A1E9341DBB21FE03B6875
:101040000C2B08D17B6841229B5CDBB2013B5A1E12
:101050009341DBB213E03B68102B08D17B6842223E
:101060009B5CDBB2013B5A1E9341DBB207E07B681D
:1010700043229B5CDBB2013B5A1E9341DBB2002B47
:1010800001D0012390E03B68002B04D17B683E2215
:101090000221995423E03B68042B04D17B683F2252
:1010A000022199541BE03B68082B04D17B68402245
:1010B0000221995413E03B680C2B04D17B68412238
:1010C000022199540BE03B68102B04D17B6842222B
:1010D0000221995403E07B684322022199547B68E2
:1010E0001B6839680122180001F054F87B681B68FE
:1010F0002F4A93420ED07B681B682E4A934209D038
:101100007B681B682C4A934204D07B681B682B4A7F
:10111000934201D1012300E00023002B08D07B681B
:101120001B685A6C7B681B68802109020A435A6459
:101130007B681B681E4A934214D07B681A68802320
:10114000DB059A420ED07B681B681D4A934209D08A
:101150007B681B681B4A934204D07B681B68154A56
:10116000934216D17B681B689B68174A1340FB604B
:10117000FB68062B16D0FA6880235B029A4211D0D6
:101180007B681B681A687B681B6801210A431A6028
:1011900008E07B681B681A687B681B6801210A43AA
:1011A0001A6000E0C04600231800BD4604B080BDB0
:1011B000002C014000400140004401400048014033
:1011C00000040040000800400700010080B582B024
:1011D00000AF786039607B681B68396800221800AE
:1011E00000F0D8FF7B681B68374A93420ED07B68BB
:1011F0001B68364A934209D07B681B68344A934285
:1012000004D07B681B68334A934201D1012300E07C
:101210000023002B13D07B681B681B6A2E4A1340E7
:101220000DD17B681B681B6A2C4A134007D17B6871
:101230001B685A6C7B681B6829490A405A647B68A2
:101240001B681B6A244A13400DD17B681B681B6A0C
:10125000224A134007D17B681B681A687B681B68A9
:1012600001218A431A603B68002B04D17B683E222F
:101270000121995423E03B68042B04D17B683F2271
:10128000012199541BE03B68082B04D17B68402264
:101290000121995413E03B680C2B04D17B68412257
:1012A000012199540BE03B68102B04D17B6842224A
:1012B0000121995403E07B684322012199540023C2
:1012C0001800BD4602B080BD002C01400040014026
:1012D0000044014000480140111100004404000096
:1012E000FF7FFFFF80B586B000AFF860B9607A601D
:1012F0001723FB1800221A70FB683C229B5C012B11
:1013000001D1022348E0FB683C22012199547B680B
:10131000142B35D87B689A00214BD3181B689F4645
:10132000FB681B68BA681100180000F0D3FB2CE0C2
:10133000FB681B68BA681100180000F055FC24E037
:10134000FB681B68BA681100180000F0D1FC1CE0B3
:10135000FB681B68BA681100180000F051FD14E02A
:10136000FB681B68BA681100180000F0B3FD0CE0C0
:10137000FB681B68BA681100180000F00BFE04E05F
:101380001723FB1801221A70C046FB683C2200217B
:1013900099541723FB181B781800BD4606B080BD72
:1013A0005CE3020880B586B000AFF860B9607A608F
:1013B0001723FB1800221A70FB683C229B5C012B50
:1013C00001D10223E5E0FB683C22012199547B68AE
:1013D000142B00D9D1E07B689A00704BD3181B689E
:1013E0009F46FB681B68BA681100180000F072FB8A
:1013F000FB681B689A69FB681B6808210A439A61AD
:10140000FB681B689A69FB681B6804218A439A6120
:10141000FB681B689969BB681A69FB681B680A430B
:101420009A61AFE0FB681B68BA681100180000F011
:10143000DBFBFB681B689A69FB681B68802109015C
:101440000A439A61FB681B689A69FB681B685449E8
:101450000A409A61FB681B689969BB681B691A029C
:10146000FB681B680A439A618CE0FB681B68BA68DA
:101470001100180000F03CFCFB681B68DA69FB688F
:101480001B6808210A43DA61FB681B68DA69FB689C
:101490001B6804218A43DA61FB681B68D969BB6851
:1014A0001A69FB681B680A43DA616BE0FB681B681A
:1014B000BA681100180000F0A3FCFB681B68DA6929
:1014C000FB681B68802109010A43DA61FB681B681D
:1014D000DA69FB681B6832490A40DA61FB681B68FD
:1014E000D969BB681B691A02FB681B680A43DA6189
:1014F00048E0FB681B68BA681100180000F0EAFCBD
:10150000FB681B685A6DFB681B6808210A435A6513
:10151000FB681B685A6DFB681B6804218A435A6587
:10152000FB681B68596DBB681A69FB681B680A4336
:101530005A6527E0FB681B68BA681100180000F0C4
:1015400029FDFB681B685A6DFB681B688021090137
:101550000A435A65FB681B685A6DFB681B68104993
:101560000A405A65FB681B68596DBB681B691A0203
:10157000FB681B680A435A6504E01723FB18012225
:101580001A70C046FB683C22002199541723FB18AF
:101590001B781800BD4606B080BDC046B0E3020807
:1015A000FFFBFFFF80B586B000AFF860B9607A60DE
:1015B0001723FB1800221A70FB683C229B5C012B4E
:1015C00001D102230EE1FB683C2201219954FB6802
:1015D0003D2202219954BB685B68802292059342A8
:1015E0002FD080229205934254D8022B14D9802206
:1015F000520593424ED1FB681B689A68FB681B68D2
:101600007A490A409A60FB681B681A6DFB681B6880
:1016100001218A431A6542E0FB681B689A68FB68EF
:101620001B6808218A439A60FB681B681B6D0122B6
:1016300093431900BB685A68FB681B680A431A6524
:101640002DE0BB68DB68002B09D0FB683D2201213F
:101650009954FB683C22002199540123C2E0FB68A5
:101660001868BB68D968BB689A68BB681B6900F0DA
:1016700071FDFB681B689A68FB681B6808210A43B8
:101680009A60FB681B681A6DFB681B6801218A431E
:101690001A6504E01723FB1801221A70C0461723AD
:1016A000FB181B78002B00D091E07B68142B00D92D
:1016B0008CE07B689A004E4BD3181B689F46BB6832
:1016C0001B68002B08D0FB681B689A69FB681B68C5
:1016D00080210A439A617AE0FB681B689A69FB687B
:1016E0001B6880218A439A6171E0BB681B68002BEC
:1016F00009D0FB681B689A69FB681B688021090296
:101700000A439A6163E0FB681B689A69FB681B687F
:1017100038490A409A615AE0BB681B68002B08D020
:10172000FB681B68DA69FB681B6880210A43DA6181
:101730004DE0FB681B68DA69FB681B6880218A43FF
:10174000DA6144E0BB681B68002B09D0FB681B68AA
:10175000DA69FB681B68802109020A43DA6136E016
:10176000FB681B68DA69FB681B6822490A40DA617A
:101770002DE0BB681B68002B08D0FB681B685A6D06
:10178000FB681B6880210A435A6520E0FB681B68E0
:101790005A6DFB681B6880218A435A6517E0BB6855
:1017A0001B68002B09D0FB681B685A6DFB681B681F
:1017B000802109020A435A6509E0FB681B685A6DDB
:1017C000FB681B680B490A405A6500E0C046FB688D
:1017D0003D2201219954FB683C2200219954172392
:1017E000FB181B781800BD4606B080BDF700FFFF50
:1017F00004E40208FF7FFFFF80B584B000AF78608B
:1018000039600F23FB1800221A707B683C229B5C16
:10181000012B01D10223BCE07B683C2201219954B9
:101820007B683D22022199547B681B689B68BB60E2
:10183000BB685A4A1340BB60BB68594A1340BB603F
:101840007B681B68BA689A603B681B6880229201BB
:10185000934240D080229201934200D988E08022B6
:101860005201934200D188E080225201934200D974
:101870007EE0702B18D000D97AE0602B4FD000D9D1
:1018800076E0502B3BD000D972E0402B57D000D9E6
:101890006EE0302B63D06BD8202B60D068D8002B43
:1018A0005DD0102B5BD063E07B6818683B6899685B
:1018B0003B685A683B68DB6800F04CFC7B681B683F
:1018C0009B68BB60BB6877221343BB607B681B6867
:1018D000BA689A6052E07B6818683B6899683B6810
:1018E0005A683B68DB6800F035FC7B681B689A68C7
:1018F0007B681B688021C9010A439A603EE07B68CF
:1019000018683B6859683B68DB681A0000F0A6FB62
:101910007B681B685021180000F000FC2EE07B68FB
:1019200018683B6859683B68DB681A0000F0C4FB24
:101930007B681B686021180000F0F0FB1EE07B68EC
:1019400018683B6859683B68DB681A0000F086FB42
:101950007B681B684021180000F0E0FB0EE07B680C
:101960001A683B681B681900100000F0D7FB05E0FF
:101970000F23FB1801221A7000E0C0467B683D224D
:10198000012199547B683C22002199540F23FB18B4
:101990001B781800BD4604B080BDC04688FFCEFF4E
:1019A000FF00FFFF80B584B000AF786039607B68CE
:1019B0001B68FB607B683F4A93420CD07A688023A7
:1019C000DB059A4207D07B683B4A934203D07B6891
:1019D0003A4A934208D1FB6870229343FB603B680C
:1019E0005B68FA681343FB607B68324A93421CD001
:1019F0007A688023DB059A4217D07B682E4A93428F
:101A000013D07B682D4A93420FD07B682C4A9342B7
:101A10000BD07B682B4A934207D07B682A4A9342BB
:101A200003D07B68294A934208D1FB68284A1340B7
:101A3000FB603B68DB68FA681343FB60FB6880224D
:101A400093431A003B685B691343FB607B68FA6849
:101A50001A603B689A687B68DA623B681A687B6840
:101A60009A627B68134A93420BD07B68154A934273
:101A700007D07B68144A934203D07B68134A934291
:101A800003D13B681A697B681A637B6801225A613B
:101A90007B681B6901221340012B06D17B681B69FF
:101AA000012293431A007B681A61C046BD4604B008
:101AB00080BDC046002C01400004004000080040EA
:101AC0000020004000400140004401400048014027
:101AD000FFFCFFFF80B586B000AF786039607B689F
:101AE0001B6A7B617B681B6A012293431A007B6837
:101AF0001A627B685B683B617B689B69FB60FB6883
:101B0000324A1340FB60FB6803229343FB603B684F
:101B10001B68FA681343FB607B69022293437B6175
:101B20003B689B687A6913437B617B68284A9342D0
:101B30000BD07B68274A934207D07B68264A9342A2
:101B400003D07B68254A93420CD17B6908229343DA
:101B50007B613B68DB687A6913437B617B690422A4
:101B600093437B617B681A4A93420BD07B68194A86
:101B7000934207D07B68184A934203D07B68174A88
:101B8000934211D13B69164A13403B613B69154AA8
:101B900013403B613B685B693A6913433B613B68B7
:101BA0009B693A6913433B617B683A695A607B6879
:101BB000FA689A613B685A687B685A637B687A69FD
:101BC0001A62C046BD4606B080BDC0468FFFFEFF0C
:101BD000002C014000400140004401400048014009
:101BE000FFFEFFFFFFFDFFFF80B586B000AF78600E
:101BF00039607B681B6A7B617B681B6A1022934398
:101C00001A007B681A627B685B683B617B689B6932
:101C1000FB60FB682E4A1340FB60FB682D4A1340B3
:101C2000FB603B681B681B02FA681343FB607B691F
:101C3000202293437B613B689B681B017A691343B5
:101C40007B617B68244A93420DD17B698022934358
:101C50007B613B68DB681B017A6913437B617B69AD
:101C6000402293437B617B681B4A93420BD07B6885
:101C70001A4A934207D07B68194A934203D07B6883
:101C8000184A934213D13B69174A13403B613B69A1
:101C9000164A13403B613B685B699B003A691343FA
:101CA0003B613B689B699B003A6913433B617B68DE
:101CB0003A695A607B68FA689A613B685A687B683F
:101CC0009A637B687A691A62C046BD4606B080BDD9
:101CD000FF8FFFFEFFFCFFFF002C01400040014092
:101CE0000044014000480140FFFBFFFFFFF7FFFFFA
:101CF00080B586B000AF786039607B681B6A7B6115
:101D00007B681B6A334A1A407B681A627B685B688F
:101D10003B617B68DB69FB60FB682F4A1340FB601B
:101D2000FB6803229343FB603B681B68FA6813431C
:101D3000FB607B69294A13407B613B689B681B02FF
:101D40007A6913437B617B68254A93420DD17B6995
:101D5000244A13407B613B68DB681B027A691343AA
:101D60007B617B69204A13407B617B681C4A9342FC
:101D70000BD07B681D4A934207D07B681C4A934274
:101D800003D07B681B4A934213D13B691A4A134024
:101D90003B613B69194A13403B613B685B691B012E
:101DA0003A6913433B613B689B691B013A691343E2
:101DB0003B617B683A695A607B68FA68DA613B6824
:101DC0005A687B68DA637B687A691A62C046BD46E6
:101DD00006B080BDFFFEFFFF8FFFFEFFFFFDFFFF90
:101DE000002C0140FFF7FFFFFFFBFFFF0040014019
:101DF0000044014000480140FFEFFFFFFFDFFFFF0D
:101E000080B586B000AF786039607B681B6A3B6143
:101E10007B681B6A264A1A407B681A627B685B688B
:101E20007B617B68DB69FB60FB68224A1340FB60D7
:101E3000FB68214A1340FB603B681B681B02FA6881
:101E40001343FB603B691D4A13403B613B689B6841
:101E50001B033A6913433B617B68194A93420BD0D9
:101E60007B68184A934207D07B68174A934203D095
:101E70007B68164A934209D17B69154A13407B61FE
:101E80003B685B699B017A6913437B617B687A6974
:101E90005A607B68FA68DA613B685A687B681A6442
:101EA0007B683A691A62C046BD4606B080BDC0462E
:101EB000FFEFFFFFFF8FFFFEFFFCFFFFFFDFFFFFD6
:101EC000002C014000400140004401400048014016
:101ED000FFBFFFFF80B586B000AF786039607B68D8
:101EE0001B6A3B617B681B6A234A1A407B681A6243
:101EF0007B685B687B617B685B6DFB60FB681F4A8E
:101F00001340FB603B681B68FA681343FB603B6946
:101F10001B4A13403B613B689B681B043A691343AF
:101F20003B617B68174A93420BD07B68164A934209
:101F300007D07B68154A934203D07B68144A9342CA
:101F400009D17B690C4A13407B613B685B691B02CA
:101F50007A6913437B617B687A695A607B68FA68A7
:101F60005A653B685A687B689A657B683A691A6269
:101F7000C046BD4606B080BDFFFFFEFF8FFFFEFFDF
:101F8000FFFFFDFF002C01400040014000440140E4
:101F90000048014080B586B000AF786039607B684A
:101FA0001B6A3B617B681B6A244A1A407B681A6281
:101FB0007B685B687B617B685B6DFB60FB68204ACC
:101FC0001340FB603B681B681B02FA681343FB600D
:101FD0003B691C4A13403B613B689B681B053A699F
:101FE00013433B617B68184A93420BD07B68174AC6
:101FF000934207D07B68164A934203D07B68154A08
:10200000934209D17B69144A13407B613B685B6949
:102010009B027A6913437B617B687A695A607B68AB
:10202000FA685A653B685A687B68DA657B683A6982
:102030001A62C046BD4606B080BDC046FFFFEFFF36
:10204000FF8FFFFEFFFFDFFF002C0140004001403B
:102050000044014000480140FFFFFBFF80B586B00F
:1020600000AFF860B9607A60FB681B6A7B61FB684F
:102070001B6A012293431A00FB681A62FB689B6982
:102080003B613B69F02293433B617B681B013A69EA
:1020900013433B617B690A2293437B617A69BB6886
:1020A00013437B61FB683A699A61FB687A691A623B
:1020B000C046BD4606B080BD80B586B000AFF860B2
:1020C000B9607A60FB681B6A7B61FB681B6A10223F
:1020D00093431A00FB681A62FB689B693B613B698A
:1020E0000D4A13403B617B681B033A6913433B6114
:1020F0007B69A02293437B61BB681B017A69134310
:102100007B61FB683A699A61FB687A691A62C0462A
:10211000BD4606B080BDC046FF0FFFFF80B584B04E
:1021200000AF786039607B689B68FB60FB68084A99
:102130001340FB603A68FB68134307221343FB60BC
:102140007B68FA689A60C046BD4604B080BDC04650
:102150008FFFCFFF80B586B000AFF860B9607A60BE
:102160003B60FB689B687B617B69094A13407B612C
:102170003B681A027B681A43BB6813437A691343AE
:102180007B61FB687A699A60C046BD4606B080BD37
:10219000FF00FFFF80B586B000AFF860B9607A60DD
:1021A000BB681F22134001229A4013007B61FB6829
:1021B0001B6A7A69D2431A40FB681A62FB681A6A82
:1021C000BB681F210B40796899400B001A43FB68DC
:1021D0001A62C046BD4606B080BD000080B584B01E
:1021E00000AF786039607B683C229B5C012B01D199
:1021F00002235AE07B683C22012199547B683D22EE
:10220000022199547B681B685B68FB607B681B68D4
:102210009B68BB607B681B68264A934208D1FB68B9
:10222000254A1340FB603B685B68FA681343FB6018
:10223000FB6870229343FB603B681B68FA6813439A
:10224000FB607B681B68FA685A607B681B68194AE8
:10225000934214D07B681A688023DB059A420ED023
:102260007B681B68154A934209D07B681B68144A37
:10227000934204D07B681B68124A93420CD1BB681E
:1022800080229343BB603B689B68BA681343BB6082
:102290007B681B68BA689A607B683D22012199546B
:1022A0007B683C220021995400231800BD4604B0ED
:1022B00080BDC046002C0140FFFF0FFF000400401E
:1022C000000800400040014080B582B000AF786057
:1022D0007B68002B01D1012346E07B6888229B5854
:1022E000002B07D17B688422002199547B68180059
:1022F000F3F76AF97B688822242199507B681B6870
:102300001A687B681B6801218A431A607B689B6A94
:10231000002B03D07B68180001F0D8F87B68180008
:1023200000F07EFD0300012B01D101231CE07B683E
:102330001B685A687B681B680D490A405A607B68B5
:102340001B689A687B681B682A218A439A607B68AD
:102350001B681A687B681B6801210A431A607B6846
:10236000180001F067F903001800BD4602B080BDF7
:10237000FFB7FFFF80B582B000AF78607B68002BAD
:1023800001D1012332E07B688822242199507B68A7
:102390001B681A687B681B6801218A431A607B6886
:1023A0001B6800221A607B681B6800225A607B68E9
:1023B0001B6800229A607B68180000F01BF87B689D
:1023C0009022002199507B688822002199507B68D7
:1023D0008C22002199507B680022DA667B680022FB
:1023E0001A677B6884220021995400231800BD4697
:1023F00002B080BD80B582B000AF7860C046BD46F7
:1024000002B080BD80B58AB002AFF860B9603B60B1
:10241000BB1D1A80FB6888229B58202B00D090E0BF
:10242000BB68002B03D0BB1D1B88002B01D10123EF
:1024300088E0FB689A6880235B019A4209D1FB68B7
:102440001B69002B05D1BB680122134001D0012379
:1024500078E0FB68902200219950FB6888222121B6
:102460009950FAF723FD03007B61FB68BA1D5421E4
:1024700012885A52FB68BA1D562112885A52FB68BC
:102480009A6880235B019A4208D1FB681B69002B84
:1024900004D10023FB61BB68BB6103E0BB68FB6147
:1024A0000023BB6130E07A69F8683B680093130051
:1024B0000022802101F068F9031E05D0FB68882204
:1024C0002021995003233DE0FB69002B0BD1BB6910
:1024D0001B881A00FB681B68D205D20D9A62BB6983
:1024E0000233BB6107E0FB691A78FB681B689A62DC
:1024F000FB690133FB61FB6856229B5A9BB2013B8F
:1025000099B2FB6856229952FB6856229B5A9BB29D
:10251000002BC8D17A69F8683B6800931300002249
:10252000402101F031F9031E05D0FB6888222021EB
:102530009950032306E0FB6888222021995000234C
:1025400000E002231800BD4608B080BD80B58CB005
:1025500000AFF860B960BB1D1A80FB6888229B58E9
:10256000202B00D08DE0BB68002B03D0BB1D1B8847
:10257000002B01D1012385E0FB689A6880235B0171
:102580009A4209D1FB681B69002B05D1BB68012267
:10259000134001D0012375E0FB68BA681A65FB6837
:1025A000BA1D542112885A52FB68BA1D562112884E
:1025B0005A52FB6800229A67FB68902200219950CA
:1025C000FB68882221219950FB685A6E80239B0565
:1025D0009A422AD1FB689A6880235B019A4207D10C
:1025E000FB681B69002B03D1FB68284A9A6702E04D
:1025F000FB68274A9A67EFF31083FB61FB69BB62B4
:1026000001233B623B6A83F31088C046FB681B686A
:102610009A68FB681B68802109040A439A60BB6AB8
:102620007B627B6A83F3108829E0FB689A688023C9
:102630005B019A4207D1FB681B69002B03D1FB6841
:10264000144A9A6702E0FB68134A9A67EFF3108313
:102650003B613B69FB6201237B617B6983F31088EB
:10266000C046FB681B681A68FB681B6880210A4328
:102670001A60FB6ABB61BB6983F31088C046002304
:1026800000E002231800BD460CB080BD853F020863
:10269000993E0208DB3D0208273D020880B58CB058
:1026A00000AF78607B6888229B58FB627B688C2235
:1026B0009B58BB627B681B689B6880221340802B01
:1026C00038D1FB6A212B35D1EFF310837B617B6915
:1026D0007B620123BB61BB6983F31088C0467B68C2
:1026E0001B689A687B681B6880218A439A607B6AB2
:1026F000FB61FB6983F31088C0467B68DB6F002BAE
:1027000014D07B68DB6F1800FCF730F9031E0DD086
:102710007B68DB6F1800FCF7B5FA0300202B05D1AE
:102720007B68902210219950032347E07B681800B2
:1027300001F040F97B681B689B6840221340402BE6
:102740003BD1BB6A222B38D1EFF31083BB60BB684F
:102750003B620123FB60FB6883F31088C0467B6803
:102760001B689A687B681B6840218A439A603B6AB1
:102770003B613B6983F31088C0467B6880229B588D
:10278000002B16D07B6880229B581800FCF7EEF8CF
:10279000031E0ED07B6880229B581800FCF772FA4B
:1027A0000300202B05D17B68902210219950032330
:1027B00004E07B68180001F03DF900231800BD46D5
:1027C0000CB080BDB0B5AAB000AF78607B681B6864
:1027D000DB69A422B9180B607B681B681B68A0200A
:1027E00039180B607B681B689B689C2439190B6047
:1027F0001100BB181B68A24A13409822BD182B6019
:10280000BB181B68002B1AD17B181B6820221340B1
:1028100015D03B181B682022134005D13B191A68BC
:1028200080235B0513400AD07B685B6F002B00D1CF
:10283000DCE27B685B6F7A6810009847D6E29823E9
:10284000FB181B68002B00D122E19C23FB181B689E
:102850008C4A134006D1A023FB181B688A4A1340F8
:1028600000D115E1A423FB181B680122134012D0EC
:10287000A023FB181A6880235B0013400BD07B68F1
:102880001B6801221A627B6890229B5801221A431E
:102890007B6890215A50A423FB181B680222134026
:1028A00011D09C23FB181B68012213400BD07B68BE
:1028B0001B6802221A627B6890229B5804221A43EA
:1028C0007B6890215A50A423FB181B6804221340F4
:1028D00011D09C23FB181B68012213400BD07B688E
:1028E0001B6804221A627B6890229B5802221A43BA
:1028F0007B6890215A50A423FB181B6808221340C0
:1029000017D0A023FB181B682022134005D19C235D
:10291000FB181B685B4A13400BD07B681B680822BE
:102920001A627B6890229B5808221A437B68902188
:102930005A50A423FB181A6880231B01134013D09C
:10294000A023FB181A688023DB0413400CD07B689B
:102950001B68802212011A627B6890229B582022F9
:102960001A437B6890215A507B6890229B58002B19
:1029700000D13DE2A423FB181B682022134015D090
:10298000A023FB181B682022134006D19C23FB18B0
:102990001A6880235B05134008D07B685B6F002BAF
:1029A00004D07B685B6F7A68100098477B68902240
:1029B0009B5894217A1813607B681B689B6840229F
:1029C0001340402B04D07B181B68282213404CD0A6
:1029D0007B68180001F02EF87B681B689B6840221A
:1029E0001340402B3CD1EFF310833B663B6E9020AD
:1029F0003A18136001237B667B6E83F31088C04610
:102A00007B681B689A687B681B6840218A439A60D0
:102A10003B181B68BB66BB6E83F31088C0467B689F
:102A200080229B58002B16D07B6880229B58174A27
:102A30009A637B6880229B581800FBF7F7FF031E00
:102A40001CD07B6880229B589B6B7A6880215258EF
:102A50001000984712E07B681800F1F7E1FD0DE0E7
:102A60007B681800F1F7DCFD08E07B681800F1F7DF
:102A7000D7FD7B68902200219950B9E1C046B7E1AB
:102A80000F0800000100001020010004F93C0208BA
:102A90007B68DB6E012B00D03EE1A423FB181B6892
:102AA0001022134000D137E1A023FB181B6810222D
:102AB000134000D130E17B681B6810221A627B68EA
:102AC0001B689B6840221340402B00D0A4E07B6829
:102AD00080229B581B685A687E217B181A807B18BD
:102AE0001B88002B00D185E17B685C229B5A7A18F9
:102AF00012889A4200D37DE17B687A185E211288A1
:102B00005A527B6880229B581B681B682022134006
:102B100070D1EFF310833B633B6BBB6701237B6397
:102B20007B6B83F31088C0467B681B681A687B68E0
:102B30001B68B4490A401A60BB6FBB63BB6B83F36D
:102B40001088C046EFF31083FB63FB6B7B670123A8
:102B50003B643B6C83F31088C0467B681B689A68B3
:102B60007B681B6801218A439A607B6F7B647B6C66
:102B700083F31088C046EFF31083BB64BB6C3B67E4
:102B80000123FB64FB6C83F31088C0467B681B68E1
:102B90009A687B681B6840218A439A603B6F3B655B
:102BA0003B6D83F31088C0467B688C2220219950AE
:102BB0007B680022DA66EFF310837B657B6DFB6632
:102BC0000123BB65BB6D83F31088C0467B681B681F
:102BD0001A687B681B6810218A431A60FB6EFB65CC
:102BE000FB6D83F31088C0467B6880229B581800D9
:102BF000FBF7BCFE7B6802221A677B685C229A5A4C
:102C00007B685E215B5A9BB2D31A9AB27B68110033
:102C10001800F1F7B5FAEDE07B685C22995A7B6801
:102C20005E229B5A9AB28E203B188A1A1A807B68C1
:102C30005E229B5A9BB2002B00D1DDE03B181B8823
:102C4000002B00D1D8E0EFF31083FB60FB688824F1
:102C50003A19136001233B613B6983F31088C04636
:102C60007B681B681A687B681B6867490A401A60A2
:102C70003B191B687B617B6983F31088C046EFF3C7
:102C80001083BB61BB6984243A1913600123FB6183
:102C9000FB6983F31088C0467B681B689A687B6871
:102CA0001B685A490A409A603B191B683B623B6AA1
:102CB00083F31088C0467B688C22202199507B6862
:102CC0000022DA667B6800225A67EFF310837B628A
:102CD0007B6A80243A1913600123BB62BB6A83F3C9
:102CE0001088C0467B681B681A687B681B681021C7
:102CF0008A431A603B191B68FB62FB6A83F31088E6
:102D0000C0467B6802221A673B181A887B6811004C
:102D10001800F1F735FA6FE0A423FB181A68802336
:102D20005B03134010D09C23FB181A688023DB033D
:102D3000134009D07B681B68802252031A627B68AB
:102D40001800F1F7DFFC5AE0A423FB181B6880226F
:102D5000134016D0A023FB181B688022134006D115
:102D60009C23FB181A6880231B04134009D07B683E
:102D70009B6F002B42D07B689B6F7A68100098474E
:102D80003CE0A423FB181B68402213400AD0A02378
:102D9000FB181B684022134004D07B68180001F028
:102DA0006BF92CE0A423FB181A6880231B04134042
:102DB0000BD0A023FB181A688023DB05134004D036
:102DC0007B68180001F08CF919E0A423FB181A683D
:102DD00080235B04134012D0A023FB181B68002B38
:102DE0000DDA7B68180001F073F908E0C04606E0D0
:102DF000C04604E0C04602E0C04600E0C046BD4612
:102E00002AB0B0BDFFFEFFFFDFFEFFFFFEFFFFEFBA
:102E100080B582B000AF7860C046BD4602B080BDCC
:102E2000B0B590B000AF78621A2320229B18DB194E
:102E300000221A707B6A9A687B6A1B691A437B6A54
:102E40005B691A437B6ADB691343FB637B6A1B681C
:102E50001B68C14A134019007B6A1A68FB6B0B435D
:102E600013607B6A1B685B68BC4A134018007B6A6E
:102E7000D9687B6A1A6803000B4353607B6A9B69BD
:102E8000FB637B6A1B68B64A934209D07B6A1B6866
:102E9000B44A934204D07B6A1B6AFA6B1343FB6308
:102EA0007B6A1B689B68B04A134019007B6A1A68EA
:102EB000FB6B0B4393607B6A1B68DB6A0F229343B7
:102EC00018007B6A596A7B6A1A6803000B43D36255
:102ED0007B6A1B68A54A934231D1A54B5B6D0322E7
:102EE0001340032B1DD023D8022B0CD020D8002B4D
:102EF00002D0012B0ED01BE01B2320229B18DB19D4
:102F000000221A7054E11B2320229B18DB19022295
:102F10001A704DE11B2320229B18DB1904221A7022
:102F200046E11B2320229B18DB1908221A703FE17F
:102F30001B2320229B18DB1910221A7038E17B6AB0
:102F40001B688C4A934231D1894B5B6D0C22134034
:102F50000C2B1DD023D8082B0CD020D8002B02D04E
:102F6000042B0ED01BE01B2320229B18DB19002210
:102F70001A701DE11B2320229B18DB1902221A70F4
:102F800016E11B2320229B18DB1904221A700FE183
:102F90001B2320229B18DB1908221A7008E11B232F
:102FA00020229B18DB1910221A7001E17B6A1B6832
:102FB000714A934231D16E4B5B6D30221340302BFE
:102FC0001DD023D8202B0CD020D8002B02D0102BC2
:102FD0000ED01BE01B2320229B18DB1900221A7045
:102FE000E6E01B2320229B18DB1902221A70DFE087
:102FF0001B2320229B18DB1904221A70D8E01B2304
:1030000020229B18DB1908221A70D1E01B232022F2
:103010009B18DB1910221A70CAE07B6A1B68574A9A
:10302000934206D11B2320229B18DB1900221A7021
:10303000BEE07B6A1B68524A934206D11B232022C2
:103040009B18DB1900221A70B2E07B6A1B684D4A9C
:10305000934206D11B2320229B18DB1900221A70F1
:10306000A6E07B6A1B683E4A93423ED1404B5A6DB4
:10307000C0231B011340C0221201934227D0C0225B
:10308000120193422AD880221201934211D0802249
:103090001201934222D8002B04D08022D200934206
:1030A0000ED01BE01B2320229B18DB1900221A7074
:1030B0007EE01B2320229B18DB1902221A7077E086
:1030C0001B2320229B18DB1904221A7070E01B239B
:1030D00020229B18DB1908221A7069E01B2320228A
:1030E0009B18DB1910221A7062E07B6A1B681D4A6C
:1030F000934257D11E4B5A6DC0239B001340C022F0
:103100009200934240D0C0229200934243D8802242
:103110009200934211D08022920093423BD8002B20
:1031200004D08022520093420ED034E01B23202290
:103130009B18DB1900221A703AE01B2320229B18EF
:10314000DB1902221A7033E01B2320229B18DB19A3
:1031500004221A702CE0C046F369FFCFFFCFFFFFB7
:103160000080004000840040FFF4FF11003801405F
:10317000001002400044004000480040004C004065
:1031800000500040003C01401B2320229B18DB190B
:1031900008221A700CE01B2320229B18DB19102236
:1031A0001A7005E01B2320229B18DB1910221A70CD
:1031B0007B6A1B68C14A934205D07B6A1B68C04A80
:1031C000934200D093E01B2320229B18DB191B782D
:1031D000082B15D018DC042B0DD015DC002B02D0E9
:1031E000022B05D010E0FCF749FF03007B6314E0DD
:1031F000B44B7B6311E0FCF7B5FE03007B630CE08E
:1032000080231B027B6308E000237B631A232022B8
:103210009B18DB1901221A70C0467B6B002B00D172
:1032200035E17B6A5A6AA84B5200D35A1900786B71
:10323000DCF790FF0300BB627B6A5A6813005B00F7
:103240009B18BA6A9A4205D37B6A5B681B03BA6A09
:103250009A4206D91A2320229B18DB1901221A70E0
:1032600044E07B6BBB610023FB617B6A5A6A964B2F
:103270005200D35A3B6100237B613A697B69B8698C
:10328000F969DDF755F902000B00110E1D020D431F
:1032900014027B6A5B685B08BB600023FB60B86854
:1032A000F968001969417B6A5B683B6000237B60B9
:1032B0003A687B68DDF73CF902000B0013003B63C2
:1032C0003A6BC0239B009A4209D33A6B80235B037D
:1032D0009A4204D27B6A1B683A6BDA6006E01A23D2
:1032E00020229B18DB1901221A70D0E0CFE07B6A04
:1032F000DA6980231B029A4200D070E01B2320224F
:103300009B18DB191B78082B15D018DC042B0DD06B
:1033100015DC002B02D0022B05D010E0FCF7AEFE2E
:1033200003007B6314E0674B7B6311E0FCF71AFE3C
:1033300003007B630CE080231B027B6308E0002317
:103340007B631A2320229B18DB1901221A70C046C6
:103350007B6B002B00D19AE07B6A5A6A5A4B520071
:10336000D35A1900786BDCF7F5FE03005A007B6A2C
:103370005B685B08D2187B6A5B6819001000DCF799
:10338000E9FE03003B633B6B0F2B21D93A6B802393
:103390005B029A421CD23B6B9AB20E202024031986
:1033A000DB190F218A431A803B6B5B089BB2072213
:1033B000134099B20319DB190219D21912880A4372
:1033C0001A807B6A1B680219D2191288DA605EE0E3
:1033D0001A2320229B18DB1901221A7057E01B23A5
:1033E00020229B18DB191B78082B15D018DC042B26
:1033F0000DD015DC002B02D0022B05D010E0FCF71D
:103400003DFE03007B6314E02E4B7B6311E0FCF771
:10341000A9FD03007B630CE080231B027B6308E0B3
:1034200000237B631A2320229B18DB1901221A70C8
:10343000C0467B6B002B2AD07B6A5A6A224B520013
:10344000D35A1900786BDCF785FE03001A007B6AFB
:103450005B685B08D2187B6A5B6819001000DCF7B8
:1034600079FE03003B633B6B0F2B0AD93A6B802339
:103470005B029A4205D23B6B9AB27B6A1B68DA60A8
:1034800005E01A2320229B18DB1901221A707B6A9F
:103490006A22012199527B6A6822012199527B6A32
:1034A00000225A677B6A00229A671A2320229B18FF
:1034B000DB191B781800BD4610B0B0BD008000407D
:1034C000008400400024F40060E4020880B582B06B
:1034D00000AF78607B689B6A082213400BD07B6842
:1034E0001B685B684A4A134019007B689A6B7B68CB
:1034F0001B680A435A607B689B6A012213400BD009
:103500007B681B685B68434A134019007B68DA6A72
:103510007B681B680A435A607B689B6A02221340DF
:103520000BD07B681B685B683B4A134019007B68C3
:103530001A6B7B681B680A435A607B689B6A04228B
:1035400013400BD07B681B685B68344A134019003A
:103550007B685A6B7B681B680A435A607B689B6A6E
:10356000102213400BD07B681B689B682C4A1340C9
:1035700019007B68DA6B7B681B680A439A607B687A
:103580009B6A202213400BD07B681B689B68254AEE
:10359000134019007B681A6C7B681B680A439A60A9
:1035A0007B689B6A402213401DD07B681B685B6868
:1035B0001D4A134019007B685A6C7B681B680A43DC
:1035C0005A607B685A6C80235B039A420BD17B68FC
:1035D0001B685B68154A134019007B689A6C7B680E
:1035E0001B680A435A607B689B6A802213400BD099
:1035F0007B681B685B680E4A134019007B68DA6CB5
:103600007B681B680A435A60C046BD4602B080BD55
:10361000FF7FFFFFFFFFFDFFFFFFFEFFFFFFFBFF41
:10362000FFEFFFFFFFDFFFFFFFFFEFFFFFFF9FFF4A
:10363000FFFFF7FF80B592B002AF78607B68902201
:1036400000219950F9F732FC0300FB637B681B688B
:103650001B6808221340082B2DD1FB6B802291039D
:103660007868474A0092002200F08EF8031E22D0AC
:10367000EFF310837B627B6ABB630123BB62BB6A8F
:1036800083F31088C0467B681B681A687B681B68D8
:1036900080218A431A60BB6BFB62FB6A83F310884C
:1036A000C0467B688822202199507B6884220021B3
:1036B0009954032360E07B681B681B680422134055
:1036C000042B46D1FB6B8022D10378682C4A0092F0
:1036D000002200F059F8031E3BD0EFF31083FB608B
:1036E000FB687B6301233B613B6983F31088C04621
:1036F0007B681B681A687B681B6822490A401A604D
:103700007B6B7B617B6983F31088C046EFF310838A
:10371000BB61BB693B630123FB61FB6983F31088D9
:10372000C0467B681B689A687B681B6801218A43D6
:103730009A603B6B3B623B6A83F31088C0467B68B0
:103740008C22202199507B688422002199540323E4
:1037500012E07B688822202199507B688C222021EE
:1037600099507B680022DA667B6800221A677B68C2
:1037700084220021995400231800BD4610B080BD5A
:10378000FFFFFF01DFFEFFFF80B584B000AFF860F0
:10379000B9603B60FB1D1A7051E0BB6901334ED02C
:1037A000F9F784FB02003B68D31ABA699A4202D344
:1037B000BB69002B01D1032351E0FB681B681B6828
:1037C000042213403BD0BB68802B38D0BB68402B11
:1037D00035D0FB681B68DB6908221340082B11D128
:1037E000FB681B6808221A62FB68180000F022F9C7
:1037F000FB68902208219950FB688422002199548B
:1038000001232CE0FB681B68DA6980231B011A4046
:1038100080231B019A4212D1FB681B68802212018F
:103820001A62FB68180000F005F9FB68902220215D
:103830009950FB6884220021995403230FE0FB6810
:103840001B68DB69BA681340BA68D31A5A425341FD
:10385000DBB21A00FB1D1B789A429ED00023180091
:10386000BD4604B080BD000080B590B000AFF860E8
:10387000B960BB1D1A80FB68BA689A65FB68BA1DFF
:103880005C2112885A52FB68902200219950FB68F3
:103890008C2222219950FB6880229B58002B2DD02E
:1038A000FB6880229B58404ADA62FB6880229B5862
:1038B0003E4A1A63FB6880229B583D4A5A63FB6864
:1038C00080229B5800229A63FB6880229858FB68EC
:1038D0001B6824331900FB689B6D1A00BB1D1B88F5
:1038E000FAF7BEFF031E09D0FB6890221021995001
:1038F000FB688C2220219950012350E0FB681B6952
:10390000002B19D0EFF31083BB62BB6AFB6301236A
:10391000FB62FB6A83F31088C046FB681B681A6869
:10392000FB681B68802149000A431A60FB6B3B63FC
:103930003B6B83F31088C046EFF310833B613B6918
:10394000BB6301237B617B6983F31088C046FB68FE
:103950001B689A68FB681B6801210A439A60BB6B6D
:10396000BB61BB6983F31088C046EFF31083FB6132
:10397000FB697B6301233B623B6A83F31088C0468B
:10398000FB681B689A68FB681B6840210A439A60C1
:103990007B6B7B627B6A83F31088C0460023180030
:1039A000BD4610B080BDC046013B0208313C020854
:1039B000733C020880B58AB000AF7860EFF31083E3
:1039C000BB60BB687B620123FB60FB6883F31088EC
:1039D000C0467B681B681A687B681B68C0218A43E5
:1039E0001A607B6A3B613B6983F31088C046EFF342
:1039F00010837B617B693B620123BB61BB6983F3FD
:103A00001088C0467B681B689A687B681B680849F9
:103A10000A409A603B6AFB61FB6983F31088C046E9
:103A20007B68882220219950C046BD460AB080BDDF
:103A3000FFFF7FFF80B58EB000AF7860EFF310839B
:103A40007B617B697B630123BB61BB6983F3108866
:103A5000C0467B681B681A687B681B6826490A4059
:103A60001A607B6BFB61FB6983F31088C046EFF340
:103A700010833B623B6A3B6301237B627B6A83F377
:103A80001088C0467B681B689A687B681B681B4966
:103A90000A409A603B6BBB62BB6A83F31088C046E6
:103AA0007B68DB6E012B18D1EFF31083BB60BB6822
:103AB000FB620123FB60FB6883F31088C0467B68D0
:103AC0001B681A687B681B6810218A431A60FB6AAE
:103AD0003B613B6983F31088C0467B688C222021C0
:103AE00099507B680022DA667B6800225A67C046DC
:103AF000BD460EB080BDC046DFFEFFFFFEFFFFEFFC
:103B000080B594B000AF78607B689B6AFB647B688B
:103B10001B681B68202213406FD1FB6C5E220021C2
:103B20009952EFF31083BB61BB69BB640123FB6156
:103B3000FB6983F31088C046FB6C1B681A68FB6C3A
:103B40001B683A490A401A60BB6C3B623B6A83F3CC
:103B50001088C046EFF310837B627B6A7B6401238D
:103B6000BB62BB6A83F31088C046FB6C1B689A6813
:103B7000FB6C1B6801218A439A607B6CFB62FB6AC9
:103B800083F31088C046EFF310833B633B6B3B64C9
:103B900001237B637B6B83F31088C046FB6C1B683F
:103BA0009A68FB6C1B6840218A439A603B6CBB633C
:103BB000BB6B83F31088C046FB6C8C22202199508C
:103BC000FB6CDB6E012B18D1EFF31083FB60FB68FD
:103BD000FB6301233B613B6983F31088C046FB6CA8
:103BE0001B681A68FB6C1B6810218A431A60FB6B08
:103BF0007B617B6983F31088C046FB6C00221A67E7
:103C0000FB6CDB6E012B08D1FB6C5C229A5AFB6CBF
:103C100011001800F0F7B4FA03E0FB6C1800F0F79D
:103C200069FDC046BD4614B080BDC046FFFEFFFF23
:103C300080B584B000AF78607B689B6AFB60FB68EE
:103C400001221A67FB68DB6E012B0AD1FB685C223C
:103C50009B5A5B089AB2FB6811001800F0F790FAC3
:103C600003E0FB681800FFF7D3F8C046BD4604B078
:103C700080BD80B586B000AF78607B689B6A7B6151
:103C80007B6988229B583B617B698C229B58FB6037
:103C90007B691B689B6880221340802B0AD13B699B
:103CA000212B07D17B695622002199527B6918008C
:103CB000FFF780FE7B691B689B6840221340402B06
:103CC0000AD1FB68222B07D17B695E220021995221
:103CD0007B691800FFF7AEFE7B6990229B5810228B
:103CE0001A437B6990215A507B691800F0F798FCC1
:103CF000C046BD4606B080BD80B584B000AF7860D8
:103D00007B689B6AFB60FB685E2200219952FB681E
:103D1000562200219952FB681800F0F781FCC0463A
:103D2000BD4604B080BD80B58AB000AF78607B68C6
:103D300088229B58212B4CD17B6856229B5A9BB2E0
:103D4000002B32D1EFF31083BB60BB687B62012391
:103D5000FB60FB6883F31088C0467B681B681A68A9
:103D60007B681B6880218A431A607B6A3B613B69E0
:103D700083F31088C046EFF310837B617B693B625D
:103D80000123BB61BB6983F31088C0467B681B6855
:103D90001A687B681B6840210A431A603B6AFB6112
:103DA000FB6983F31088C04613E07B681B6D1A78AB
:103DB0007B681B689A627B681B6D5A1C7B681A655E
:103DC0007B6856229B5A9BB2013B99B27B68562274
:103DD0009952C046BD460AB080BD80B58CB000AFD8
:103DE00078607B6888229B58212B51D17B685622B2
:103DF0009B5A9BB2002B32D1EFF31083FB60FB6820
:103E0000BB6201233B613B6983F31088C0467B683A
:103E10001B681A687B681B6880218A431A60BB6A2A
:103E20007B617B6983F31088C046EFF31083BB612D
:103E3000BB697B620123FB61FB6983F31088C04689
:103E40007B681B681A687B681B6840210A431A60FC
:103E50007B6A3B623B6A83F31088C04618E07B684C
:103E60001B6DFB62FB6A1B881A007B681B68D2050E
:103E7000D20D9A627B681B6D9A1C7B681A657B6801
:103E800056229B5A9BB2013B99B27B6856229952AB
:103E9000C046BD460CB080BD80B58CB000AF786028
:103EA0007B6888229B58212B65D12E23FB187A68CA
:103EB0006A21525A1A8059E07B6856229B5A9BB25B
:103EC000002B33D1EFF31083FB60FB68BB6201234F
:103ED0003B613B6983F31088C0467B681B689A6826
:103EE0007B681B6826490A409A60BB6A7B617B69D4
:103EF00083F31088C046EFF31083BB61BB697B621C
:103F00000123FB61FB6983F31088C0467B681B6853
:103F10001A687B681B6840210A431A607B6A3B620F
:103F20003B6A83F31088C046C04624E07B681B6868
:103F3000DB698022134013D07B681B6D1A787B6885
:103F40001B689A627B681B6D5A1C7B681A657B68CC
:103F500056229B5A9BB2013B99B27B6856229952DA
:103F60002E217B181A887B18013A1A802E23FB1801
:103F70001B88002BA0D1C046BD460CB080BDC046FA
:103F8000FFFF7FFF80B58CB000AF78607B68882230
:103F90009B58212B6AD12E23FB187A686A21525A2A
:103FA0001A805EE07B6856229B5A9BB2002B33D16D
:103FB000EFF31083BB60BB687B620123FB60FB688F
:103FC00083F31088C0467B681B689A687B681B680F
:103FD00028490A409A607B6A3B613B6983F31088F9
:103FE000C046EFF310837B617B693B620123BB61B9
:103FF000BB6983F31088C0467B681B681A687B68BE
:104000001B6840210A431A603B6AFB61FB6983F32A
:104010001088C046C04629E07B681B68DB698022A7
:10402000134018D07B681B6DBB62BB6A1B881A00EB
:104030007B681B68D205D20D9A627B681B6D9A1C47
:104040007B681A657B6856229B5A9BB2013B99B2EA
:104050007B68562299522E217B181A887B18013AC8
:104060001A802E23FB181B88002B9BD1C046BD460F
:104070000CB080BDFFFF7FFF80B586B000AF7860D9
:10408000EFF31083BB60BB687B610123FB60FB68BF
:1040900083F31088C0467B681B681A687B681B68BE
:1040A00040218A431A607B693B613B6983F3108836
:1040B000C0467B688822202199507B6800229A673D
:1040C0007B681800F0F788FAC046BD4606B080BD90
:1040D00080B582B000AF7860C046BD4602B080BDFA
:1040E00080B582B000AF7860C046BD4602B080BDEA
:1040F00080B588B002AFF8603B1D19605A60172385
:10410000FB1800221A70FB6884229B5C012B01D1F2
:1041100002234CE0FB68842201219954FB68882229
:1041200024219950FB681B681A68FB681B680121F1
:104130008A431A60FB681B689B681F4A134019007A
:104140003B1D1A68FB681B680A439A603B1D1B688D
:10415000002B05D13B1DF86819685A6800F0B6F9C4
:10416000FB681B681A68FB681B6801210A431A6018
:10417000F8F79CFE03003B613B698022D103F8689D
:104180000E4A00920022FFF7FFFA031E04D0172305
:10419000FB1803221A7003E0FB6888222021995043
:1041A000FB688422002199541723FB181B78180000
:1041B000BD4606B080BDC046FFFFCFFFFFFFFF0139
:1041C00080B586B000AF78607B6884229B5C012B51
:1041D00001D1022321E07B68842201219954EFF36D
:1041E0001083BB60BB687B610123FB60FB6883F3CA
:1041F0001088C0467B681B681A687B681B680221B0
:104200000A431A607B693B613B6983F31088C046AF
:104210007B6884220021995400231800BD4606B013
:1042200080BD80B586B000AF78607B6884229B5CDF
:10423000012B01D1022321E07B68842201219954C2
:10424000EFF31083BB60BB687B610123FB60FB68FD
:1042500083F31088C0467B681B681A687B681B68FC
:1042600002218A431A607B693B613B6983F31088B2
:10427000C0467B6884220021995400231800BD4663
:1042800006B080BD80B584B000AF78607B688422C2
:104290009B5C012B01D1022327E07B688422012152
:1042A00099547B688822242199507B681B681B687D
:1042B000FB607B681B681A687B681B6801218A4366
:1042C0001A60FB680B4A1340FB607B6800225A6649
:1042D0007B681B68FA681A607B68882220219950E5
:1042E0007B6884220021995400231800BD4604B045
:1042F00080BDC046FFFFFFDF80B584B000AF7860AF
:1043000039607B6884229B5C012B01D102232EE063
:104310007B688422012199547B688822242199504A
:104320007B681B681B68FB607B681B681A687B687E
:104330001B6801218A431A607B681B689B68DB004D
:10434000D9087B681B683A680A439A607B68180042
:1043500000F0E0F87B681B68FA681A607B688822C6
:10436000202199507B688422002199540023180051
:10437000BD4604B080BD000080B584B000AF786059
:1043800039607B6884229B5C012B01D102232FE0E2
:104390007B688422012199547B68882224219950CA
:1043A0007B681B681B68FB607B681B681A687B68FE
:1043B0001B6801218A431A607B681B689B680E4A50
:1043C000134019007B681B683A680A439A607B684F
:1043D000180000F09FF87B681B68FA681A607B6819
:1043E0008822202199507B6884220021995400233F
:1043F0001800BD4604B080BDFFFFFFF1B0B58AB024
:1044000000AFF860B960BB1D1A80FB688C229B5816
:10441000202B56D1BB68002B03D0BB1D1B88002B63
:1044200001D101234EE0FB689A6880235B019A4228
:1044300009D1FB681B69002B05D1BB680122134021
:1044400001D001233EE0FB680122DA66FB6800220E
:104450001A6727257C19BB1D1A88B968FB681800E4
:10446000FFF702FA030023707B191B78002B24D17D
:10447000FB68DB6E012B1CD1FB681B6810221A62E3
:10448000EFF310837B617B693B620123BB61BB69F6
:1044900083F31088C046FB681B681A68FB681B68BA
:1044A00010210A431A603B6AFB61FB6983F31088A1
:1044B00003E02723FB1801221A702723FB181B781F
:1044C00000E002231800BD460AB0B0BD80B584B03C
:1044D00000AFF8603B1D19605A60FB681B685B68A1
:1044E000102293431A003B1D9B881900FB681B6830
:1044F0000A435A60FB681B685B681B02190A3B1D74
:104500009B791A06FB681B680A435A60C046BD4681
:1045100004B080BDF0B585B000AF78607B685B6E9D
:10452000002B08D17B686A22012199527B6868229E
:104530000121995243E00F26BB1908221A700E2060
:104540003B1808221A707B681B689B685B0EDAB206
:104550000D243B1907210A401A707B681B689B6871
:104560005B0FDAB20C257B1907210A401A703B1841
:104570001B787A19127814498A5C5A4310007B1907
:104580001B78124AD35C1900DBF76EFE030099B268
:104590007B686A229952BB191B783A1912780A492A
:1045A0008A5C5A4310003B191B78084AD35C1900F7
:1045B000DBF75AFE030099B27B6868229952C04625
:1045C000BD4605B0F0BDC04680E4020888E402089C
:1045D00080B500AFE0F7FCF8FEE7000080B582B0E0
:1045E00000AF78600220EFF731FB0320EFF72EFBDE
:1045F0000C4B1A0000210220EFF774FB0A4B1A0043
:1046000001210220EFF76EFB084B1A000021032066
:10461000EFF768FB064B1A0001210320EFF762FB5E
:10462000E6E7C046E0980120E4980120E8980120E0
:10463000EC98012080B584B000AFF860B9607A6072
:1046400001235B421800BD4604B080BD80B584B034
:1046500000AFF860B9607A6001235B421800BD4684
:1046600004B080BD80B584B000AFF860B9607A60F6
:1046700001235B421800BD4604B080BD80B582B006
:1046800000AF7860396001235B421800BD4602B07C
:1046900080BD80B582B000AF786000231800BD46B1
:1046A00002B080BD80B500AF01231800BD4680BDBB
:1046B00080B582B000AF786039603B68802292019B
:1046C0005A6000231800BD4602B080BD80B582B09C
:1046D00000AF786001235B421800BD4602B080BD88
:1046E00010B5002101F026FA10BD10B50A220021F4
:1046F00001F0B8FA10BD10B50A22002101F0B2FA9B
:1047000010BD000010B5034B0100186800F00EF852
:1047100010BDC046A008002010B5034B010018686A
:1047200001F088FD10BDC046A0080020F0B50D00C6
:1047300087B00B350190162D09D907239D4307D566
:104740000C23019A13600024200007B0F0BD10254F
:10475000A942F5D8019800F0F9F9FC23BA4E5B00A4
:104760009D421DD22A000832B2181100546808393F
:10477000EB088C4203D1D4680233A24226D0032234
:104780006368A1689343E268E318CA6091600122FC
:1047900059680A435A60019800F0E0F90834D3E7F9
:1047A0003F236A0A03D0042A26D8AB0938330322F0
:1047B0009446D9008919CC688C4206D0604662685C
:1047C0008243571B0F2F2FDD013B013334699F4973
:1047D0008C4250D0032062688243501B0F2831DD89
:1047E000012367191D430343656077613761F960F1
:1047F000B9607B60A050CEE7142A02D813005B3367
:10480000D5E7542A02D82B0B6E33D0E7AA235B00DE
:104810009A4202D8EB0B7733C9E78D497E238A424F
:10482000C5D8AB0C7C33C2E7E068002F08DBA36877
:10483000D86083600123A21851680B435360AAE734
:104840000400B9E7716131610028F3DA71688C46C0
:10485000802189008A4200D38AE0D10850090122D0
:104860008240604602437260CA0092199168E26019
:10487000A1609460CC600122734899108A4041681D
:10488000914226D30A4205D10324A34352000433A4
:104890000A42FBD0DE008619B44602936146CC681A
:1048A000644500D09BE00834A446032402990131FA
:1048B00002912142F2D1234200D0B7E043689343F2
:1048C0004360614B52005968914202D3002A00D0E4
:1048D000B8E00322836802935B6893430393AB427F
:1048E00003D35A1B0F2A00DD1FE1029B039A082005
:1048F0009E18584B1B6810335F1901F00FFC564B84
:1049000004901B68013303D0013F3B1847421F400E
:104910003900019801F0AEFB0400431C00D1DAE03D
:10492000864204D9484B029A9A4200D0D3E04B4ABF
:104930001368FB181360049A013AA64200D093E072
:10494000164200D090E0404B9A68039BDF19012388
:104950003B435360414B424A1B6811688B4200D96C
:104960001360404A11688B4200D8B4E01360B2E093
:10497000500A042811D891093831CF00BF19B868FE
:10498000874225D1012289108A4061460A4372601C
:10499000E760A060BC60C4606DE7142802D8010025
:1049A0005B31EAE7542802D8110B6E31E5E7AA2102
:1049B0004900884202D8D10B7731DEE7244F7E21AF
:1049C000B842DAD8910C7C31D7E78068874204D0AE
:1049D00003264168B1439142F7D8C768D8E7032757
:1049E0006168B9430391E768491B0F2910DD012273
:1049F000631915436560A5680A43EF60BD604361B4
:104A0000036112485A60D8609860039BE150C2E687
:104A1000002909DB039BE11801234A6813434B601B
:104A2000A368DF60BB60B6E63C0039E73168083E4A
:104A3000013BB14200D13EE743E7043352000A4252
:104A4000FBD027E7029BFAE7200300202803002081
:104A5000540500002099012018030020F09801203F
:104A60001C9901201899012035490868013040D16E
:104A70000C600721260000230E400C4202D00833B0
:104A80009B1BE418E1190591059F04991740CB1869
:104A9000DF1B17403900019801F0ECFA431C07D1E5
:104AA000371E059804D030000027059B08381818D9
:104AB000244A001B1368C019DB1913600122224B22
:104AC000029910439C606060994200D142E7039BC9
:104AD0000F2B13D8626003221B4B9B685B689343C8
:104AE0005A1BAB4201D30F2A1FDC019800F036F8A5
:104AF00029E61449A61BF6180E60BAE70721039BA6
:104B00000C3B8B43029949680A4002991A434A6058
:104B1000CA180521516091600F2B00D81AE702993D
:104B20000198083101F086FB14E7012318000649BB
:104B300028438C681343651960608D606B602AE6BA
:104B400018030020F09801202003002010B502482F
:104B500001F0E2FA10BDC046649A012010B5024887
:104B600001F0DBFA10BDC046649A0120094B10B574
:104B70001C68094A983420686168084BDBF7F8FC28
:104B800001220023801859412060616048004008DC
:104B900010BDC046A00800202D7F954C2DF4515823
:104BA00010B5034B0A000100186800F003F810BDAF
:104BB000A0080020F0B587B00C1E0390059206D126
:104BC0001100FFF7B3FD0700380007B0F0BD0398F0
:104BD000FFF7BCFF2300083B5F6802933A00032302
:104BE0009A43059B04920B33162B08D90722934353
:104BF000019306D50C23039A13600027E4E71023E2
:104C00000193059B019A9342F4D8049B019A934225
:104C100000DB6DE1049A029BBA489B1882689446B7
:104C20005A689C4506D001251100A94359184968C6
:104C3000294244D103218A4304998E1801999C4545
:104C400017D11031B1423CDC019A01219446B61AC9
:104C50002200029B0E4363448360083A5E605368FF
:104C600003980B4061460B435360FFF777FF270023
:104C7000AAE7B14225DCDA689B68DA609360019BA1
:104C8000029AF41A029B92195868012318400F2CBB
:104C900000D82FE1019D029928434919029D1C4328
:104CA00068604C605068083103435360039801F01A
:104CB000C1FA0398FFF752FF029F083784E70022EA
:104CC0001300FF0700D5C6E02100032008390D6856
:104CD00002994D1B6968814304980F18002B00D17D
:104CE00084E0D6199C4548D1019B1033B3427DDC4A
:104CF000AA68EB682F00D3609A600200043A083774
:104D0000242A35D83B00132A08D92368AB6063688E
:104D1000EB601B2A1AD82B000834103322681A6063
:104D200062685A60A2689A60019B764AEB189360A9
:104D3000019AB61A012216435E606B681340019A0D
:104D400013436B600398FFF709FF3DE7A3682B61EE
:104D5000E3686B61242A03D02B0010341833DDE79D
:104D60002369AB612B0062692033EA611834D5E70F
:104D70002100380001F0B4F8D6E7019AB24235DCE0
:104D80002800DA689B680830DA609360AA68EB68EC
:104D9000D3609A60049A043A242A23D8132A07D9A4
:104DA0002368AB606368EB601B2A09D808340830BD
:104DB0002368036063684360A368836002955EE7CD
:104DC000A3682B61E3686B61242A03D028001034A8
:104DD0001830EDE7280023692030AB61636918348F
:104DE000EB61E5E7210001F07BF8E7E7019BBB42BF
:104DF00031DC2800AA68EB680830D3609A60049A16
:104E0000043A242A23D8132A07D92368AB6063689D
:104E1000EB601B2A09D808340830236803606368F4
:104E20004360A36883603E00C8E7A3682B61E36822
:104E30006B61242A03D0280010341830EDE72800D5
:104E400023692030AB6163691834EB61E5E7210029
:104E500001F046F8E7E705990398FFF767FC071E9E
:104E600003D10398FFF77AFEC7E623000122083B2F
:104E70005B689343029AD3180200083A934205D123
:104E80005E6803239E43049BF618F8E6049A043AEE
:104E9000242A29D803002100132A08D92368036093
:104EA000636843601B2A0DD80300083108330A6881
:104EB0001A604A685A608A689A602100039801F073
:104EC000B9F93FE7A3688360E368C360242A03D08D
:104ED000030010311033EAE723691831036103003E
:104EE000626918334261E2E7210000F0F9FFE4E76C
:104EF000049EC4E6029906434E6051680B4353601A
:104F0000D7E6C0462003002070B516000D0002F061
:104F1000E7F8002E0DD06B236A00520D9B1A002B70
:104F200007DD0024034A1B059D182B002200DDF736
:104F3000E1FA70BD0000F03FF0B5A3B01B92002273
:104F400000260027059009911E921D910A782B2AB0
:104F500053D03FD80D2A39D8082A39D8002A42D050
:104F60000022129200211D9D0C912A78302A00D037
:104F700083E06A7820318A43582A00D073E0029394
:104F8000129B9B4A01931EAB009305981FAB1DA972
:104F900001F06AFA0F2302001A4004000692184238
:104FA00005D0062A2BD1002301351D9512931B9B9A
:104FB000002B02D01D9B1B9A1360129B002B19D053
:104FC000802330001B06F91823B0F0BD202AC7D17A
:104FD0000131BAE72D2AC3D12C3A12924A1C1D92F4
:104FE0004A78002ABED1099B1D93002312931B9B74
:104FF000002BDFD130003900E6E70022EDE71E9AF2
:10500000002A07D0352120A802F060F91E990598E2
:1050100001F056FD06981F9B0138042806D8DBF7DF
:1050200085F812031C1E1200209E219FE40502D564
:1050300080231B061F436F4B3B42B8D101F040F861
:1050400022230360B3E76C49219A209E0A406B49F2
:105050005B181B051A431700E8E7664FE6E70126D1
:10506000674F7642E2E71D9B5A1C1D925B78302BFE
:10507000F9D0002B9BD001230C931D9B0A22139384
:10508000002310930D9308931D9804782300303B60
:10509000D9B2092927D901225A4900F056FF002820
:1050A00033D0002023008446089A0E9006922022D6
:1050B000190091430A0000210791452A00D0CBE056
:1050C000069B0C9A034313438B428CD01D9B099380
:1050D00001331D93099B5B782B2B7BD00C002D2B70
:1050E0007ED1012477E00899082909DC0D99514304
:1050F0005B180D93089B0130013308931D90C3E7A3
:10510000109D55435B191093F4E71D9B5A1C1D928B
:10511000089A5B78002A3ED00E9006921A00303A28
:10512000092A12D901229446C1E71D9B01305A1C5D
:105130001D925B78302BF8D01A00313A082A44D8F7
:105140000E9000201D9A069013921C00421C303CC9
:10515000302B1AD00E9B06999B180E930A239C465F
:10516000069D4B1C5D1BAA4217DCC343069ADB1746
:105170000340D1180132D318069308291CDC0A23F6
:105180000D9A53430022E3180D931D9B1000591CE8
:105190001D915B78C2E70898CCE7082905DC6546D5
:1051A0000D9969430D911900DAE7102BFBDC61467C
:1051B000109D4D431095F6E700220F29E5DC0A23E8
:1051C000109D5D4363191093DFE700220E92069253
:1051D0000132A8E70024099B02331D93099B9B78A9
:1051E0001A00303A092A13D9099A1D92002232E096
:1051F0000CE702080000F07FFFFFEFFF3304000020
:10520000FFFFFF7F4CE502081D9B5A1C1D925B7837
:10521000302BF9D0002207921A00313A082A1BD805
:10522000303B1A001D9B07931D9B591C1D915B78F9
:105230001D00303D092D3AD9079D491B0D00B3498A
:105240000791082D03DC07928A4200DD0791002CAC
:1052500002D0079A52420792069A002A4BD10C9A22
:10526000104300D0A3E66246002A00D0BBE6692BBB
:1052700025D021DC492B22D04E2B00D0B3E6A44907
:105280001DA801F027FB002800D1ACE61D9B1B7870
:10529000282B2AD19F4920AA1DA801F02FFB052801
:1052A00023D1219B9C4A209E1A4317007FE60A21A6
:1052B0004A43D218303AB7E76E2BE0D093E69749CD
:1052C0001DA801F007FB002800D18CE61D9B944926
:1052D000013B1DA81D9301F0FDFA002802D11D9B82
:1052E00001331D9300268C4F61E68E4800F032FF9B
:1052F00006000F005BE6079B0E9A9B1A0C93089B17
:10530000002B01D1069B0893069C102C00DD102475
:105310000D98DEF76BF8069B06000F00092B13DCD7
:105320000C9B002B00D142E60C9B002B00DC7EE0A6
:10533000162B63DC7C49DB00C91832000868496819
:105340003B00DDF7D7F8D3E72200774B093AD200CC
:105350009B181A685B68DDF7CDF8060010980F00FF
:10536000DEF744F80B00020039003000DCF7C2F829
:10537000069B06000F000F2BD2DD069B1C1B0C9B0F
:10538000E418002C00DC9BE00F22230013401442A1
:105390000AD06549DB00C9183200086849683B003B
:1053A000DDF7A8F806000F000F239C4373D02633C7
:1053B000FF339C424BDD0023069307930D93089324
:1053C00022230026059A544F13600D9BB34200D14F
:1053D000EDE51E99059801F073FB0899059801F019
:1053E0006FFB0799059801F06BFB0D99059801F08B
:1053F00067FB0699059801F063FBD8E52523069A1B
:105400009B1A0C9A9342B8DB0F24069B464DE41A74
:10541000E10069183200086849683B00DDF76AF866
:105420000C9B1C1BE4002D192A686B6889E70C9BF8
:105430001633A2DB07990E9A3B4B521AD2009B18E7
:1054400030001A685B683900DCF71AFC50E700236B
:1054500030003900354D24110993012C1EDC002B3E
:1054600001D006000F00324B099AFF182F4BD500D0
:105470005D193200286869683B00DDF73BF8264B70
:105480002C4A06000B40934295D82B4A934213D9DD
:1054900001262A4F76420023099386E00122144216
:1054A00004D02A686B68DDF725F80123099A641097
:1054B000013209920835D0E7D4239B04CF18EAE7DC
:1054C000002CE8D064420F2322001A401C420AD06C
:1054D000154BD2009B1830001A685B683900DCF766
:1054E000CFFB06000F002411D5D01F2C28DD002390
:1054F000069307930D9308932223059A00261360C1
:105500000D9B0027002B00D063E750E51F4E0000E5
:105510002DE60208F8E602080000F07F25E6020802
:1055200093E602088FE6020880E8020858E80208BD
:105530000000B0FC0000A07C0000907CFFFFEF7F2B
:10554000102322001A4009921C4201D05A330993B9
:10555000300039000023C04D0122144204D02A68D3
:105560006B68DCF7C7FF012364100835002CF3D10A
:10557000002B01D006000F00099B002B0DD06B23E0
:105580007A00520D39009B1A002B06DD1F2B5CDDC3
:105590000026342B52DDDC27BF040022002330001C
:1055A0003900DAF75DFF0028A1D10D9B089A00931E
:1055B0001399069B059801F0D1FA0D90002800D1AF
:1055C000F9E60C9B0799DB430E9ADB17521A1492EB
:1055D0000C9A1499D21711400C9A14911A40002376
:1055E0001A92069307930D9B0598596801F040FAAB
:1055F0000890002800D1E3E60D9B0C3019001A69D1
:105600000C310232920000F09CFD20AB01931FABE5
:10561000009332003B0005981096119701F0CCFDE5
:105620001E90002800D1CBE60121059801F032FB45
:10563000079000280ED100230793C1E64B239A1A46
:105640004C3B934019400F00A7E7012252429A4079
:105650001640A2E71F9B1A9A149DD41A002B01DB57
:105660001A9C5D190999209A5B1A36219B188A1A8F
:105670007A4901208C460021013B15911690634523
:1056800006DA6146C91A521A1F293FDC8840169073
:10569000AB180E93A418099B0E9A1C192B00954267
:1056A00000DD1300A34200DD2300002B04DD0E9A71
:1056B000E41AD21A0E92ED1A149B002B16DD1A0072
:1056C0000799059801F0A8FB07900028B3D00100C6
:1056D0001E9A059801F0F6FA1390002800D16FE6A3
:1056E0001E99059801F0ECF9139B1E930E9B002B5D
:1056F00012DC0C9B002B18DD1A9A0899059801F012
:105700008BFB0890002810D1002358E65449CB1A8F
:10571000010099401591BAE70E9A1E99059801F07B
:10572000BDFB1E900028E4D14AE6002C07DD2200D4
:105730000899059801F0B2FB08900028E4D0002DEC
:1057400008DD2A000799059801F0A8FB07900028BA
:1057500000D135E6089A1E99059801F027FC0690BD
:10576000002800D12CE6C368079913930023C36077
:1057700001F000FC00283BDA139B334367D13B0365
:1057800065D1D622374BD2043B4093425FD9069B6A
:105790005B69002B03D1069B1B69012B57DD069922
:1057A0000122059801F07AFB0799069001F0E2FBCF
:1057B00000284CDD2B4B099A3B40002A74D0D6229E
:1057C000D204934270D8DC229204934200D893E62C
:1057D00030003900244B0022DCF78CFE214B060000
:1057E0000F000B4200D0F4E52223059A1360F0E588
:1057F0000E97002875D1139A3B031B0B002A39D052
:105800001A4A934238D10121099B494232000800CB
:10581000002B0BD0D424134B08003B40E404A342DC
:1058200004D86C301B0DC31A99400800824223D162
:105830000F4B0E99994202D1013200D1C0E5094BBC
:105840000E9A00261A401300802252039F18099BCB
:10585000002BBDD1BDE5C04620E7020802FCFFFFDA
:10586000E2FBFFFF0000F07F00005039FFFF0F0058
:10587000FFFFEF7F33439DD0159B002B1CD00E9B69
:10588000159A1342E3D0139B30003900099A002B7C
:1058900016D0FFF739FB02000B0010981199DBF7C7
:1058A00029FE06000F00D2E70126924A76429B1895
:1058B000914A1A431700CAE7169B3342C7D0E2E762
:1058C000FFF722FB02000B0010981199DDF7F8F8A2
:1058D0000022002306000F00DAF7C2FD0028B6D030
:1058E0000AE60799069801F0C7FC80230022DB0531
:1058F00004000D00DAF7C4FD00286CD0139B002BC8
:1059000077D1002E57D10E9B1B035AD100222000C5
:1059100029007A4BDAF7AAFD002859D12000290086
:105920000022774BDCF7E6FD04000D0080231B0608
:10593000EB180A940B930A9A0B9B16921793714AD1
:105940000E9B13401593159A6F4B9A4200D087E037
:105950006E4A0E9B944663441F003000190001F00C
:10596000BFFB0A9A0B9BDCF7C5FD32003B00DBF75F
:10597000C1FD644A664B06000A409A4240D9119B19
:10598000644A934203D1109B013300D118E50126EC
:10599000604F76421E99059801F092F80899059893
:1059A00001F08EF80799059801F08AF80699059894
:1059B00001F086F817E6012E03D10E9B002B00D1D3
:1059C0009AE50023544C4D4D0A930B940024B2E702
:1059D00000244B4DAAE720002900494B0022DCF7A8
:1059E00089FD139B04000D00002B9FD00A940B959A
:1059F000A1E70023414C25000A930B941C009AE771
:105A0000D4239B04CF18099B1097002BC2D13D4B88
:105A1000159A3B409A42BDD120002900DAF70CFECE
:105A2000DAF744FE02000B0020002900DDF748F8F9
:105A30003C03139B240B34430E900F91374A1C43B5
:105A400052D0374BDAF712FD002800D0C1E40E988F
:105A50000F99344A2A4BDAF71DFD00289AD0B8E492
:105A6000099B002B2AD0D423159ADB049A4225D80F
:105A7000200029002C4A2D4BDAF702FD002816D011
:105A800020002900DAF7BAFD002800D10130DDF747
:105A9000ADFC139B04000D00002B22D180231B06BC
:105AA000CB1818901993189A199B16921793D6220F
:105AB000179BD2049B18159A9B1A1793109811994B
:105AC000169E179F01F00CFB02000B0030003900FE
:105AD000DCF710FD109A119BDBF70CFD06000F00A0
:105AE00091E718941995DEE7114B0E980F99DAF7A4
:105AF000BDFCB2E70000F0FFFFFF0F000000F03F29
:105B00000000E03F0000F07F0000E07F0000B0FCFC
:105B1000FFFF9F7CFFFFEF7F0000F0BF9535A09453
:105B2000FFFFDF3F35E5AF350000C0FFFFFFDF417E
:105B3000FFFFCF3F10B5044C0A000100034B206863
:105B4000FFF7FAF910BDC046A00800203407002076
:105B5000F0B585B017001E0003900191242B23D8C7
:105B60000C00012B20D03D4B08229C4623006146AF
:105B70001D780134485D010011401042F6D12D2DF1
:105B800019D125789C1C01230093102233009343E4
:105B90001DD1302D15D1202123788B43582B10D1C6
:105BA00065780234102612E000F08AFA16230360AA
:105BB000002005B0F0BD00912B2DE6D125789C1C6E
:105BC000E3E7002EEED10A36302D00D1023E244A02
:105BD000009B94466344310018000293DAF740FBBF
:105BE0000022844610002B00303B092B11D81D00E9
:105BF000AE421DDD531C09D001225242844505D31B
:105C000001D1A94211DB0122704328182578013403
:105C1000E9E72B00413B192B01D8373DE8E72B0082
:105C2000613B192B04D8573DE2E701225242EDE7D0
:105C3000531C08D12223039A02981360002FB8D076
:105C4000631E019307E0009B002B00D04042002F11
:105C5000AFD0002AF4D1019B3B60AAE749E70208D4
:105C6000FFFFFF7F10B5044C13000A0001002068FD
:105C7000FFF76EFF10BDC046A0080020002310B53E
:105C8000040003604360836081814366C2810361D5
:105C900043618361190008225C3000F033F90B4B3B
:105CA000E46123620A4B63620A4BA3620A4BE3621C
:105CB0000A4B9C4205D00A4B9C4202D0094B9C42A5
:105CC00003D12000583000F025FA10BD495E0208CB
:105CD000715E0208A95E0208D55E020824990120BF
:105CE0008C990120F499012010B5034A0349044816
:105CF00000F06CF810BDC046280700206D8802082F
:105D0000A808002041680B4B10B50400994201D04F
:105D100002F0ACFDA168084B994202D0200002F0CD
:105D2000A5FDE168054B994202D0200002F09EFDDE
:105D300010BDC046249901208C990120F4990120BE
:105D400010B5094B094A04211A6009480022FFF7DF
:105D500095FF012209210748FFF790FF0222122137
:105D60000548FFF78BFF10BD5C9A0120E95C020833
:105D7000249901208C990120F499012010B5024842
:105D800000F0CAF910BDC046669A012010B502485D
:105D900000F0C3F910BDC046669A012010B504009A
:105DA000FFF7ECFF636B002B02D0FFF7EFFF10BD96
:105DB000044B6363044B1B68002BF6D1FFF7C0FF55
:105DC000F3E7C046055D02085C9A0120F7B51400B0
:105DD000002600900191A5686768013F04D52468FA
:105DE000002CF8D13000FEBDAB89012B08D90E2262
:105DF000AB5E013304D029000098019B984706430D
:105E00006835EAE70EB410B500240C499DB01FAB0D
:105E1000029006900791049109480A4904CB059124
:105E2000006802A901931B9401F0A2FA029B1C7066
:105E30001DB010BC08BC03B01847C046FFFFFF7F71
:105E4000A00800200802FFFF70B50C000E25495F76
:105E500000F0FCF8002803DB236D1B18236570BDE0
:105E6000A389024A1340A381F9E7C046FFEFFFFF71
:105E7000F8B51F008B8905000C001600DB0505D561
:105E80000E23C95E0022022300F0CCF8A389054A44
:105E900028001340A38132000E23E15E3B0000F096
:105EA000FBF8F8BDFFEFFFFF70B50C000E25495F52
:105EB00000F0B8F8A389421C03D1054A1340A3811E
:105EC00070BD802252011343A3812065F8E7C046CC
:105ED000FFEFFFFF10B50E23C95E00F091F810BD73
:105EE00010B5884202D98B18984208D300239A42F1
:105EF00007D0CC5CC4540133F9E78B5C8354013A7E
:105F0000FBD210BD03008218934200D17047197074
:105F10000133F9E7020010B5137814000132002BA9
:105F2000FAD1CA5CE2540133002AFAD110BDC9B2D9
:105F30000378002B04D08B4200D170470130F7E783
:105F40004B42594149420840F7E730B50500101E61
:105F50000BD00024013A2B5D085D834204D19442AA
:105F600002D00134002BF6D1181A30BD030030B531
:105F70001D00002A06D00C78013A01332C70013143
:105F8000002CF5D100219A18934200D130BD197030
:105F90000133F9E7034B10B51A680123503200F0C2
:105FA00003F810BDA0080020F0B5041E02D114684B
:105FB000002C09D020000E00057801343778002F1E
:105FC00004D1002D0DD11560002006E00136BD4240
:105FD000F4D1002BEED114600370F0BD0133002D1D
:105FE00003D126000B00377801341D78AF42F5D17C
:105FF000002319009F4201D0230031701360ECE7A9
:10600000002370B5064D040008002B60FEF75EFB10
:10601000431C03D12B68002B00D0236070BDC04609
:10602000609A012070B50400080011001A000023D6
:10603000054D2B60FEF716FB431C03D12B68002B8C
:1060400000D0236070BDC046609A012070B5040086
:10605000080011001A000023054D2B60FEF7F6FA28
:10606000431C03D12B68002B00D0236070BDC046B9
:10607000609A0120002370B5064D040008002B60D3
:1060800004F0BCFC431C03D12B68002B00D0236020
:1060900070BDC046609A012070B504000800110070
:1060A0001A000023054D2B60FEF7C4FA431C03D1F0
:1060B0002B68002B00D0236070BDC046609A012081
:1060C000014B18687047C046A008002070B5002634
:1060D0000C4C0D4D641BA410A64209D1002604F0FF
:1060E0009FFC0A4C0A4D641BA410A64205D170BD4A
:1060F000B300EB5898470136EEE7B300EB589847EA
:106100000136F2E790E9020890E9020898E90208EE
:1061100090E902087047704770477047802310B5B8
:10612000082804D0FFF7CCFF16230360173B1800A4
:1061300010BD03000A7801311A700133002AF9D129
:106140007047002310B59A4200D110BDCC5CC454F6
:106150000133F8E7002001497047C0460000F87F8E
:10616000034B10B5002B02D0024800F005F810BD1B
:1061700000000000998A0208002310B501001A00EF
:10618000180002F0DBFC10BDF7B5040008200D007C
:10619000FFF7C4FF06002000FEF7D8FC0322224FC1
:1061A0003100BB685B68934318001138401B8019AD
:1061B0000193D9F7CFFF451E7543AE4204DD2000A1
:1061C000FEF7CCFC0020FEBD00212000FFF752FFAF
:1061D000BB68019A9B189842F1D120006942FFF7F1
:1061E00049FF013010D100212000FFF743FFBA68BA
:1061F000811A0F29E3DD0D4D0D4B2D68401B1860F2
:1062000001230B435360DAE70126019BBA685B1B4D
:1062100033435360064A200013685B1B1360FEF78C
:106220009DFC3000CFE7C04620030020180300206B
:10623000F0980120F7B50D1E01902DD0FEF786FCD9
:10624000012329009C4608394F6862463B0064469A
:106250009343C8184568023295434A4A27409668D6
:1062600086421AD15B19002F06D10868091A8D6879
:106270001B18C868E8608560012018434860916079
:10628000414A12689A4204D8404B01981968FFF7B6
:106290007BFF0198FEF762FCF7BD00264560B74220
:1062A00009D10F683A4CC91BDB198F68A7422CD063
:1062B000CC68FC60A76047197C6801273C420BD181
:1062C0005B198568002E22D1314CA5421FD13E00BA
:1062D00051611161CD608D6001252800184348602F
:1062E000CB50002ED5D180208000834213D2D80815
:1062F0005B099D4053681D43C3009B1855609A6815
:10630000CB608A609960D160C3E76646D3E7C06816
:10631000E8608560E0E75D0A042D12D898093830FE
:10632000C600B618B5680327AE4225D101238010F8
:106330008340506803435360CE608D60B160E96074
:10634000A7E7142D02D828005B30E9E7542D02D8C6
:10635000180B6E30E4E7AA204000854202D8D80B23
:106360007730DDE70B4E7E20B542D9D8980C7C30D3
:10637000D6E7AD68AE4203D06A68BA439A42F8D80D
:10638000EE68D9E7200300201C030020209901209B
:1063900028030020540500000200F0B5046985B010
:1063A00014324B11160002939C4231DD1F260F0060
:1063B0009B00A500D318374055190093019731422F
:1063C0000DD1160019008D4236D8009B0026033BE4
:1063D0009D4202D3029BE41AA600961918E02021E0
:1063E000019E019F891B009E039102CE9446F940B5
:1063F000B54216D8009B002601339D4203D3029B71
:10640000E41AA600043E96193160002900D0043633
:10641000B11A89100161964201D10023436105B090
:10642000F0BD3768039B9F400F43614680C18C4697
:10643000019B02CED940DBE780C980C6C3E70200DA
:10644000303A0300092A02D8203BD8B27047020034
:10645000613A052A01D8473BF7E71A00413A002084
:10646000052AF3D8273BF0E7F0B589B007930B680E
:106470000192039006919A1C11000132501E00787F
:106480003028F9D0CB1A023B05930091FFF7D7FFD4
:1064900000231D00029398421ED10122A6490098B4
:1064A000FFF753FD0700A84200D06AE0009B587830
:1064B0005C1CFFF7C4FF01230293A8422FD0009475
:1064C000009B1878302809D0FFF7B9FF42424241BB
:1064D0000123250002920593009C04E0009B0133F8
:1064E0000093EDE701342078FFF7A9FF071EF9D1EB
:1064F000012220009049FFF728FD00280DD1002D32
:1065000006D1013425002078FFF799FF002802D139
:106510002D1BAF0003E00134F5E7002DF8D1202258
:10652000237826009343502B1DD163782B2B2DD03D
:106530002D2B2FD00023661C04933078FFF77FFFAC
:10654000431EDBB20500182B2AD87078FFF777FFBF
:10655000431EDBB20136103D182B1DD9049B002BC6
:1065600000D06D427F19069B1E60029B002B19D044
:10657000059B06265A4253415B421E40300009B03B
:10658000F0BD01230027009C0293C8E70023049379
:10659000A61CD2E70123FAE70A235D432D18D4E7AE
:1065A0002600E0E7009B0299E31A013B072B0ADC77
:1065B000039800F05DFA051E08D12A00E4215F4B24
:1065C0005F4802F0FBFA01315B10EFE70300143380
:1065D0000293059300231E000493009BA34238D32B
:1065E000059C029B40C4E41AA41030002C6100F00A
:1065F00001FB019B64011B68261A00939E4252DD39
:10660000F61A3100280000F082FE041E0FD001248B
:106610001F212000731E1940884001005A11029862
:10662000920012580A4202D0A34234DC0224310004
:106630002800FFF7B1FEBF19019B9B68BB4242DAFD
:106640002900039800F03CFA00230E9AA326136059
:1066500094E7013C23782E2B12D0049B202B04D1ED
:10666000059B40C30026059304962078FFF7E7FEBC
:106670000F231840049B9840043306430493ACE76F
:10668000009BA342E9D8012220002B49FFF75DFCC3
:106690000028E2D1A1E72800B11E00F038FE002852
:1066A000C4D00324C3E7009B00249E42C4DA9E1B8F
:1066B00029003200039800F0F1FB030014330500B9
:1066C000BF1B0293B8E7019B5E68BE426FDD009B73
:1066D000F61BB34236DC019BDB68022B24D0032B74
:1066E00026D0012B17D1009BB34214D1012B0BD123
:1066F000019B079A5B68622613600123029A2B6153
:1067000013600E9B1D6039E700992800013900F0E5
:10671000FEFD0028ECD12900039800F0D1F90023F8
:106720000E9A5026136029E70F9B002BF3D1DFE769
:106730000F9B002BDCD1EEE74CE5020856E5020882
:1067400067E50208771E002C2FD1002F04D03900F6
:10675000280000F0DCFD04001F237A111F401E3BBF
:10676000BB400299920052581A4201D002231C43A6
:10677000009B31009B1B022628000093FFF70CFEB4
:10678000019B5F68002C3FD0019BDB68022B10D07F
:10679000032B12D0012B06D1A20704D5029A12684E
:1067A00014431C420CD110232DE00124D4E7012610
:1067B000E8E701230F9A9B1A0F930F9B002BF2D04F
:1067C0002B69002002939B0004932B00049A14333E
:1067D00099181A68541C1CD001321A602B0014330B
:1067E000022E3FD1019A00991268013A8A4209D1DA
:1067F0000A001F2010400122824049118900CB5815
:1068000013423DD120231E430E9B1D60079B1F603A
:10681000B4E601C39942DCD8AB68029A9A4218DB0D
:1068200069680398013100F023F9041E04D12200A5
:1068300084211D4B1D48C4E629002A690C3102320F
:1068400092000C30FFF77DFC2900039800F038F926
:1068500025002B695A1C2A61012204339B00EB1886
:106860005A60BBE72A6902998A420BDD01212800A0
:10687000FFF792FD019B01379B68BB4200DADFE620
:106880000126BFE71F22009C009914401142F7D057
:10689000049A9B18043B186800F0ACF920231B1BDA
:1068A0009842E3DBECE7C04656E5020867E50208DC
:1068B000082370B520259A1A9200AD1A436804681F
:1068C0001E00AE40D340344304604360043088422D
:1068D000F4D370BD30B503680C780133002C02D1BD
:1068E0000360012030BD1A781500413D192D00D8F4
:1068F00020320131A242EFD00020F3E7F0B50B685F
:106900008BB0019201995A1192008A1802921900D3
:106910001F22114008900691134202D0029B0433BB
:106920000293029B00251F1F3E003C00089B3D6018
:106930001B68079505930395059B01330993059BF8
:106940005B780493002B28D00498FFF778FD00288B
:1069500055D1049B202B19D8039B079A934212DD33
:10696000B44206D2072D04DC2A0031002000FFF7D4
:106970009FFF019B08259C4205D9261F0025340056
:10698000039B35600793099B0593D5E7049B292B4F
:106990005AD1059B089A02331360039B002B53D0F6
:1069A000B44206D2072D04DC2A0031002000FFF794
:1069B0007FFF019B9C4236D91A00230002CB02C202
:1069C0009F42FBD2029B621CD91E0423914205D335
:1069D000029B043B1B1B9B0801339B00019AD318AD
:1069E000002204C39F42FCD23B68002B04D1019BD0
:1069F0009F4227D101233B6005200BB0F0BD039BD4
:106A0000013501330393082D06DD019B9C42BAD961
:106A100000230125043C23600F22236810401B0142
:106A200003432360AFE7069B002BDDD02023069AAB
:106A300002999B1A01225242DA4004390B68134032
:106A40000B60D1E7043FCFE70420D6E782B00029EE
:106A500000D101A9101E06D0002B06D013780B60C0
:106A60001078431E984102B0704702204042FAE776
:106A7000436C70B506000C00002B12D0736CA200A2
:106A80009B181868002815D101210D00A5406A1D2A
:106A90003000920002F0B0F8002809D04460856010
:106AA0000AE02122042102F0A7F870640028E5D151
:106AB000002070BD02681A6000230361C360F8E71C
:106AC000002906D04A68436C92009B181A680A6035
:106AD00019607047F7B50F0001900C001E000020F0
:106AE0000D6914373B68013099B251431B0C534375
:106AF00089190E0C9B191E0C89B21B045B1808C760
:106B00008542EFDC002E22D0A368AB4219DC61681D
:106B100001980131FFF7ACFF071E05D13A00BA21F9
:106B20000C4B0D4802F04AF8210022690C31023268
:106B300092000C30FFF705FB21000198FFF7C0FF22
:106B40003C002B1D9B00E31801355E602561200091
:106B5000FEBDC04656E50208C7E50208F7B50700C6
:106B600018000C000830092101931500D9F77CFBAF
:106B70000123002183420ADB3800FFF779FF011E61
:106B800008D10A00194B1A48D33102F017F85B00FC
:106B90000131EFE7089B436101230361092D18DDF3
:106BA000230009331E000093641933780A22380049
:106BB000303BFFF78FFF01360100A642F5D12C00D4
:106BC000009B083C1C192E00019B9E4204DB080020
:106BD000FEBD09250A34F6E7631B9B5D0A223800D7
:106BE000303BFFF777FF01360100EDE756E502087D
:106BF000C7E502088022030052020020934201D21E
:106C00001B04103080225204934201D208301B0230
:106C100080225205934201D204301B018022D2050A
:106C2000934201D202309B00002B03DB0130134260
:106C300000D120207047036801000722180010408F
:106C400013420DD0063A0020134205D10230034210
:106C500003D0D34010000B6070479B080B60FBE72C
:106C60009AB2002A01D110201B0CDAB2002A01D1FD
:106C700008301B0A1A0701D104301B099A0701D1F9
:106C800002309B08DA07E9D401305B08E6D1202006
:106C9000E2E7000010B50C000121FFF7E9FE002833
:106CA00007D14621054C0200054B2000FF3101F0C1
:106CB00085FF01234461036110BDC046C7E502089A
:106CC00056E50208F0B514000A6923690D0089B081
:106CD0009A4202DB23000C001D0027692E696168BF
:106CE000BB190093A368BA19934200DA0131FFF788
:106CF000BFFE8446002806D1B1216246444B454878
:106D0000490001F05BFF0200BB1914329B00D3184D
:106D10000193002113000198834228D32300BF0070
:106D2000143304931435DB19B6000293AB1907939F
:106D300004230593230002991533994205D30C1BB4
:106D4000153CA4080134A3000593079B9D4210D372
:106D5000009B002B05DD019B043B01931B68002B6E
:106D600052D063466046009A1A6109B0F0BD02C372
:106D7000D1E72C68A4B2002C1FD000231700049E7A
:106D8000039308CE396806936B461B8B88B2634326
:106D90001B180398090C1B180698000C6043401838
:106DA000190C4118080C9BB209041943029B03906B
:106DB00002C7B342E5D8059BD0502C68240C20D0E4
:106DC000002110001368049E03913168076889B29E
:106DD00061433F0CC919039F9BB2C9190F041F439C
:106DE000076080CE43683F0C67439BB2090CFB18D9
:106DF0005B18190C039102990430B142E5D805994A
:106E0000535004350432A0E7009B013B00939FE7F9
:106E100056E50208C7E50208F7B503231500070089
:106E20000E001A401D4208D01A49013A92005258E9
:106E300000233100FFF74EFE0600AD1027D03C6C5A
:106E4000002C07D138001449FFF724FF0023040069
:106E50003864036001231D420AD03100220038004B
:106E6000FFF730FF310001903800FFF729FE019E47
:106E70006D100CD02068002807D1220021003800B6
:106E8000FFF720FF0023206003600400E2E73000EA
:106E9000FEBDC0464CE8020871020000F0B50C00CF
:106EA00016002369571185B0FB1801930133009335
:106EB0004968A3680290009A934210DB0298FFF79A
:106EC000D7FD0023010005001A00143198420CD1AF
:106ED000EF212A00254B2648490001F06FFE0131C1
:106EE0005B00E8E798000A500133BB42FADBFB4342
:106EF000DB171F40BF0023001F20C919370022697C
:106F0000143392009A180740064229D00130C01B62
:106F100003908C4600201E68BE400643604640C079
:106F20008446039E01CBF0409A42F4D826001536E1
:106F30000423B24204D3131B153B9B0801339B006F
:106F4000C850002802D0019B02330093009B029896
:106F5000013B21002B61FFF7B3FD280005B0F0BD18
:106F600001CB01C19A42FBD8F0E7C04656E50208C2
:106F7000C7E5020830B50B6904690200E01A9C42BB
:106F80000FD114329B0014311400C918D218043ADE
:106F9000043915680B689D4204D001209D4200D23F
:106FA000023830BD9442F2D3FBE70000F0B50C008C
:106FB00087B00090110020001700FFF7DBFF051ECF
:106FC00010D101000098FFF753FD021E04D1404B81
:106FD0004048414901F0F2FD012345610361100081
:106FE00007B0F0BD0026B04203DA23003C001F00CA
:106FF000013661680098FFF73BFD021E03D1344B58
:1070000034483649E6E72369143400939B00E318BB
:10701000210001943C0002933B6914349B00E31867
:1070200003930300C6608C46002014330493059339
:10703000634620CBA9B20E009C4608CC2D0C99B219
:10704000711A09181B0C0814EB1A1B18181489B2B2
:107050001B041943059B02C30593039BA342E7D876
:107060003900039C153104238C4204D3E31B153BE8
:107070009B0801339B000199CD1804992E00CB1871
:107080001F0002998E4211D3029CE91E00208C42FF
:1070900004D321000331491B890888001B18043BD5
:1070A0001968002910D0009B136198E7844602CE2E
:1070B00088B2604400140C0C04196144201489B295
:1070C0002404214302C7DCE7009901390091E6E777
:1070D00056E50208C7E50208370200004502000035
:1070E00010B500240C4B0D4A0B409B18A34206DC44
:1070F0005B421A15132A05DC80231B031341190078
:10710000200010BD143A01241E2A02DC802424062B
:10711000D4400023F3E7C0460000F07F0000C0FC2D
:10712000F7B50600036914369B00F3181D1F2C6881
:107130000F0020000193FFF75DFD2022121A3A6034
:1071400003001C4A0A2815DC0B212700091ACF402E
:107150003A438C4611000022AE4202D2019A083A0C
:10716000126815339C4063462700DA401743380005
:1071700003B0F0BD0027AE4202D2019D083D2F684A
:107180000B2149428C469C440B2B10D06146202396
:107190008C405B1A3900D9400C4322431100002275
:1071A000B54201D9043D2A686446A740DDE7224381
:1071B0001100DCE70000F03FF7B5012116001F00C9
:1071C000FFF756FC041E05D12200254B2548264911
:1071D00001F0F4FC3B037D001B0B6D0D02D08022FF
:1071E000520313430193002E25D068460096FFF703
:1071F00022FD019B009900281BD020221E00121A9C
:1072000096403200C3400A4362610193019EA66129
:10721000731E9E4101362661002D14D03526134B76
:10722000ED18089B2D181D60099B361A1E60200062
:10723000FEBD6161EAE701A8FFF7FDFC019B0126A5
:1072400063612030E7E70A4BC018089B1860094BC0
:10725000F3189B00E3185869FFF7CCFC7601E3E7CD
:1072600056E50208C7E502080F030000CDFBFFFF4B
:10727000CEFBFFFFFFFFFF3FF0B587B00F0004A973
:107280000600FFF74DFF00900191009B019C380024
:1072900005A902930394FFF743FF0D0002000B00C2
:1072A00030693969049E401A05994001711A4118E4
:1072B0000805002908DD01994118039102980399F6
:1072C000DAF7DEFC07B0F0BD2B1AF7E770B5140053
:1072D00005000139136949110131890014349B00FB
:1072E0004118E318A3420DD8140011340025A3421D
:1072F00003D39B1A113B9B089D0000234019814238
:1073000003D870BD40CC40C5ECE708C0F7E70200E9
:10731000006910B514324B11984213DB0CDD1F24A9
:1073200008002040214207D099008C582100C1401C
:10733000814001208C4204D19B00D318934203D892
:10734000002010BD0300F7E7043B19680029F5D0C1
:107350000120F6E70300081E05D0FF2A04D98A227F
:1073600001201A604042704701200A70FBE70000CC
:10737000F0B5DDB01C000C9109920B9001F088FB78
:10738000036818002093D8F7C9FE0C9B18909B89BE
:107390001B0616D50C9B1B69002B12D140210B98A4
:1073A000FDF7C4F90C9B18601861002806D10C2366
:1073B0000B9A136001235B421A93BBE240230C9AA1
:1073C000536100230022329331930E9300231692CF
:1073D0001793002333AF30972393229314931D9375
:1073E00021931A93099D2B78002B02D0252B00D0D6
:1073F00091E0099BEE1A9D4216D03B60329B7E6065
:107400009B193293319B083701333193072B08DDE9
:107410000C990B9830AA01F007FA002800D084E2FA
:1074200033AF1A9B9B191A932B78002B01D101F0D3
:10743000AFF91B22002322A95218137001221E004B
:10744000524201350A9219936B1C15932B781193B4
:10745000119820385A2801D900F02FFED8F770FE75
:107460009B002D062D06A5002D062D062D0680005D
:107470002D062D06A700AF002D06AD00B4002D0689
:10748000D900DB00DB00DB00DB00DB00DB00DB0026
:10749000DB00DB002D062D062D062D062D062D0604
:1074A0002D0661012D0606011A01610161016101CC
:1074B0002D062D062D062D06ED002D062D06F704B2
:1074C0002D062D062D063B052D065F052D062D06E6
:1074D00091052D062D062D062D062D062D062D06B1
:1074E0002D0661012D0606011C016101610161018A
:1074F000EF001C0102012D06FB002D06D904F90442
:107500002B0502012D063B05A30061052D062D0666
:107510005D002D06A300013565E7AC4B30002393D9
:10752000202318401E4201D100F02EFD193B0734E4
:107530009C43220018CA069307941092F3070AD5B9
:10754000069B079A134306D0302229AB1A70119A72
:107550005A7002231E439E4B1E40022300F089FCFA
:107560000B9801F095FA436818002193D8F7D6FDDF
:107570001D900B9801F08CFA836814931D9B002BCF
:1075800011D0149B002B0ED01B78002B0BD0802326
:10759000DB001E4307E01B2322AA9B181A78002A4F
:1075A00001D120321A70159D4EE70123F1E708CC76
:1075B0001993002BF7DA5B4219930423E9E71B23A5
:1075C00022AA9B182B22EDE7159A159B12780133FE
:1075D00011922A2A0ED000220A20119915933039CF
:1075E000092910D90A92002A00DB31E701235B4206
:1075F0000A932DE704CC0A92002A02DA01225242B1
:107600000A921593CFE7424352181978013311912A
:10761000E3E78023BDE700220A21159B1992199AFE
:1076200011984A433038821819921A78013311920E
:10763000303A092AF3D915930AE70823A9E7159BDD
:107640001B78682B05D1159B0133159380239B0074
:107650009FE740239DE7159B1B786C2B04D1159B5E
:1076600001331593202394E7102392E7210004C9E6
:1076700043AB10911B211A70002222A809180A702E
:107680000D9201320A920022099314001B92129269
:10769000139207E210231E43B30631D507230734A4
:1076A0009C43220018CA069307941092079A01235C
:1076B000002A0BDA069C079D00226142AA4106912E
:1076C00007921B2222A952182D2111700799069AA0
:1076D0000A430A99002901DA01F066F88021340092
:1076E0008C43002A01D001F064F80A9A002A01D1E3
:1076F00000F0D9FC012B01D001F05FF800F06BFC29
:10770000220008CA1092F20603D50693DB170793EE
:10771000CCE7720601D51BB2F7E7B205F5D55BB22F
:10772000F3E7072307349C43220018CA1092012272
:1077300016931794169B52422493179B5B005B0889
:10774000259324982599234BDBF7C4FD002826D1E7
:107750002498259901221F4B5242D8F791FE002808
:107760001DD11698179900220023D8F77FFE002814
:1077700004D01B2322AA9B182D221A70164B0993A2
:10778000119B472B01DC154B099380239E4300235B
:107790000D9303330A9300231B9301F03DF8169ACF
:1077A000179B10001900DBF795FD00281CD0179BD4
:1077B000002B04DA1B2322AA9B182D221A70084BD7
:1077C0000993119B472BE0DC064BDDE730E602080E
:1077D000FFFBFFFFFFFFEF7F24E6020820E6020821
:1077E0002CE6020828E60208119B612B00D185E0F7
:1077F0005822412B00D182E00A9B013300D1A4E042
:107800002023119A0D909A43472A03D10A9B002BFB
:1078100000D19EE080235B0033431B93179B002B1A
:1078200000DB98E0802212069446169B1E93179B5D
:1078300063441F932D231C932023119D9D43412DB1
:1078400000D001E21E981F992AAA01F045F9FF23F2
:1078500000229B05DAF74EFE002200230E900F91C6
:10786000D8F7FEFD002801D001232A933E4B129346
:10787000119B612B01D13D4B12930A9B099D013B4A
:107880000A9300220E980F99394BDAF733FE0E90C7
:107890000F91DBF741FD0400DBF77AFD02000B00DE
:1078A0000E980F99DBF70CF92B00129A0135125D37
:1078B0000E900F911A700A9B139501335AD00A9BB0
:1078C00000225C1E0023D8F7CBFD002849D02B00F6
:1078D00030200A9AA918CA1A00D4B2E10122012163
:1078E0000A9B0A98DB17524290424B410024DBB2BC
:1078F000A34200D044182B19139361E07822302161
:1079000029AB19705A7002231E430A9B632B14DDA6
:107910000B98591CFCF70AFF0990002812D10C9B08
:107920009A89402313430C9A93810C9B9B895B0695
:1079300000D53FE51A985DB0F0BD00230D9343AB31
:10794000099367E7099B0D9364E706230D900A935B
:1079500060E70123FBE7169B179C1E931F940023EF
:1079600069E70A948DE7C04641E6020830E602085E
:107970000000304000220E980F99D04BD8F78AFDB6
:1079800000280BD10E980F990022CC4BD8F768FD38
:10799000002800D19BE7E30700D498E73020129B32
:1079A0002E95DB7B2E9A013A2E921178994200D1C6
:1079B00045E14B1CDBB2392901D1129B9B7A137034
:1079C000139B099A9B1A0E9344216B462A9A11988D
:1079D0005B1824398843541E01001B7800202A9428
:1079E000412902D10F33DBB201302CA90B702B23BC
:1079F000002C02DA01240233A41A4B70092C00DC9B
:107A0000A0E1372522ABED1820000A210A95D8F70E
:107A100011FD013D3031200029700A211294D8F760
:107A200023FC129B0400632BEEDC2A220A9B22A873
:107A3000991E121837200B0030340C7022AC00193C
:107A4000834200D279E10023884204D322AA393349
:107A50009B180A9A9B1A2A2222A95218D3182CAAD8
:107A60009B1A2293229A0E9B944663440A930E9B80
:107A7000012B01DCF30704D5189A0A9B9446634452
:107A80000A9380228E4B520033401A4300231C007D
:107A90001B92129313931C9B002B00D0B3E1002385
:107AA0001B9E1B931B9B0A9A1C93934200DA1C9209
:107AB0001B2322AA9B181B785A1E93411C9AD31889
:107AC0001C9302233340269302231E4202D01C9BA8
:107AD00002331C9384233340279384231E421FD1F7
:107AE000199B1C9A9D1A002D1ADD3900319B75488F
:107AF000329A013308313860102D00DDEFE27D60ED
:107B0000AD180F0032953193072B09DD0C990B98B6
:107B100030AA00F089FE002801D000F018FE33AF33
:107B20001B2222A952181178329B002914D03A60E6
:107B300001229B183293319B7A609B18319308374E
:107B4000072B09DD0C990B9830AA00F06DFE002878
:107B500001D000F0FCFD33AF269A329B002A15D0ED
:107B600029AA3A6002229B183293319B7A60013332
:107B700031930837072B09DD0C990B9830AA00F0D8
:107B800053FE002801D000F0E2FD33AF279B802B8D
:107B90001FD1199B1C9A9D1A002D1ADD3900319BAB
:107BA0004948329A013308313860102D00DDA9E2CE
:107BB0007D60AD180F0032953193072B09DD0C99CC
:107BC0000B9830AA00F030FE002801D000F0BFFD75
:107BD00033AF1B9B0A9A9D1A002D1ADD3900319B89
:107BE0003948329A013308313860102D00DD9CE2AB
:107BF000AA187D6032920F003193072B09DD0C9992
:107C00000B9830AA00F010FE002801D000F09FFD74
:107C100033AF329B1B93F30500D5A1E20A9A099B6F
:107C200094463B600A9B7B601B9B63443293319B71
:107C300001333193072B00DD78E30837D4E210706D
:107C4000B0E61870013346E603230A9C462D06D0A1
:107C50002C00453C624254410A9A013B14192EAA59
:107C600004922BAA03922AAA029200930B980194E1
:107C70001E9A1F9B01F094F80990472D3CD1F30701
:107C800024D42E9B099A2A9C9B1A0E93472D4BD0E5
:107C9000462D00D098E6012233000A9913400B4389
:107CA000002C6DDD002B00D186E00A00189BE31844
:107CB000D3180A936623119370E0C0460000E03F9A
:107CC000FFFBFFFF58E9020848E90208099B1B195E
:107CD0000E9300221E981F990023D8F7C1FB00289D
:107CE00001D00E9B2E9330222E9B0E999942C8D91B
:107CF000591C2E911A70F7E7099B1B190E93462DFC
:107D0000E7D1099B1B78302B0AD11E981F990022BE
:107D10000023D8F7A5FB002802D101231B1B2A93BF
:107D20002A9B0E9AD318D3E7E31C02DB0A9BA342DB
:107D300016DA119B023B119346E61C78013314704E
:107D400001327DE62A2222ABD218002804D130234A
:107D50002B228B7022ABD2183034531C14707EE669
:107D60000E9BA34212DD189A0E9B944663440A931D
:107D700067231193002C11DC0A9B1B1B01330CE0C1
:107D8000002B1BD0189B0A9A013391E767230A94B2
:107D90001193F30702D5189BE3180A93802332004E
:107DA000DB001A401392002212921E4200D172E6AA
:107DB000944225DC13926EE60A947BE766230A92CE
:107DC0001193EBE7A3420EDAE41A149B5B78002BC5
:107DD00012D0139B01331393149B01331493149B00
:107DE0001B78FF2BEED1129A139B9B181D9A5343BD
:107DF0000A9A9B180A934EE6129B01331293EEE700
:107E0000129B1393EBE71B2322AA9B182D221A70B7
:107E100045E6B30609D523681A9A1A60D2175A6044
:107E20000434159B0993FFF7DDFAF30603D52368A5
:107E30001A9A1A60F4E7730603D523681A9A1A800F
:107E4000EEE7B605F3D523681A9A1A70E8E710230F
:107E50001E432023300018401E4210D0193B073427
:107E60009C43220018CA069307941092B84B1E40F8
:107E700000231B2222A952180021FFF726FC220012
:107E800008CA3100109210221140164202D0069307
:107E90000790EBE7402230001040164203D09BB21F
:107EA00006930791E2E780223100920011401642CA
:107EB000F6D0DBB2EBE7230004CBA649069229AA51
:107EC0001180A54A1093002323927822079302334E
:107ED0001E431192CDE7230004CB002410931B23F3
:107EE000099222AA9B181C700A9BA34210DB1A005D
:107EF0002100099800F0E4FD0D90A04200D1EBE0D4
:107F0000099A0D94831A0A931B9412941394C9E549
:107F10000998D8F703F923000A900D943CE4102344
:107F20001E432023300018401E4209D0193B07345D
:107F30009C43220018CA069307941092012398E7E5
:107F4000230004CB31001093102319401E4203D0AC
:107F5000069207900F3B8CE74023300018401E42EA
:107F600003D093B206930791E8E7802331009B008A
:107F700019401E4203D0D3B206930790DEE7069263
:107F8000F1E7764BFFF7CAFA230004CB31001093D8
:107F9000102319401E4203D006920790FFF7CEFA35
:107FA0004023300018401E4204D093B2069307913C
:107FB000FFF7C4FA802331009B0019401E4202D013
:107FC000D3B20693E9E70692F1E7079B002B0CD1A9
:107FD000069B092B09D8069B3033DBB2E72222A986
:107FE00052181370099200F00EFC00230E938023A8
:107FF000DB0023405CAE0D930A220698079900230C
:10800000D8F796FA731E303209931A700E9B05004A
:1080100001330E930D9B1291002B23D0149B0E9ACB
:108020001B789A421ED1FF2A1CD0079B002B03D13C
:10803000069B092B00D8E6E3099B1D9A21999B1A00
:1080400018000993FDF792FF0022149B0E925B78B3
:108050005A1E9341149AD3181493129B099E0695A5
:108060000793C9E7079B002BF7D1069B092BF4D890
:10807000C9E30F205CAB0993099B239A013B099349
:10808000069B0340D35C099A1370079B1907069B54
:108090001A09079B11431B0907930B00079A0691C6
:1080A0001343E9D1AFE35CAA0992002B00D0AAE305
:1080B000F60700D4A7E3303390E7119B002B00D1E3
:1080C00066E3119A1B2143AB1A70002222A80918FB
:1080D0000A701094FFF7D4FA0D9BFFF75DFB102098
:1080E0001218786032923193072B08DD0C990B98A7
:1080F00030AA00F099FB002800D028E333A90F0034
:10810000103DF2E410201218786032923193072B60
:1081100008DD0C990B9830AA00F086FB002800D0EF
:1081200015E333A90F00103D38E5102012187860D0
:1081300032923193072B08DD0C990B9830AA00F08E
:1081400073FB002800D002E333A90F00103D45E582
:10815000FFFBFFFF3078000030E6020841E602082E
:10816000119B652B00DC3FE2169817990022002333
:10817000D8F776F9002878D07A4B3B6001237B60F2
:108180001B9B083701333293319B01333193072B0B
:1081900008DD0C990B9830AA00F046FB002800D0AF
:1081A000D5E233AF2A9B0E9A934201DBF3071BD52E
:1081B000209B189A3B60189B7B60329B08379B186A
:1081C0003293319B01333193072B08DD0C990B98C7
:1081D00030AA00F029FB002800D0B8E233AF0E9B94
:1081E00010255C1E002C2FDC760700D592E2199B2F
:1081F0001C9A934200DA13001A9AD3181A93329BEE
:10820000002B07D00C990B9830AA00F00DFB00282A
:1082100000D09CE2002331930D9B002B00D0B2E2F2
:10822000109C33AFFDE510327D6032923193072B05
:1082300008DD0C990B9830AA00F0F6FA002800D05F
:1082400085E233A90F00103C3900319B4648329A31
:10825000013308313860102CE5DC7C60A4180F0075
:1082600032943193072BBFDD60E02A9B002B00DDA9
:108270007CE03C4B3B6001237B601B9B0837013358
:108280003293319B01333193072B08DD0C990B9806
:1082900030AA00F0C9FA002800D058E233AF0E9996
:1082A0002A9B329A0B43012131400B439CD0209BE7
:1082B0003B60189B7B609A18319B3292013331935B
:1082C0000837072B08DD0C990B9830AA00F0ACFAA0
:1082D000002800D03BE233AF2A9C002C19DA38008A
:1082E000102564423199204A329B013108370260DF
:1082F000102C25DC4460E41832943191072908DD04
:108300000C990B9830AA00F08FFA002800D01EE2DA
:1083100033AF099B329A3B600E9BD2183292319A4E
:108320007B6001323192072A00DC86E40C990B98BD
:1083300030AA00F079FA002800D008E233AF53E702
:108340001033456032933191072908DD0C990B9861
:1083500030AA00F069FA002800D0F8E133AF380005
:10836000103CBFE752E6020848E902080E9B2500D0
:108370009C4200DD1D00002D14DD099B7D603B60EB
:108380001B9B0837EB183293319B01333193072B3A
:1083900008DD0C990B9830AA00F046FA002800D0AE
:1083A000D5E133AFEB43DB171D40651B002D19DD15
:1083B0003900319BCB48329A013308313860102D97
:1083C00000DD83E07D60AD180F0032953193072BFF
:1083D00008DD0C990B9830AA00F026FA002800D08E
:1083E000B5E133AF099B1C1973050BD5139B002B0B
:1083F0007FDC129B002B7FDC099B0E9A9B189C4212
:1084000000D91C002A9B0E9A934201DBF30716D574
:10841000209B189A3B60189B7B60329B08379B1807
:108420003293319B01333193072B08DD0C990B9864
:1084300030AA00F0F9F9002800D088E133AF0E9A95
:10844000099B94462A9D63441B1B551B9D4200DDDE
:108450001D00329B002D12DDEB183293319B3C60E6
:1084600001337D6031930837072B08DD0C990B9899
:1084700030AA00F0D9F9002800D068E133AF0E9B94
:108480002A9C1C1BEB43DB171D40641B1025002C92
:1084900000DCA9E63900319B9248329A0133083159
:1084A0003860102C00DCD8E610327D6032923193B7
:1084B000072B08DD0C990B9830AA00F0B5F90028BD
:1084C00000D044E133A90F00103CE3E7102012185C
:1084D000786032923193072B08DD0C990B9830AA03
:1084E00000F0A2F9002800D031E133A90F00103DBF
:1084F0005EE7129B002B5DDD129B013B1293219BDB
:108500001D9A3B601D9B7B60329B08379B18329302
:10851000319B01333193072B08DD0C990B9830AA5E
:1085200000F082F9002800D011E133AF099B0E9AC8
:108530009D18149B2D1B1B789D4200DD1D00329B56
:10854000002D12DDEB183293319B3C6001337D60CE
:1085500031930837072B08DD0C990B9830AA00F0EF
:1085600063F9002800D0F2E033AF149B1A78EB4394
:10857000DB171D40551B002D18DD3900319B594874
:10858000329A013308313860102D1ADC7D60AD1845
:108590000F0032953193072B08DD0C990B9830AA08
:1085A00000F042F9002800D0D1E033AF149B1B78D3
:1085B000E4181BE7149B013B1493139B013B13939B
:1085C0009DE710201218786032923193072B08DD56
:1085D0000C990B9830AA00F027F9002800D0B6E0DB
:1085E00033A90F00103DC8E73C001B99319B0E9A40
:1085F000013101330834012A03DC0122164200D183
:1086000083E0099A32913A60012231937A60072B14
:1086100008DD0C990B9830AA00F006F9002800D06C
:1086200095E033AC209B189A2360189B6360329BC3
:1086300008349B183293319B01333193072B08DDAB
:108640000C990B9830AA00F0EFF8002800D07EE0DB
:1086500033AC319B0022169817990A930E9B329FD8
:108660005D1E0023D7F7FCFE002826D1099B0A9A3D
:1086700001330E9923607B1E01325B1865603293D3
:1086800031920834072A07DD0C990B9830AA00F0C4
:10869000CBF800285BD133AC2CAB2360229B229A11
:1086A0006360329B9B183293319B01333193072BCC
:1086B00000DD3BE60834270096E50E9B1027012BD2
:1086C000EADD2100319B0748329A013308312060EE
:1086D000102D09DC65600C00AD1832953193072B25
:1086E000DADDD1E748E9020810326760329231934F
:1086F000072B07DD0C990B9830AA00F095F800289D
:1087000025D133A90C00103DDBE70998329105C74C
:108710003193E4E7199B1C9A10259C1A002C00DC6D
:1087200065E5319B3F49329A01333960102C19DCE1
:108730007C60A41832943193072B00DC57E50C9928
:108740000B9830AA00F070F8002800D14FE50D9B7F
:10875000002B01D1FFF7E9F819000B98FDF76AFD2E
:10876000FFF7E3F810327D60329231930837072B20
:1087700007DD0C990B9830AA00F056F80028E6D1D6
:1087800033AF103CCDE70D990B98FDF753FD47E54E
:10879000329B002B01D1FFF7C8F80C990B9830AA37
:1087A00000F042F8FFF7C1F83400002A01D1FEF7CB
:1087B000A1FF012B01D1FFF708FC022B00D158E4E7
:1087C00007255CAB0993099A1300013B0993069BAB
:1087D00009992B4030330B7007994E070699C8084A
:1087E00007990643C9080791310007980696014387
:1087F000E9D1E10707D5302B05D03021099B013B9A
:108800001970931E09930A9B099A1B935CAB9B1AE0
:108810000A93002326000D931C0012931393FFF775
:1088200041F9C04658E90208F7B50E001400156872
:108830000190A368002B04D100200023A360636093
:10884000FEBD63685A1E6260002BF5DD6F68002F65
:108850000AD03B0031002A68019801F0D1FD431C89
:10886000EBD0A368DB1BA3600835E2E770B5050019
:108870000C1E1AD0002804D0436B002B01D1FDF749
:108880008DFA0C22A35E626ED20704D49B050FD42E
:10889000A06DFDF741FC0C22A35E002B08D1636E96
:1088A000DB0702D4A06DFDF738FC0026300070BD58
:1088B0002100280000F036F8E36A0600002B06D0FD
:1088C0002800E1699847002801DA01267642A38949
:1088D0001B0603D528002169FDF7ACFC216B00299C
:1088E00008D023004033994202D02800FDF7A2FCB3
:1088F00000232363616C002904D02800FDF79AFC53
:1089000000236364FDF73AFA0023A381636EDB075B
:1089100002D4A06DFDF701FCA06DFDF7FCFBFDF797
:1089200035FAC3E7F7B50C228B5E05000C001A0779
:108930005ED4802212011A438A814A68002A02DC2E
:10894000CA6B002A52DDA76A002F4FD00022802078
:108950002E682A601A004001E1690240034237D0C4
:10896000226DA3895B0706D56368D21A236B002B9F
:1089700001D0E36BD21A00232800A76AE169B84747
:10898000431C06D12A681D2A4AD82C4BD340DB074A
:1089900046D50C22A35E2A4A1A40A28100226260B8
:1089A00022692260DB0405D5431C02D12B68002B11
:1089B00000D12065216B2E60002917D023004033A1
:1089C000994202D02800FDF735FC002323630DE017
:1089D00001232800B8470200431CC2D12B68002B9A
:1089E000BFD01D2B01D0162B1AD12E6000201EE007
:1089F0000E69002EFAD00F680E60BA1B0192002299
:108A00009B0700D14A69A260019B002BEEDD636ADF
:108A100032001F002800019BE169B847002807DCED
:108A200040230120A289404213431BB2A381FEBD13
:108A3000019B36181B1A0193E6E7C046010040204F
:108A4000FFF7FFFF70B505000C00002804D0436B52
:108A5000002B01D1FDF7A2F90C22A35E1E1E15D03A
:108A6000626ED20704D49B0502D4A06DFDF754FBBF
:108A700021002800FFF756FF636E0600DB0705D4D0
:108A8000A3899B0502D4A06DFDF747FB300070BDA4
:108A9000004870472408002070B5074C074D641B40
:108AA000A410002C02D101F0C1FF70BD013CA30055
:108AB000EB589847F5E7C0469CE9020898E9020898
:108AC000C9B28218904201D10020704703788B42CE
:108AD000FBD00130F6E7000070B5140000252560DA
:108AE000104D4B000A005B08AB421AD81D0005432D
:108AF00017D00D4D294209D100220C4BD9F7FAFCB1
:108B000036250A004B006D425B082560084D1B1599
:108B10005B192568EB182360064B1A40064B13437C
:108B2000190070BDFFFFEF7F0000F07F0000504391
:108B300002FCFFFFFFFF0F800000E03FF7B51C4F76
:108B400004003868160001930091FDF7E5FA194A10
:108B50001368002B01D1184B13605A6838681F2A1C
:108B600004DDFDF7DAFA01204042FEBD002C14D0EE
:108B7000910059180F0088373E6001271E0097406A
:108B80008536FF367568FC313D437560019DCD60CB
:108B9000022C02D1B1683943B160511C59600232D4
:108BA00000999200D150FDF7B8FA0020DDE7C046E9
:108BB000E8090020689A01206C9A01207FB5140012
:108BC0001A00094B05001B680E00D868074B002CE3
:108BD00001D1074B1C000749019302942B0000961A
:108BE00000F0B2FE01F024FEA008002054E60208C6
:108BF0008FE6020861E60208F8B500240B0C160C9B
:108C0000A34233D1A64221D18BB291B25943FBF793
:108C10008DFD051E32D00300083B5A6803239A439A
:108C2000043A242A32D80300132A0AD90460446083
:108C300008331B2A05D98460C460242A21D003008C
:108C4000103300221A605A609A6018E0331C0D1C21
:108C500089B292B29BB24A43ADB25D43110C69181E
:108C60000B0C07D1090492B21143D0E7002E01D1B9
:108C7000151CEDE7FDF724FA0C23036000252800FE
:108C8000F8BD0300046118334461DAE70021FDF701
:108C900039F9F4E7F0B503690C6989B003900691DE
:108CA0000020A34263DB0B00013C1433A5000493B6
:108CB0005B190593039B143301935D19059B2F6882
:108CC0001E68380001363100D7F744FA0290B742E7
:108CD00027D3049B00279C46019E0797624608CA3B
:108CE00030689446029A99B251431B0C5343C919F8
:108CF0000A0C9B1889B282B2521A07991F0C52189B
:108D0000000C9BB21114C31A5B18191492B21B0405
:108D10001A43059B079104C66345DFD22B68002BDD
:108D20002BD006990398FEF725F900281EDB0026B4
:108D3000019D049901C92B6887B29AB2D21B92197E
:108D4000000C1B0C1B1A10141B181E1492B21B04CF
:108D50001A43059B04C58B42ECD2019AA300D31899
:108D60001A68002A14D0029B01330293029809B0BA
:108D7000F0BD2B68002B04D1013C019B043DAB42AC
:108D8000F7D3039B1C61CCE71A68002A04D1013C8D
:108D9000019A043B9A42F7D3039B1C61E3E700006E
:108DA000F0B514001D00816B9DB00A940B95259EB3
:108DB0000390002909D00123C26B93404A608B6065
:108DC000FDF77EFE0023039A9363002D1EDA012334
:108DD00033606B005B080B930B9FB64BB54A3B406F
:108DE000934216D1B44B249A13603B031B0B2343CD
:108DF00001D100F07BFDB14B269A0893002A02D0E6
:108E0000AF4B269A136008981DB0F0BD0023336065
:108E1000E2E70A9A0B9B129213931298139900227D
:108E20000023D7F71DFB061E0BD00123249A1360E5
:108E3000269B002B02D0A34B269A1360A24B0893CB
:108E4000E1E71AAB01931BAB00930398129A139BB3
:108E5000FEF7B2F97A000590520D00D17BE0139B2A
:108E600018961903994B090B0B43994957181298F7
:108E7000139919000022974BD9F722FE964A974B77
:108E8000D9F738FB964A974BD8F734FB04003800E3
:108E90000D00DAF77DFA944A944BD9F72BFB0200C8
:108EA0000B0020002900D8F725FB04000D00DAF79D
:108EB00033FA00220490002320002900D7F7D6FAC5
:108EC00000280BD00498DAF763FA2B002200D7F7BA
:108ED000C7FA43425841049B1B1A0493012315937C
:108EE000049B162B10D812981399049A804BD20029
:108EF0009B181A685B68D7F7B9FA002847D0049B1B
:108F0000013B04930023159300221A9B0692DB1B5E
:108F10005A1E3ED50122D31A069300230D93049BBB
:108F2000002B38DB049A0D9B944663440D93002379
:108F300014920F93229B0124092B62D8052B02DD8A
:108F40000024043B2293229B981E032863D8D7F762
:108F5000EDF85456382B1B9B1A9EF618654BF218E9
:108F6000202A0FDD40239B1A9F40634B3800F318E3
:108F7000DC402043DAF73AFA0122604B771ECB1827
:108F8000189276E7202320009B1A9840F2E715906C
:108F9000BAE70D92C3E7069B049A9B1A06935342C5
:108FA0000F9300231493C5E70123239A109394464B
:108FB000049B63440E9301330993002B08DC0123C7
:108FC00006E001231093239B002B28DD0E930993C9
:108FD0000021042210001430984225D9039B180068
:108FE000D963FDF745FD0890002820D1B021444BFE
:108FF0004448089AFF31FFF7E1FD0023E2E7002330
:10900000D3E7002310942293013B00220E9309938F
:1090100013332392DCE701231093023BF5E701238E
:109020001A000E930993F4E701315200D2E7039B33
:10903000089A9A63099B0E2B00D9D4E0002C00D12A
:10904000D1E0049B002B61DD0F21049A284B0A40DC
:10905000D2009B181E685F68049B02241D11DB056B
:109060000AD5294B0D401A6A5B6A12981399D8F7F2
:1090700007FE0A900B910134234B0C93002D08D16D
:109080000A980B9932003B00D8F7FAFD0A900B9131
:1090900057E001231D4209D0E4180C9B30001A68E8
:1090A0005B683900D9F726FA06000F000C9B6D109B
:1090B0000833E2E70000F07F0F27000099E602087E
:1090C0009CE6020853E6020852E602080000F03F60
:1090D00001FCFFFF0000F83F61436F63A787D23FA9
:1090E000B3C8608B288AC63FFB799F501344D33F97
:1090F00080E802083204000012040000000010FEA4
:1091000056E502089DE6020858E80208049B02247E
:10911000002B16D0129813990F225D422A40D54B8E
:10912000D2009B181A685B68D9F7E4F9012700237D
:109130000A900B91D04E2D11002D00D095E0002B00
:10914000A4D10A9E0B9F159B002B00D198E0002212
:1091500030003900C94BD7F789F9002800D18FE0DA
:10916000099B002B00D18BE00E9B002B37DD049B6D
:109170000022013B0C933000C14B3900D9F7BAF9FA
:109180000A900B910E9B013420001193DAF700F93D
:109190000A9A0B9BD9F7AEF9BA4B0022D8F7AAF975
:1091A000B94B0600CF18119B002B6DD10A980B9973
:1091B0000022B64BD9F784FC32003B0004000D00BE
:1091C000D7F768F9002800D0B5E2802109067B189E
:1091D000320020002900D7F749F9002828D1129B36
:1091E000139C0A930B941B9B002B00DA74E1049AE6
:1091F0000E2A00DD70E19F4BD2009B185C681B6853
:1092000006930794239B002B00DBE7E0099B002BD0
:1092100000DDE3E00CD10698079900229B4BD9F7BB
:1092200069F90A9A0B9BD7F73FF9002800D185E22C
:1092300000263700239B089CDB430C9304970027F0
:1092400031000398FDF73CFC049B002B00D1BBE0F0
:10925000002F05D09F4203D039000398FDF730FC62
:1092600004990398FDF72CFCAEE03D4205D032682E
:109270007368D9F73FF93B0001346D1008365BE79E
:10928000049B0C93099B7FE7119A7A4B013AD20019
:1092900010999B181A685B6800294CD000207C4903
:1092A000D8F7EEFC32003B00D9F70AFC089A06001A
:1092B00094460F00089B1693119B634411930A98E0
:1092C0000B99DAF729F80500DAF762F802000B00CB
:1092D0000A980B99D9F7F4FB169B30355C1C1D706E
:1092E00032003B000A900B91D7F7C0F800286BD1F1
:1092F0000A9A0B9B00206149D9F7E2FB32003B0040
:10930000D7F7B4F8002800D0C6E0119BA34200D1E3
:1093100065E7002230003900594BD9F7EBF80022FD
:1093200006000F000A980B99554BD9F7E3F81694ED
:109330000A900B91C3E730003900D9F7DBF8089D9C
:10934000119A2B00944616901791634419930A982A
:109350000B99D9F7E1FF0400DAF71AF80B000200C5
:109360000A980B99D9F7ACFB3034199B2C70013556
:1093700006000F00AB422AD116981799089B119C42
:109380009C460022424B6444D8F7B4F802000B001C
:1093900030003900D7F77EF8002800D07CE0169A1C
:1093A000179B00203A49D9F78BFB02000B003000D5
:1093B0003900D7F75BF8002800D110E72300013C03
:1093C0002278302AFAD01C000C9B049342E0002241
:1093D0002B4BD9F78FF80A900B91B8E7099B089DA2
:1093E000013B5B190A9E0B9F0A93069A079B30006C
:1093F0003900D8F745FCD9F78FFF0990D9F7C8FF96
:10940000069A079BD9F776F802000B003000390066
:10941000D9F756FB2B00099A013530321A700A9A97
:109420002C009A424BD102000B00D8F763F8069A41
:10943000079B06000F00D7F72DF800282AD1069ABF
:10944000079B30003900D7F70BF8002802D0099BA2
:10945000DD071FD405990398FDF732FB0023237025
:10946000049B249A01331360269B002B00D1CAE48D
:109470001C60C8E480E8020858E802080000F03FD9
:109480000000244000001C400000C0FC000014400C
:109490000000E03F049B0C9323001C00013B1A7862
:1094A000392A08D1089A9A42F7D10C9A08990132C0
:1094B0000C9230220A701A7801321A7084E7002266
:1094C000C54BD9F717F80022002306000F00D6F786
:1094D000C7FF002889D0BDE7109F0F9D069C002F75
:1094E00014D0229A012A00DDE4E0189A002A00D163
:1094F000DAE0BA4A9B18069A0121D21806920D9A10
:109500000398D3180D93FDF7C5FB0700002C0ED070
:109510000D9B002B0BDD0D9A2300944200DD130000
:10952000069AE41AD21A06920D9AD31A0D930F9B3B
:10953000002B21D0109B002B00D1D3E0059E002DE5
:1095400014D039002A000398FDF766FC059A010043
:1095500007000398FDF7B6FB060005990398FDF791
:10956000AFFA0F9B05965B1B0F9305D031000F9A46
:109570000398FDF751FC059001210398FDF78AFB44
:10958000149B0600002B00D1BAE11A0001000398D9
:10959000FDF742FC229B06000025012B16DC00256E
:1095A0000A9BAB420ED10B9B1B03AB420AD18C4BE7
:1095B0000B9A134206D0069B0135013306930D9B8F
:1095C00001330D93149B0120002B08D03369033322
:1095D0009B00F3185868FDF70DFB2023181A0D9B0C
:1095E000181802001F231A40184200D181E00133ED
:1095F0009B1A042B79DD1C239B1A069AE418D218B7
:1096000006920D9AD3180D93069B002B05DD1A00C8
:1096100005990398FDF742FC05900D9B002B05DD95
:1096200031001A000398FDF739FC0600159B002B4A
:1096300061D031000598FDF79DFC00285BDA049BA2
:109640000A22013B0C93059900230398FDF742FA87
:10965000109B0590002B00D159E1002339000A220C
:109660000398FDF737FA0E9B0700002B4DDC229B79
:10967000022B46DD0E9B002B00D0DBE531000522DE
:109680000398FDF727FA060001000598FDF772FC24
:10969000002800DCCEE5089B089A5C1C312313707F
:1096A0000C9B01330C93C9E536231A9A0F9D9B1A24
:1096B000069C20E7099B5D1E0F9BAB4208DB5D1BF0
:1096C000099B002BF4DA069B099A9C1A002312E7E7
:1096D0000F9B149AEB1AD31814930F95069C002530
:1096E000099B08E70F9A059942E7042B8CD01C339D
:1096F00083E71300FBE7049B0C93099B0E93002B5D
:10970000B5DD109B002B00D105E1002C05DD3900F3
:1097100022000398FDF7C2FB07000497002D1FD01D
:1097200079680398FDF7A4F9041E0BD122002D4B94
:109730002D482E495FE4119E3700ACE7049B099E3B
:109740000C93F9E739003A690C31023292000C307F
:10975000FCF7F7FC012221000398FDF79FFB049022
:10976000089B0E9A0693013B9B1801220F930A9BBC
:1097700013400E9331000598FFF78CFA390005006D
:109780000A900598FDF7F6FB049A0D9031000398B6
:10979000FDF70CFC0122C368040030350992002B50
:1097A00004D101000598FDF7E5FB0990210003981D
:1097B000FDF786F9069B229A5C1C099B13430E9ABF
:1097C000134315D1392D2ED00D9B002B01DD0A9DA1
:1097D0003135069B1D7033E5000024403304000042
:1097E0000000F07F56E502089DE60208EF02000047
:1097F0000D9B002B04DB229A13430E9A13431ED1B8
:10980000099B002BE5DD059901220398FDF746FB36
:1098100031000590FDF7AEFB002802DCD9D1EB0743
:10982000D7D5392DD3D13923069A137023001C00C4
:10983000013B1A78392A50D001321A7000E5099B91
:10984000002B03DD392DEED00135C2E7069B069AC9
:109850001D700F9B93422BD000230A220599039879
:10986000FDF738F9049B05909F4209D13900002388
:109870000A220398FDF72EF907000490069479E771
:10988000390000230A220398FDF724F9002307007A
:109890000A2204990398FDF71DF90490EEE70E9B48
:1098A0000124002B00DD1C0004970027089B1C19D5
:1098B000059901220398FDF7F1FA31000590FDF7B3
:1098C00059FB0028B2DC01D1ED07AFD423001C0006
:1098D000013B1A78302AFAD0B2E4089A9A42A6D10B
:1098E0000C9B01330C9331231370A9E4144B269A7B
:1098F0000893144B002A01D0FFF783FAFFF783FA8D
:10990000229B012B00DC4AE60120149D67E60E9B9A
:10991000002B00DCABE6002431000598FFF7BAF914
:10992000089B303018550E9B01340500A342B6DD6C
:1099300000230A2205990398FDF7CCF80590EBE780
:1099400090E6020898E602080EB417B5054C05AB80
:1099500004CB01002068019300F006F81EBC08BC8F
:1099600003B01847A0080020F0B5C1B01C001D00CE
:10997000069004910792002804D0436B002B01D17C
:10998000FCF70CFA049B5B6EDB0707D4049B9B89F6
:109990009B0503D4049B986DFCF7BEFB049B0C2134
:1099A000595E80239B01194207D10B43049A049905
:1099B000526E8B819F4B13404B66049B01225B6E62
:1099C000990407D5134217D001235B4208930898E6
:1099D00041B0F0BD049B9B891B0703D5049B1B6909
:1099E000002B12D10499069800F0C4FE00280CD078
:1099F000049B5B6EDB07E7D4049B9B899B05E3D448
:109A0000049B986DFCF789FBDEE7049B0C229B5EB0
:109A10001A221A400A2A16D1049A0E21525E002AEE
:109A200011DB049A526ED20705D49B0503D4049B24
:109A3000986DFCF772FB2300079A0499069800F0D2
:109A40008BFC0890C3E7002317AE1496169315936A
:109A500003960C930D930E930F930893079C237812
:109A6000002B02D0252B00D087E0079BE71A9C42F1
:109A700010D0039A1360169B5760DB191693159B41
:109A800001331593072B7ADC130008330393089BEB
:109A9000DB1908932378002B01D100F017FC00227A
:109AA00012A9CA700121631C140049420591099250
:109AB0005A1C1B780792180020385A2800D962E3F4
:109AC000D6F73EFBA00061036103A90061036103B7
:109AD0006103850061036103AB00B3006103B10062
:109AE000BE006103E000E200E200E200E200E2000A
:109AF000E200E200E200E20061036103610361034E
:109B0000610361036103610361030A01EE01610303
:109B10006103610361036103610361036103610325
:109B2000610345026103610361037E0261039802E0
:109B300061036103C60261036103610361036103A1
:109B4000610361036103610361030A01F0016103C1
:109B500061036103F300F00106016103FF0061038B
:109B60002A0247027202060161037E02A7009A02DE
:109B70006103610367006103A70001346FE7049983
:109B8000069814AA00F02CFC002800D079E317AB4B
:109B90007CE7294A20000C9220221040144200D178
:109BA00058E2193A0735954306CD00910192E20734
:109BB00009D5009A01990A4305D013AA30215370A0
:109BC000022311701C431D4B1C400223CFE1069859
:109BD000FEF75EFF436818000F93D6F79FFA0E90CA
:109BE0000698FEF755FF83680D930E9B002B10D04F
:109BF0000D9B002B0DD01B78002B0AD08023DB009F
:109C00001C4306E012ABDA780333002A01D120327C
:109C10001A70079B4CE70123F2E708CD0993002B4C
:109C2000F7DA5B4209930423EAE72B2212ABDA70DE
:109C3000EFE7C046FFDFFFFF30E60208FFFBFFFF54
:109C4000079B5A1C1B782A2B0ED000210A271800CC
:109C500030380792092810D90591002900DB2AE73E
:109C600001225242059226E708CD0593002B02DA25
:109C700001235B4205930792CBE7794313780918D8
:109C80000132E4E78023BBE70021079A09910A31FA
:109C90000998303B48431B18099313780132180088
:109CA00030380928F4D9079205E7079B1B78682B01
:109CB00005D1079B0133079380239B00A0E7402336
:109CC0009EE7079B1B786C2B04D1079B01330793FE
:109CD000202395E7102393E704CD27AB1A700022C9
:109CE00012A9CA7001211E0005910B920B9B059AC7
:109CF0000A93934200DA0A9212AB03331B785A1E7E
:109D000093410A9AD3180A93022323401093022303
:109D10001C4202D00A9B02330A93842322001A4079
:109D200011921C4221D1099B0A9A9F1A002F1CDD17
:109D3000169B03999C46CC48159B039A0133083126
:109D40001060102F00DD2BE25760674416971593C3
:109D50000391072B09DD0499069814AA00F040FB33
:109D6000002800D08DE217AB039312A9C878169A89
:109D7000159B033100280DD00398013301600121A8
:109D80005218416016921593072B00DD1BE2030069
:109D9000083303931099169A159B00290ED0039847
:109DA00013A90160022101335218416016921593E4
:109DB000072B00DD10E2030008330393119B802B77
:109DC00021D1099B0A9A9F1A002F1CDD169B03992B
:109DD0009C46A648159B039A013308311060102F4A
:109DE00000DD02E257606744169715930391072B35
:109DF00009DD0499069814AA00F0F2FA002800D0B0
:109E00003FE217AB03930B9B059A9F1A002F1CDDB3
:109E1000169B03999C469548159B039A013308317C
:109E20001060102F00DDF3E157606744169715931B
:109E30000391072B09DD0499069814AA00F0D0FAC3
:109E4000002800D01DE217AB0393039A059B166010
:109E50005360169B059A9B181693159B0133159317
:109E6000072B00DDE7E1039E0836640700D5EBE130
:109E7000099B0A9A934200DA1300089AD3180893B0
:109E8000169B002B07D00499069814AA00F0A8FA94
:109E9000002800D0F5E10023159317AB0393DDE50F
:109EA00010231C43A30628D5072307359D430CCD5B
:109EB00000920193019A0123002A09DA009E019F72
:109EC00000227142BA41009101922D2112AAD17053
:109ED0000199009A0A430599002900DA04E28021D9
:109EE00027008F43002A00D002E2059A002A00D101
:109EF0003FE1012B00D0FEE1D9E008CDE20603D519
:109F00000093DB170193D5E7620601D51BB2F7E793
:109F1000A205F5D55BB2F3E7A30606D52B68089A30
:109F20001A60D2175A60043598E5E30603D52B680A
:109F3000089A1A60F7E7630603D52B68089A1A8017
:109F4000F1E7A405F3D52B68089A1A70EBE7102304
:109F50001C432023200018401C420BD0193B07351E
:109F60009D430CCD00920193414B1C4000230021E6
:109F700012AAACE71022210008CD1140144202D0F1
:109F800000930190F0E7402220001040144203D0DB
:109F90009BB200930191E7E78022210092001140DB
:109FA0001442F6D0DBB2EBE708CD32490093002330
:109FB00013AA1180304A019302331C430C92D6E756
:109FC000002708CD1E0012ABDF70059BBB420CDBE7
:109FD0001A0039003000FEF773FD0B90B84200D133
:109FE00084E6831B05930B9780E63000D6F796F83E
:109FF0000590F8E710231C432023200018401C4242
:10A0000007D0193B07359D430CCD009201930123E6
:10A01000ADE71023210004CD19401C4203D000926B
:10A0200001900F3BA3E74023200018401C4203D0BF
:10A0300093B200930191EAE7802321009B0019402D
:10A040001C4203D0D3B200930190E0E70092F1E705
:10A050000A4A9FE51021270004CD0F400C420FD083
:10A0600000920190A3E5C04678E9020868E9020879
:10A07000FFFBFFFF3078000030E6020841E60208EF
:10A080004021200008400C4203D092B20092019778
:10A090008DE58021270089000F400C42F6D0D2B216
:10A0A000DEE7019B002B0BD1009B092B08D8009BFE
:10A0B0003033DBB2B72212A952181600137041E1F7
:10A0C00040AB1E0080230024DB003B400A930A22A1
:10A0D000009801990023D6F72BFA33003032013B68
:10A0E0001E001A700A9B0B9010910134002B20D097
:10A0F0000D9B1B78A3421CD1FF2C1AD0019B002B77
:10A1000003D1009B092B00D81CE10E9A0F99B31ABA
:10A1100018001E00FBF72AFF0D9B00245B785A1ED7
:10A1200093410D9AD3180D930B9B0093109B0193B1
:10A13000CDE7019B002BF7D1009B092BF4D801E15F
:10A1400040AB1E000F203300013B1E00009B0C9A09
:10A150000340D35C3370019B1907009B1A09019BD4
:10A1600011431B0901930B00019A00911343EAD19B
:10A17000E8E040AA1600002B00D0E3E0E40700D49A
:10A18000E0E0303396E7002B00D19FE027AA137060
:10A19000002312A9CB700121160005910B93A5E5B0
:10A1A000102050606246121816921593072B07DD97
:10A1B0000499069814AA00F013F9002861D117A990
:10A1C000103F0391B4E50499069814AA00F008F929
:10A1D000002856D117ABDCE50499069814AA00F0C4
:10A1E000FFF800284DD117ABE7E51020506062461C
:10A1F000121816921593072B07DD0499069814AAD6
:10A2000000F0EEF800283CD117A9103F0391DDE5DE
:10A21000102050606246121816921593072B07DD26
:10A220000499069814AA00F0DBF8002829D117A990
:10A23000103F0391ECE50499069814AA00F0D0F8B9
:10A2400000281ED117AE10E6099B0A9A10279C1A07
:10A25000002C00DC0CE615993E4A169B0131326059
:10A26000102C22DC7460E41816941591072900DC88
:10A27000FEE50499069814AA00F0B2F8002800D16F
:10A28000F6E5049B5B6EDB0707D4049B9B899B056B
:10A2900003D4049B986DFBF740FF049B9B895B06EE
:10A2A00001D4FFF794FBFFF78FFB10337760169311
:10A2B00015910836072907DD0499069814AA00F0BD
:10A2C0008FF80028DDD117AE103CC4E7169B002B99
:10A2D00002D100231593D4E70499069814AA00F03C
:10A2E0007FF80028F5D0CCE72700002A00D100E64F
:10A2F000012B00D1D5E6022B00D121E740AB1E0097
:10A3000007239C463300013B32001E006346009940
:10A310000B40019930334C0700993370C8080199FC
:10A320000443C90801912100019800940143E9D137
:10A33000F90707D5302B05D033003021013B1970C8
:10A34000931E1E00059B3C000B9340AB9B1B05938B
:10A35000CCE4C04678E90208F0B5150002221E4C94
:10A360001F008B89A54493436A4693814B6E060078
:10A370001993CB8916A8D381CB690C0007934B6A3C
:10A3800009931AAB009304938023DB000293059397
:10A3900000230693FBF7BEFE2A003B00694630000F
:10A3A000FFF7E2FA051E07DB69463000FEF74AFBBD
:10A3B000002801D001256D426B469A8940231A423C
:10A3C00002D0A2891343A3811698FBF7A4FE2800AC
:10A3D000024B9D44F0BDC04694FBFFFF6C0400009F
:10A3E000002310B5140092689A4205D0220000F0B4
:10A3F00067F800220300A26000221800626010BD0E
:10A40000F0B58E6885B01F000C000B6802900392B7
:10A41000BE4230D80C21625E9021C9000A4228D089
:10A42000032021695B1A0193636943430198DD0F9F
:10A43000ED187B1C1B186D10AB4200D91D00520596
:10A4400028D529000298FAF771F9061E2CD0019A36
:10A450002169FBF776FEA289184B1A40802313432B
:10A46000A381019B2661F61826603E006561ED1A06
:10A47000A560BE4200D93E00320003992068FBF778
:10A480002FFD0020A3689B1BA36023689B192360FA
:10A4900005B0F0BD2A000298FAF78CFB061EE0D149
:10A4A00021690298FBF7C6FE0C230120029A404264
:10A4B0001360A28934331343A381E9E77FFBFFFFD5
:10A4C000F0B5936887B00C0002900492002B02D183
:10A4D000002007B0F0BD8B891B0756D50B69002BF8
:10A4E00053D0049B1B6801930C22A35E02221E0022
:10A4F000164013426FD1012201211A400B4200D1B4
:10A50000A2E0300037000396002F00D10AE10028B6
:10A510000AD13A000A210398FEF7D2FA7E1C0028DD
:10A5200002D0039B0130C61A0596BE4200D905979A
:10A5300020682269A5686369904200D8FBE0059A0B
:10A54000ED18AA4200DCF6E003992A00FBF7C8FCEC
:10A55000236821005B1902982360FEF773FA002834
:10A560006DD10120761B05D121000298FEF76AFA11
:10A57000002864D1039B049A5B190393049B7F1BFF
:10A580009B685B1B9360BFD1A2E72100029800F09B
:10A59000F1F80028A5D0012040429AE7019B1E68EF
:10A5A0005D6808330193676AE169002DF6D06E4A51
:10A5B0002B00954200D9130032000298B8470028BA
:10A5C0003DDD049B049A9B6836181B1A2D1A936074
:10A5D000002BE8D17CE700263500E4E7019B1B68EF
:10A5E0000393019B5D68083301930C22A35E2068EE
:10A5F000A668002DF2D080229200134262D0AE42B3
:10A6000037D89022D200134233D02169421A032056
:10A61000059262694243D70FBF18059A7F10013235
:10A620005219BA4200D917005B053CD5390002988F
:10A63000FAF77CF8061E0AD10C23029A1360402315
:10A64000A2891343A381A6E715000392CDE7059ADB
:10A650002169FBF776FDA289444B1A4080231343FE
:10A66000A381059B2661F61826602E006761FF1AFC
:10A67000A7602F00AE4200D92E0032000399206857
:10A68000FBF72EFCA3689B1BA36023689B19236028
:10A69000039B049ADB190393049BED1B9B68DB1B54
:10A6A0009360A2D114E73A000298FAF783FA061EE3
:10A6B000D7D121690298FBF7BDFD8022A38993437E
:10A6C000A381B9E72369834202D36769AF4216D9F0
:10A6D000AE4200D92E0032000399FBF701FCA368BB
:10A6E00022689B1B92193700A3602260002BCFD1F8
:10A6F00021000298FEF7A6F90028C9D09FE7802321
:10A7000028001B069D4200D319483900D5F7ACFD3F
:10A710003B00666A4343039AE1690298B047071E0B
:10A72000B6DC8CE7019B00201B680393019B5F68EC
:10A7300008330193E8E6059A934208DC656A039AB8
:10A74000E1690298A847051E00DD0AE777E7059A48
:10A750000399FBF7C5FB059AA36815009B1AA36034
:10A7600023689B182360FCE600FCFF7F7FFBFFFF54
:10A77000FFFFFF7F2D4B70B5050018680C00002807
:10A7800004D0436B002B01D1FBF708FB0C22A35E26
:10A790001A0723D4DA0607D409222A6040220120AE
:10A7A0001343A38140423AE05B0713D5216B002994
:10A7B00008D023004033994202D02800FBF73AFD2D
:10A7C000002323632422A3899343A381002363608E
:10A7D000236923600823A2891343A3812369002BE3
:10A7E0000BD1A0218022A389890092000B409342C3
:10A7F00003D02100280000F051F80C22A35E0121B3
:10A800001A000A400B420BD00022A2606269524239
:10A81000A26100202269824201D11A06BED470BD15
:10A82000990700D46269A260F3E7C046A00800203F
:10A83000062010B500F09EF8012000F0EFF80000AF
:10A8400070B50E001D000E23C95E140096B00029DD
:10A8500009DAB2898023110019401A4218D18023E5
:10A86000DB00080010E06A4600F08EF80028F0DBFC
:10A87000F02301991B021940074B8020C9184B4255
:10A88000594180230001DB002960236016B070BDB0
:10A8900000214023E5E7C04600E0FFFFF0B50226B7
:10A8A0008B8905000C0085B0334207D02300433369
:10A8B000236023610123636105B0F0BD03AB02AAED
:10A8C000FFF7BEFF029F019039002800F9F72EFF25
:10A8D000002808D10C22A35E9A05EDD403229343ED
:10A8E0001E43A681E2E78023A28920601343A3814F
:10A8F000039B20616761002B0CD028000E23E15ED2
:10A9000000F054F8002805D00323A2899A43023BA3
:10A910001343A381A389019A1343A381CCE770B5A4
:10A9200004000D001F2904D91623036001204042B2
:10A9300070BD0300FC33DB6B002B04D08A009B1836
:10A940001A68002A08D1200000F054F82A000100FB
:10A95000200000F03DF8EBE7012A09D0511C03D19B
:10A96000162303600120E3E70021280019609047C7
:10A970000020DDE710B5034B01001868FFF7CFFF9B
:10A9800010BDC046A0080020002370B5064D04008D
:10A99000080011002B60F9F78BFE431C03D12B68D4
:10A9A000002B00D0236070BD609A0120002370B599
:10A9B000064D040008002B60F9F76BFE431C03D121
:10A9C0002B68002B00D0236070BDC046609A012028
:10A9D000002370B5064D0400080011002B60F9F744
:10A9E0004DFE431C03D12B68002B00D0236070BDAB
:10A9F000609A012010B5F9F755FE10BD054A030015
:10AA00001168002901D1044911601068C31813604E
:10AA10007047C046FC9B0120009C0120FEE700001F
:10AA2000F8B5C046F8BC08BC9E467047F8B5C046AD
:10AA3000F8BC08BC9E46704701B40248844601BC7D
:08AA4000604700BFED09002092
:10AA4800081C3044586C80000000000000004830AA
:10AA580031523000503031523000483233523000D9
:10AA6800483233523100483233523300483037527B
:10AA780033004830385236005030385236004830AB
:10AA88003952300048303952390048314252360084
:10AA9800483132523000483133523700483046523C
:10AAA8003100483046523600483046523700483167
:10AAB8004152320048304152390048314452310045
:10AAC80048314452350048304252340048313852F7
:10AAD8003000483236523000483135523000483163
:10AAE8003052340048324152330048343152360033
:10AAF80048334252360048313852310048314652C4
:10AB0800350048334252320048323152320048311F
:10AB180037523100483135523800483242523000FD
:10AB2800483035523000483342523700483242529A
:10AB380031004830375238004830385237004831F1
:10AB480036523600503038523700483139523000CA
:10AB580052504900000048313452410048313452C3
:10AB6800390048304652390048314152300000001F
:10AB78000000000000000000000000006D650000FB
:10AB8800616C6C0069660000666F72004D6F6E64E0
:10AB98006179000054756573646179005765646E66
:10ABA8006573646179000000546875727364617933
:10ABB8000000000046726964617900005361747591
:10ABC800726461790000000053756E646179000059
:10ABD8004A616E00466562004D6172004170720004
:10ABE8004D6179004A756E004A756C0041756700C1
:10ABF800536570004F6374004E6F760044656300C0
:10AC08000D0A424F532E726573706F6E73653A204A
:10AC1800616C6C2C206D6573736167652C20636CA7
:10AC2800692C206E6F6E650D0A0000000D0A424FF8
:10AC3800532E74726163653A20616C6C2C206D65CB
:10AC480073736167652C20726573706F6E73652C02
:10AC5800206E6F6E650D0A00424F532E636C696259
:10AC6800617564726174653A20434C49206261756C
:10AC780064726174652E2044656661756C74206920
:10AC880073203932313630302E2054686973206190
:10AC980066666563747320616C6C20706F72747380
:10ACA8002E20496620796F75206368616E6765207C
:10ACB800746869732076616C75652C2020202020CB
:10ACC80020202020202020796F75206D7573742036
:10ACD800636F6E6E65637420746F206120434C4906
:10ACE80020706F7274206F6E2065616368207374C2
:10ACF800617274757020746F20726573746F7265F9
:10AD0800206F7468657220417272617920706F7269
:10AD1800747320696E746F2064656661756C742045
:10AD280062617564726174650D0A0000424F532EAA
:10AD38006465626F756E63653A2031202E2E2E2E63
:10AD48002E2E2E2E2E2E2E2E203635353336206DD5
:10AD58007365630D0A000000424F532E73696E67D6
:10AD68006C65636C69636B74696D653A2031202E7C
:10AD78002E2E2E2E203635353336206D7365630D15
:10AD88000A000000424F532E6D696E696E74657239
:10AD9800636C69636B74696D653A2031202E2E2EC1
:10ADA80020323535206D7365630D0A00424F532EEE
:10ADB8006D6178696E746572636C69636B74696DD3
:10ADC800653A2031202E2E2E20323535206D7365C0
:10ADD800630D0A000A0D54686973206D6F64756C01
:10ADE800652077696C6C20626520666F72636564A4
:10ADF80020696E746F20626F6F746C6F6164657226
:10AE0800206D6F64652E0A0D506C65617365207541
:10AE1800736520746865202253544D20466C617315
:10AE280068204C6F616465722044656D6F6E737441
:10AE38007261746F7222200909097574696C6974EA
:10AE48007920746F2075706461746520746865205A
:10AE58006669726D776172652E0A0D0A092A2A2AB7
:10AE680020496D706F7274616E74202A2A2A0A0D47
:10AE780049662074686973206D6F64756C65206914
:10AE88007320636F6E6E65637465642064697265B0
:10AE980063746C7920746F20504320706C65617303
:10AEA8006520636C6F7365207468697320706F72B6
:10AEB800742066697273742E0A0D00000A0D4D6FB6
:10AEC80064756C652025642077696C6C2062652048
:10AED800666F7263656420696E746F20626F6F7449
:10AEE8006C6F61646572206D6F64652E00000000F0
:10AEF8000A0D506C6561736520757365207468650B
:10AF0800202253544D20466C617368204C6F616455
:10AF180065722044656D6F6E73747261746F72220E
:10AF2800207574696C69747920746F207570646118
:10AF3800746520746865206669726D776172652E24
:10AF48000909090A0D0A092A2A2A20496D706F720F
:10AF580074616E74202A2A2A0A0D2D2049662074ED
:10AF6800686973206D6F64756C6520697320636F01
:10AF78006E6E6563746564206469726563746C7968
:10AF880020746F20504320706C6561736520636C7A
:10AF98006F7365207468697320706F7274206669B6
:10AFA8007273742E0A0D0909092D20596F75206DC9
:10AFB80075737420706F776572206379636C652090
:10AFC80074686520656E7469726520417272617972
:10AFD8002061667465722074686520757064617498
:10AFE800652069732066696E69736865642E0A0D49
:10AFF800000000000A0D52656D6F7465207570645D
:10B0080061746520766961206D6F64756C652025B3
:10B01800642C20706F7274205025642077696C6CE2
:10B02800206265207472696767657265642E000026
:10B038003D0000003E0000003C0000003E3D0000D6
:10B048003C3D0000213D00000A0D284D6F64756CE1
:10B05800653A506F72742909090000005025640987
:10B06800000000000A0A0D004D6F64756C6520250C
:10B07800643A0900090000002564090025643A259E
:10B08800640900000A0D00000A0000000A0D546857
:10B0980065736520706F72747320617265207265C4
:10B0A8007665727365643A000A0D4D6F64756C6558
:10B0B800202564203A205025640000000A0A0D412A
:10B0C8006C6C206F7468657220706F727473206185
:10B0D8007265206E6F726D616C0A0D000A0D2A2A66
:10B0E8002A204D6F64756C65202564205374617443
:10B0F8007573202A2A2A0A000A0D436F6E6E65634B
:10B108007465642076696120706F72743A205025E6
:10B11800640A0D000A0D4669726D776172652076C2
:10B12800657273696F6E3A2025642E25642E256436
:10B13800000000005365702031382032303235006D
:10B148000A0D4669726D7761726520646174653AAB
:10B15800202020202573000031363A34373A35391B
:10B16800000000000A0D4669726D776172652074EF
:10B17800696D653A2020202025730A0D0000000023
:10B188000A0D506F727473205374617475733A0AA0
:10B198000A0D00005025643A2000000046726565DB
:10B1A8000A0D0000526563656976696E67206D65F2
:10B1B8007373616765730A0D00000000537472654C
:10B1C800616D696E670A0D00526563656976696E1F
:10B1D80067207573657220636F6D6D616E64730AA5
:10B1E8000D000000436F6E6E656374656420746FB4
:10B1F800206120627574746F6E2F73776974636849
:10B208000A0D00000A0D444D412053747265616DAA
:10B2180073205374617475733A0A0D000A0D5374E0
:10B228007265616D696E6720444D4120256420690F
:10B2380073206672656500000A0D53747265616D4E
:10B24800696E6720444D412025642069732073741A
:10B258007265616D696E672066726F6D2050256436
:10B2680020746F20502564000A0D546865736520AA
:10B27800706F72747320617265207265766572737F
:10B2880065643A200000000050256420000000009A
:10B298004E6F6E65000000007A530008885300085E
:10B2A80096530008A4530008B25300086D650000C7
:10B2B800616C6C00525E0008E05A0008FC5A0008F5
:10B2C8001A5B0008485B0008765B0008B65B00085C
:10B2D800F65B0008E05A0008645E0008B05C0008ED
:10B2E800D05C0008F25C0008245D0008565D000888
:10B2F8009A5D0008DE5D0008B05C00083660000852
:10B308004460000852600008606000086E60000831
:10B31800BA600008C8600008D6600008E460000849
:10B32800F2600008257320253032642F25303264FE
:10B338002F25303464000000253032643A2530323D
:10B34800643A253032640000081C3044586C800090
:10B358000A0D0A0D3D3D3D3D3D3D3D3D3D3D3D3DDB
:10B368003D3D3D3D3D3D3D3D3D3D3D3D3D3D3D3D05
:10B378003D3D3D3D3D3D3D3D3D3D3D3D3D3D3D3DF5
:10B388003D3D3D3D3D3D3D3D0920202020200A0D0D
:10B398003D3D3D3D3D3D3D3D3D3D3D3D3D3D3D3DD5
:10B3A8003D3D3D3D3D3D3D3D3D3D3D3D3D3D3D3DC5
:10B3B8003D3D3D3D3D3D3D3D3D3D3D3D3D3D3D3DB5
:10B3C8003D3D3D3D0920202020200A0D7C7C202089
:10B3D8002020202020202020202057656C636F6DBE
:10B3E8006520746F204269747A4F5320434C492179
:10B3F80020202020202020202020202020207C7C8D
:10B408000909200A0D7C7C202020202020202843A8
:10B418002920434F505952494748542048455841DC
:10B428004249545A20323031372D323032352E20AD
:10B43800202020202020207C7C0920202020200A79
:10B448000D7C7C202020202020202020202020204F
:10B4580020202020202020202020202020202020E4
:10B4680020202020202020202020202020202020D4
:10B478002020207C7C0909200A0D7C7C20202020AB
:10B488002020506C6561736520636865636B207468
:10B4980068652070726F6A65637420776562736986
:10B4A8007465206174202020202020207C7C0909DC
:10B4B800200A0D7C7C2020202020202020202020F5
:10B4C8002020687474703A2F2F68657861626974F7
:10B4D8007A2E636F6D2F202020202020202020200E
:10B4E80020202020207C7C0920202020200A0D7C80
:10B4F8007C202020202020202020202020202020E8
:10B508002020202020202020202020202020202033
:10B518002020202020202020202020202020202023
:10B52800207C7C0920202020200A0D7C7C202020E3
:10B53800547970652068656C7020666F7220612090
:10B548006C697374206F6620617661696C61626CE6
:10B558006520636F6D6D616E64732E20207C7C099D
:10B5680020202020200A0D3D3D3D3D3D3D3D3D3DF7
:10B578003D3D3D3D3D3D3D3D3D3D3D3D3D3D3D3DF3
:10B588003D3D3D3D3D3D3D3D3D3D3D3D3D3D3D3DE3
:10B598003D3D3D3D3D3D3D3D3D3D3D09202020207B
:10B5A800200A0D3D3D3D3D3D3D3D3D3D3D3D3D3D43
:10B5B8003D3D3D3D3D3D3D3D3D3D3D3D3D3D3D3DB3
:10B5C8003D3D3D3D3D3D3D3D3D3D3D3D3D3D3D3DA3
:10B5D8003D3D3D3D3D3D3D0920202020200A0A0DEE
:10B5E800000000000D0A00000D0A5B5072657373BD
:10B5F80020454E54455220746F20657865637574F4
:10B6080065207468652070726576696F757320634C
:10B618006F6D6D616E6420616761696E5D0D0A3ED4
:10B6280000000000436F6E6E656374656420746F7C
:10B63800206D6F64756C6520256420282573292C7E
:10B6480020706F7274205025642E0A0A0D3E000087
:10B65800696620000A43616E6E6F742073746F729E
:10B6680065206D6F726520436F6D6D616E64205348
:10B678006E6970706574732E20506C6561736520F7
:10B6880064656C657465206578697374696E672094
:10B698006F6E657320616E642074727920616761D2
:10B6A800696E2E0A0D000000656E64206966000050
:10B6B800000000000A436F6E646974696F6E616C04
:10B6C8002073746174656D656E7420616363657061
:10B6D80074656420616E6420616464656420746FBD
:10B6E80020436F6D6D616E6420536E697070657470
:10B6F800732E0A0D00000000626F730057726F6EA0
:10B7080067206D6F64756C65206E616D65212050D2
:10B718006C656173652074727920616761696E2E4A
:10B728000A0D000057726F6E67206D6F64756C6547
:10B738002049442120506C6561736520747279201A
:10B74800616761696E2E0A0D00000000436F6D6D20
:10B75800616E642062726F616463617374656420F2
:10B76800746F20616C6C0A0D0000000025734D7524
:10B778006C74696361737420436F6D6D616E6420CE
:10B78800666F7277617264656420746F2067726F88
:10B7980075702025730A0D0075706461746500006A
:10B7A800436F6D6D616E6420666F72776172646558
:10B7B8006420746F204D6F64756C652025640A0DD4
:10B7C8000000000025734D6F64756C6520256420AA
:10B7D8006973206E6F7420726561636861626C655D
:10B7E8002E0A0D00636C69636B656400646F756293
:10B7F8006C6520636C69636B6564000072656C65D9
:10B80800617365640000000020000000F06E00080D
:10B818003C6E0008526E0008686E00088E6E0008C4
:10B82800A46E0008CA6E0008081C3044586C8000DA
:10B838003D3D003E00003C00003E3D003C3D0021F7
:10B848003D00000072756E2D74696D652D7374610D
:10B858007473000072756E2D74696D652D73746153
:10B8680074733A0D0A20446973706C617920612001
:10B878007461626C652073686F77696E6720686FA2
:10B8880077206D7563682070726F63657373696E76
:10B89800672074696D652065616368204672656517
:10B8A80052544F53207461736B2068617320757311
:10B8B80065640D0A0D0A00004CB802085CB802085D
:10B8C800D1720008000000007461736B2D737461FD
:10B8D800747300007461736B2D73746174733A0D23
:10B8E8000A20446973706C61792061207461626C0C
:10B8F800652073686F77696E672074686520737454
:10B90800617465206F6620656163682046726565AD
:10B9180052544F53207461736B0D0A0D0A000000D6
:10B92800D0B80208DCB802089172000800000000D4
:10B9380070696E670000000070696E673A0D0A2032
:10B9480050696E672061206D6F64756C650D0A0D16
:10B958000A00000038B9020840B90208117300084B
:10B9680000000000757064617465000075706461A2
:10B9780074653A0D0A2050757420746865206D6FDF
:10B9880064756C6520696E20666163746F727920D6
:10B99800626F6F746C6F61646572206D6F6465208F
:10B9A800746F2075706461746520697473206669AA
:10B9B800726D776172652E0D0A0A0909090909096C
:10B9C80020202D205573652027236E2E7570646105
:10B9D80074652720746F20757064617465207265C2
:10B9E8006D6F7465206D6F64756C65206E2E204DCB
:10B9F800616B652073757265207468652070726F5D
:10BA08006772616D6D696E6720706F7274206973FB
:10BA18002074686520696E636F6D696E6720706F4A
:10BA28007274206F662074686973206D6F64756C1A
:10BA3800652E0D0A09090909090920202D205573C9
:10BA48006520277570646174652076696120236EAE
:10BA58002070782720746F207573652074686520BE
:10BA6800535420466C617368204C6F616465722082
:10BA7800746F6F6C2077697468206D6F64756C657E
:10BA8800206E2C20706F7274207820746F2075706F
:10BA9800646174652061206E65696768626F7220F1
:10BAA8006D6F64756C652E20546869732069732006
:10BAB80075736566756C20696620090909090909A5
:10BAC80009746172676574206D6F64756C652069AF
:10BAD80073206E6F742070617274206F66207468B2
:10BAE8006520746F706F6C6F6779206F722069665C
:10BAF8002070726F6772616D6D696E6720706F720A
:10BB080074206973206E6F7420696E2074686520D4
:10BB180073686F7274657374207061746820746FD1
:10BB280020746172676574206D6F64756C652E0D85
:10BB38000A0D0A006CB9020874B90208AD7300084E
:10BB4800FF0000007265736574000000726573651C
:10BB5800743A0D0A20526573657420746865206D07
:10BB68006F64756C650D0A0D0A0000004CBB020875
:10BB780054BB0208AD750008000000006E616D65D9
:10BB8800000000006E616D653A0D0A204E616D651A
:10BB980020746865206D6F64756C652077697468BA
:10BBA80020616E20616C6961732028317374207084
:10BBB80061722E290D0A0D0A0000000084BB0208DC
:10BBC8008CBB0208BD7500080100000067726F7524
:10BBD8007000000067726F75703A0D0A2047726F27
:10BBE8007570206D756C7469706C65206D6F647507
:10BBF8006C65732028326E642B207061722E2920A8
:10BC0800696E746F2061206E6577206F7220657889
:10BC1800697374696E672067726F75702028317355
:10BC280074207061722E290D0A0D0A00D4BB020817
:10BC3800DCBB0208A5760008FF000000737461747D
:10BC4800757300007374617475733A0D0A20446942
:10BC580073706C6179206D6F64756C6520737461A5
:10BC68007475730D0A0D0A0044BC02084CBC020826
:10BC78009979000800000000696E666F00000000F6
:10BC8800696E666F3A0D0A20446973706C61792099
:10BC9800617272617920696E666F726D6174696F25
:10BCA8006E0D0A0D0A00000080BC020888BC02085C
:10BCB800B5790008000000006164642D6275747431
:10BCC8006F6E00006164642D627574746F6E3A0D56
:10BCD8000A20446566696E65206120627574746F18
:10BCE8006E206174206F6E65206F66207468652011
:10BCF800617272617920706F7274732E204275744C
:10BD0800746F6E207479706520282773776974635F
:10BD1800682D6E6F272C20277377697463682D6EE2
:10BD280063272928317374207061722E292C2042D0
:10BD38007574746F6E20706F72742028326E642070
:10BD48007061722E290D0A0D0A000000C0BC02089D
:10BD5800CCBC0208B17A00080200000072656D6F61
:10BD680076652D627574746F6E00000072656D6F74
:10BD780076652D627574746F6E3A0D0A2052656D82
:10BD88006F7665206120627574746F6E20746861C7
:10BD980074207761732070726576696F75736C793A
:10BDA80020646566696E65642061742074686973CF
:10BDB80020706F72742028317374207061722E297C
:10BDC8000D0A0D0A0000000064BD020874BD0208D7
:10BDD800C17B000801000000736574007365743A44
:10BDE8000D0A20536574206120706172616D65745D
:10BDF80065722028317374207061722E292077694A
:10BE08007468206120676976656E2076616C756557
:10BE18002028326E64207061722E290D0A0D0A00E6
:10BE2800E0BD0208E4BD0208557C0008FF000000E0
:10BE3800676574006765743A0D0A20476574207455
:10BE480068652063757272656E742076616C7565BD
:10BE5800206F66206120706172616D657465722063
:10BE680028317374207061722E290D0A0D0A0000A2
:10BE780038BE02083CBE020809880008FF0000001E
:10BE880064656661756C740064656661756C743AA6
:10BE98000D0A2054797065202764656661756C7495
:10BEA80020706172616D732720746F207365742030
:10BEB800616C6C20706172616D6574657273207459
:10BEC8006F2064656661756C742076616C75657346
:10BED8000D0A2054797065202764656661756C7455
:10BEE8002061727261792720746F2072656D6F7698
:10BEF800652063757272656E7420746F706F6C6FF5
:10BF080067790D0A0D0A000088BE020890BE020873
:10BF1800A58B00080100000074696D650000000031
:10BF280074696D653A0D0A20446973706C617920F3
:10BF380063757272656E742074696D6520696E2010
:10BF480048483A4D4D3A53532D6D73656320666FDB
:10BF5800726D61740D0A0D0A0000000020BF02080E
:10BF680028BF0208998C000800000000646174650D
:10BF780000000000646174653A0D0A20446973701A
:10BF88006C61792063757272656E74206461746582
:10BF980020696E205765656B646179204D4D2F448B
:10BFA800442F5959595920666F726D61740D0A0DE5
:10BFB8000A00000074BF02087CBF0208718D0008E7
:10BFC800000000007365742D6261756472617465A8
:10BFD800000000007365742D626175647261746598
:10BFE8003A0D0A20536574205541525420626175F8
:10BFF80064726174650D0A09283173742070617266
:10C00800616D65746572293A20503120746F205033
:10C01800360D0A0928326E6420706172616D65748C
:10C028006572293A2062617564726174650D0A0D42
:10C038000A000000CCBF0208DCBF0208A58D00087A
:10C048000200000075756964000000007575696478
:10C058003A0D0A20446973706C6179204D4355206C
:10C06800756E69717565205549440D0A0D0A000001
:10C078004CC0020854C00208658E00080000000089
:10C088006964636F646500006964636F64653A0D91
:10C098000A20446973706C6179204D4355204944E6
:10C0A800434F444520284445565F494420616E6407
:10C0B800205245565F4944290D0A0D0A0000000028
:10C0C80088C0020890C00208F58E00080000000031
:10C0D800666C6173682D73697A650000666C6173BC
:10C0E800682D73697A653A0D0A20446973706C612A
:10C0F80079204D435520466C6173682073697A65D1
:10C1080020696E204B62797465730D0A0D0A000070
:10C11800D8C00208E4C00208718F000800000000BF
:10C12800736E697000000000736E69703A0D0A2022
:10C13800446973706C61792061206C697374206F35
:10C14800662073746F72656420436F6D6D616E64F1
:10C1580020536E69707065747320746F206564690C
:10C1680074206F722064656C6574650D0A0D0A0091
:10C1780028C1020830C10208A58F0008000000008D
:10C188006163742D736E6970000000006163742D23
:10C19800736E69703A0D0A2041637469766174653B
:10C1A800206120436F6D6D616E6420536E697070FD
:10C1B80065740D0A0D0A000088C1020894C10208BE
:10C1C800CD9200080100000070617573652D736ED3
:10C1D8006970000070617573652D736E69703A0D32
:10C1E8000A205061757365206120436F6D6D616E23
:10C1F8006420536E69707065740D0A0D0A000000A2
:10C20800D0C10208DCC102088593000801000000C3
:10C2180064656C2D736E69700000000064656C2D98
:10C22800736E69703A0D0A2044656C657465206107
:10C2380020436F6D6D616E6420536E697070657414
:10C248000D0A0D0A0000000018C2020824C20208E4
:10C258003D9400080100000062726964676500008F
:10C268006272696467653A0D0A204272696467659B
:10C278002074776F20617272617920706F727473A5
:10C288000D0A0D0A0000000060C2020868C2020818
:10C298001196000802000000756E62726964676595
:10C2A80000000000756E6272696467653A0D0A20C5
:10C2B800556E2D6272696467652074776F206172AC
:10C2C80072617920706F7274730D0A0D0A00000094
:10C2D800A0C20208ACC202082D97000802000000A4
:10C2E800746573742D706F727400000074657374D4
:10C2F8002D706F72743A0D0A207465737420706F14
:10C3080072742066756E6374696F6E616C69747996
:10C318002E20796F752063616E2063686F6F736577
:10C328002065697468657220746F20746573742061
:10C338006F6E6520737065636966696320706F72DC
:10C3480074206F7220746F207465737420616C6C34
:10C3580020706F7274732E20706C65617365207421
:10C368007970652050782077686572652078207329
:10C3780074616E647320666F7220746865206E75D0
:10C388006D626572206F6620706F7274206F722004
:10C3980074797065203C616C6C3E20746F20746504
:10C3A800737420616C6C20706F72740D0A0D0A0032
:10C3B800E8C20208F4C20208499800080100000017
:10C3C800726561642D6164630000000072656164D8
:10C3D8002D6164633A0D0A205265616420616463CB
:10C3E80020766F6C746167652056616C7565206690
:10C3F800726F6D205032206F7220503320616E644E
:10C408002063686F6F73652074686520736964655D
:10C41800207768657265617320746F70206F722071
:10C42800626F74746F6D0D0A0D0A0000C8C30208AC
:10C43800D4C30208219B00080200000072656164F1
:10C448002D74656D70000000726561642D74656DF2
:10C45800703A0D0A205265616420696E7465726EC7
:10C46800616C2074656D70657261747572650D0A12
:10C478000D0A000044C4020850C40208359C000894
:10C4880000000000726561642D7672656600000028
:10C49800726561642D767265663A0D0A205265618F
:10C4A8006420696E7465726E616C2072656665726F
:10C4B800656E636520566F6C746167650D0A0D0AB9
:10C4C800000000008CC4020898C40208899C000877
:10C4D80000000000726561642D6164632D706572EF
:10C4E80063656E7461676500726561642D6164637C
:10C4F8002D70657263656E746167653A0D0A204731
:10C5080065742061646320766F6C74616765207060
:10C51800657263656E746167652076616C75652008
:10C5280066726F6D205032206F722050330D0A0DE5
:10C538000A000000DCC40208F0C40208DD9C000800
:10C54800020000005461736B2053746174652050BD
:10C5580072696F7269747920537461636B20230D5B
:10C568000A2A2A2A2A2A2A2A2A2A2A2A2A2A2A2A43
:10C578002A2A2A2A2A2A2A2A2A2A2A2A2A2A2A2A13
:10C588002A2A2A2A2A2A2A2A2A2A2A2A2A2A2A2A03
:10C598002A0D0A005461736B204162732054696D3F
:10C5A8006520252054696D650D0A2A2A2A2A2A2A17
:10C5B8002A2A2A2A2A2A2A2A2A2A2A2A2A2A2A2AD3
:10C5C8002A2A2A2A2A2A2A2A2A2A2A2A2A2A2A2AC3
:10C5D8002A2A0D0A00000000766961004D6F647513
:10C5E8006C6573205B0000002C2000000A0D4E755E
:10C5F8006D626572206F66206D6F64756C65733A45
:10C608002025640A000000000A0D41727261792039
:10C61800746F706F6C6F67793A0A0000436F756CBE
:10C6280064206E6F74207265616420706F72747319
:10C6380020646972656374696F6E20666F72207317
:10C648006F6D65206D6F64756C65732120506C6526
:10C658006173652074727920616761696E0A0D00E3
:10C66800200000007377697463682D6E6F00000006
:10C678007377697463682D6E63000000626F732EB0
:10C6880000000000726573706F6E73650000000033
:10C69800616C6C006D65737361676500636C69003C
:10C6A8006E6F6E65000000007472616365000000C3
:10C6B800636C696261756472617465006465626F58
:10C6C800756E63650000000073696E676C65636C66
:10C6D80069636B74696D65006D696E696E74657206
:10C6E800636C69636B74696D650000006D617869DE
:10C6F8006E746572636C69636B74696D65000000C4
:10C70800616D0000706D00006D6F6E6461790000EE
:10C7180074756573646179007765646E65736461C7
:10C728007900000074687572736461790000000014
:10C738006672696461790000736174757264617905
:10C748000000000073756E64617900006A616E759F
:10C7580061727900312000006665627275617279D4
:10C7680000000000322000006D6172636800000064
:10C7780033200000617072696C00000034200000F2
:10C788006D617900352000006A756E650000000053
:10C79800362000006A756C79000000003720000020
:10C7A80061756775737400003820000073657074D4
:10C7B800656D626572000000392000006F63746F58
:10C7C80062657200313000006E6F76656D62657269
:10C7D8000000000031310000646563656D626572B8
:10C7E80000000000313200006D73670025640A0DF7
:10C7F8000000000025732325640A0D007061726132
:10C808006D7300006172726179000000414D000093
:10C81800504D00002573000025732530385800005E
:10C828000D0A000053544D333247304231000000A6
:10C83800554E4B4E4F574E0050617573656400411D
:10C8480063746976650000004800000050320000FB
:10C8580050330000746F7000626F74746F6D000065
:10C8680061646320766F6C74616765206973203D2D
:10C878002025302E3266200D0A000000696E74658E
:10C88800726E616C2074656D706572617475726525
:10C8980020697320252E326643200D0A000000000F
:10C8A800696E7465726E616C207265666572656E1C
:10C8B800636520766F6C74616765206973203D201D
:10C8C800252E326656200D0A0000000061646320A0
:10C8D800766F6C746167652070657263656E7461EC
:10C8E8006765206973203D20252E32662525202581
:10C8F8000D0A000048692066726F6D206D6F6475BF
:10C908006C652025640D0A0048692066726F6D20E9
:10C918006D6F64756C6520256420282573290D0AC0
:10C9280000000000557064617465206669726D7757
:10C9380061726520666F72206D6F64756C65202565
:10C94800640A0D0057726F6E672076616C756521F9
:10C958000A0D00004D6F64756C65202564206973AD
:10C96800206E616D65642025730A0D0025732069AA
:10C9780073206120726573657276656420424F5337
:10C98800206B6579776F72642120506C65617365DF
:10C9980020757365206120646966666572656E74CA
:10C9A80020616C6961730A0D00000000257320691D
:10C9B8007320616C726561647920757365642120E8
:10C9C800506C6561736520757365206120646966C4
:10C9D800666572656E7420616C6961730A0D00008A
:10C9E800257320697320616E206578697374696E98
:10C9F8006720434C4920636F6D6D616E6421205040
:10CA08006C6561736520757365206120646966666D
:10CA18006572656E7420616C6961730A0D000000AF
:10CA2800257320697320612077726F6E67206D6FA0
:10CA380064756C65204944206F7220616C6961736C
:10CA48000A0D0000506C6561736520656E7465722F
:10CA580020736F6D65206D6F64756C652049447334
:10CA680020746F2061646420746F2025730A0D00A0
:10CA78005D20616464656420746F206E657720674B
:10CA8800726F75702025730A0D0000005D206164C7
:10CA980064656420746F206578697374696E6720B3
:10CAA80067726F75702025730A0D000041206E654E
:10CAB8007720257320627574746F6E206E616D65C2
:10CAC80064204225642077617320646566696E6519
:10CAD8006420617420706F7274205025640A0D0000
:10CAE800427574746F6E20422564207761732072DA
:10CAF800656D6F7665642066726F6D20706F7274F5
:10CB0800205025640A0D0000257320776173207377
:10CB1800657420746F2025730A0D00000A596F751B
:10CB2800206D757374207265737461727420746FEC
:10CB380020656E61626C6520746865206E6577207B
:10CB480062617564726174652E0A0D0054686973B8
:10CB5800206166666563747320616C6C20706F7207
:10CB680074732E20496620796F75206368616E673B
:10CB78006520746869732076616C75652066726FCC
:10CB88006D2064656661756C742C200909090909B2
:10CB980009090909090909202020796F75206D758F
:10CBA800737420636F6E6E65637420746F206120E8
:10CBB800434C4920706F7274206F6E206561636802
:10CBC800207374617274757020746F207265737449
:10CBD8006F7265206F746865722061727261792066
:10CBE800706F72747320696E746F20646566617506
:10CBF8006C742062617564726174650A0D000000CE
:10CC080057726F6E6720706172616D65746572210D
:10CC18000A0D000025730A0D000000002573206727
:10CC2800726F757020646F6573206E6F74206578FD
:10CC3800697374210A0D000047726F75702025739F
:10CC4800206D656D626572733A0A0D00257320695F
:10CC5800732073657420746F20612077726F6E671C
:10CC68002076616C7565210A0D000000416C6C200E
:10CC7800706172616D657465727320736574207478
:10CC88006F2064656661756C742076616C75657378
:10CC98000A0D000043757272656E742061727261CC
:10CCA8007920746F706F6C6F677920776173207269
:10CCB800656D6F7665642E20506C656173652072B2
:10CCC80065626F6F7420616C6C206D6F64756C6544
:10CCD800730A0D0043757272656E742074696D6510
:10CCE80020697320253032643A253032643A253081
:10CCF80032642D253033640A0D00000043757272CA
:10CD0800656E742074696D652069732025303264FE
:10CD18003A253032643A253032642D253033642088
:10CD280025730A0D0000000043757272656E742049
:10CD3800646174652069732025730A0D0000000082
:10CD480057726F6E6720706172616D6574657221CC
:10CD58000D0A0000426175647261746520666F7225
:10CD680020706F727420502564207761732073657A
:10CD78007420746F2025640D0A0000004D4355206F
:10CD8800555549442069730A0D0000004D4355204C
:10CD98004445565F49442069732025730A0D0000F5
:10CDA80025734D4355205245565F494420697320E9
:10CDB80025642E300A0D00004D435520466C6173E2
:10CDC800682073697A65206973202564204B62792D
:10CDD8007465730A0D00000054686520666F6C6CFA
:10CDE8006F77696E6720436F6D6D616E6420536E57
:10CDF800697070657473206172652073746F7265F1
:10CE08006420696E206D656D6F72793A0A0A0D00AB
:10CE18005B253032645D2025730A0D002573696631
:10CE2800206225642E636C69636B656400000000F2
:10CE380025736966206225642E646F75626C6520AF
:10CE4800636C69636B656400257369662062256499
:10CE58002E72656C656173656400000025736966F0
:10CE680020257320257320252E31660025730A0D91
:10CE7800092573000A0D656E642069660A0A0D00AB
:10CE8800546F2064656C657465206120536E697009
:10CE98007065742C20747970653A2064656C2D7304
:10CEA8006E697020780A0D546F2061637469766129
:10CEB8007465206120536E69707065742C207479D4
:10CEC80070653A20090909090909090909090909BF
:10CED80009096163742D736E697020780A0D546FA7
:10CEE800207061757365206120536E697070657478
:10CEF8002C20747970653A2070617573652D736E96
:10CF0800697020780A0A0D7768657265207820694B
:10CF1800732074686520536E6970706574206E752F
:10CF28006D6265722066726F6D20746865206C6929
:10CF380073740A0D00000000536E697070657420E8
:10CF4800776173206163746976617465642E205417
:10CF580079706520736E697020746F2076696577C3
:10CF68002075706461746564206C6973740A0D00BF
:10CF780054686520536E6970706574206E756D62B3
:10CF8800657220776173206E6F7420666F756E64AA
:10CF98000A0D0000536E6970706574207761732004
:10CFA8007061757365642E205479706520736E699D
:10CFB8007020746F20766965772075706461746578
:10CFC80064206C6973740A0D00000000536E697068
:10CFD800706574207761732064656C657465642E70
:10CFE800205479706520736E697020746F2076699B
:10CFF80065772075706461746564206C6973740A60
:10D008000D00000050256420616E642050256420C6
:10D01800617265206272696467656420746F676510
:10D02800746865720A0D000057726F6E6720737915
:10D038006E7461780A0D0000506F72742062726914
:10D048006467696E67206661696C65640A0D000033
:10D0580050256420616E642050256420617265202B
:10D06800756E2D627269646765640A0D00000000C0
:10D07800506F727420756E6272696467696E67209A
:10D088006661696C65640A0D000000005025642023
:10D09800697320776F726B696E6720636F72726550
:10D0A80063746C790A0D00005025642074657374EC
:10D0B800206661696C65640A0D000000506C65614A
:10D0C80073652073686F7274656E20746865206E6E
:10D0D80065787420706F727420616E642070726558
:10D0E800737320616E79206B657920746F20636F8C
:10D0F8006E74696E75652074657374696E672074E3
:10D108006865206E657874206F6E650A0D0A0D00DB
:10D1180074686520706F7274206E756D6265722018
:10D1280069732077726F6E670A0D000057726F6E11
:10D138006720506172616D657465720A0D000000A8
:10D1480057726F6E6720506F7274206E756D6265CE
:10D1580072200A0D00000000081C3044586C800042
:10D1680044656661756C745461736B004261636BEE
:10D17800456E645461736B00557365725461736BCB
:10D1880000000000436C695461736B0050314D73AB
:10D19800675461736B00000050324D7367546173BC
:10D1A8006B00000050334D73675461736B000000CF
:10D1B80050344D73675461736B00000050354D73E4
:10D1C800675461736B000000081C3044586C800081
:10D1D80053747265616D54696D657200A6A9000883
:10D1E80056A9000866A9000876A9000886A90008BB
:10D1F80096A90008081C3044586C80002EC6000808
:10D208008AC10008ACC10008CEC10008DEC1000810
:10D21800EEC1000806C6000806C6000806C60008D3
:10D2280006C60008FEC1000820C2000806C600089D
:10D2380006C6000864C2000802C3000886C20008C7
:10D24800A8C2000806C60008CAC20008E0C2000852
:10D2580024C3000846C3000868C300088AC300083E
:10D26800C4C30008E6C3000808C400082AC40008AC
:10D2780006C600084CC400086EC4000890C4000824
:10D28800B2C4000806C60008D4C4000806C60008D0
:10D2980006C6000806C6000806C60008F6C4000848
:10D2A80018C5000818C5000806C600083AC50008D1
:10D2B8005CC500087EC50008A0C50008C2C50008F6
:10D2C800E4C5000848692066726F6D206D6F64754B
:10D2D8006C652025640D0A0048692066726F6D2010
:10D2E8006D6F64756C6520256420282573290D0AE7
:10D2F80000000000A0E20008F0DE000808DF0008D7
:10D3080024DF000840DF00085CDF000878DF000841
:10D3180094DF0008F0DE0008A4E2000874E00008CA
:10D328008CE00008A8E00008C4E00008E0E000087D
:10D33800FCE0000818E1000874E00008A8E2000812
:10D34800D2E1000814E2000830E200084CE20008CC
:10D3580068E20008A8E2000884E20008D2E10008B8
:10D3680058E3000860E3000890E30008C2E30008FF
:10D37800ECE3000816E4000840E400086AE400084A
:10D3880060E30008DCE50008BAE40008E8E4000807
:10D3980014E500083CE5000864E500088CE5000891
:10D3A800B4E50008BAE40008F2EB0008D8E6000883
:10D3B8008AE700083EE80008F6E80008C4E9000823
:10D3C8007CEA000834EB0008D8E6000820EF0008E3
:10D3D80096ED0008B6ED0008D8ED0008FEED00084F
:10D3E80044EE00086AEE000890EE000896ED00088A
:10D3F800AEF2000854F30008FEF300086CF40008CD
:10D408002AF50008C0F5000834F60008F4F600080C
:10D41800E6F20008081C3044586C800064656D6FA3
:10D428000000000064656D6F3A0D0A2052756E2089
:10D43800612064656D6F2070726F6772616D207412
:10D448006F2074657374206D6F64756C65206675E4
:10D458006E6374696F6E616C6974790D0A0D0A00E8
:10D4680024D402082CD40208751401080000000016
:10D478006F6E00006F6E3A0D0A205475726E20525E
:10D488004742204C4544206F6E20287768697465B0
:10D4980020636F6C6F72292061742061207370653E
:10D4A800636966696320696E74656E73697479204F
:10D4B80028302D31303025292028317374207061AF
:10D4C800722E290D0A0D0A0078D402087CD40208AD
:10D4D80061150108010000006F6666006F66663A14
:10D4E8000D0A205475726E20524742204C45442044
:10D4F8006F66660D0A0D0A00E0D40208E4D402083B
:10D50800F915010800000000636F6C6F72000000DD
:10D51800636F6C6F723A0D0A20536574205247424C
:10D52800204C454420636F6C6F722028317374203F
:10D538007061722E2920617420612073706563699F
:10D5480066696320696E74656E7369747920283022
:10D558002D31303025292028326E64207061722EDA
:10D56800290A0D5265676973746572656420636F73
:10D578006C6F7273206172653A09090909090D0A0D
:10D58800626C61636B2C2077686974652C20726506
:10D59800642C20626C75652C20677265656E2C2082
:10D5A80079656C6C6F772C206379616E2C20616EC5
:10D5B80064206D6167656E7461200D0A0D0A0000B4
:10D5C80010D5020818D50208251601080200000027
:10D5D800726762005247423A0D0A2053657420521E
:10D5E8004742204C454420726564202831737420DA
:10D5F8007061722E292C20677265656E2028326E44
:10D6080064207061722E292C20616E6420626C7512
:10D61800652028337264207061722E292076616C2F
:10D628007565732028302D323535292061742061C5
:10D6380020737065636966696320696E74656E73CB
:10D648006974792028302D31303025292028347408
:10D6580068207061722E290D0A0D0A00D8D50208BB
:10D66800DCD502082D18010804000000746F6767F4
:10D678006C650000746F67676C653A0D0A20546F1B
:10D6880067676C6520524742204C454420287768DC
:10D6980069746520636F6C6F722920617420612042
:10D6A800737065636966696320696E74656E736912
:10D6B80074792028302D3130302529202831737491
:10D6C800207061722E290D0A0D0A000074D6020816
:10D6D8007CD60208B11901080100000070756C734E
:10D6E80065636F6C6F72000070756C7365436F6C67
:10D6F8006F723A0D0A2053656E6420612070756C54
:10D708007365206F6E20524742204C454420757344
:10D71800696E672061207370656369666963206359
:10D728006F6C6F722028317374207061722E292CEF
:10D738002070756C736520706572696F6420286D40
:10D7480073292028326E64207061722E292C207073
:10D75800756C73652064757479206379636C6520D2
:10D76800286D73292028337264207061722E292055
:10D77800090909090920616E642070756C736520B8
:10D788007265706561742074696D657320283474DE
:10D7980068207061722E29202874797065202769A5
:10D7A8006E662720666F7220706572696F646963A0
:10D7B800207369676E616C290D0A0D0A000000006C
:10D7C800E4D60208F0D602087D1A01080400000019
:10D7D80070756C73657267620000000070756C7319
:10D7E800655247423A0D0A2053656E6420612070E5
:10D7F800756C7365206F6E20524742204C4544205B
:10D808007573696E67205247422076616C7565733F
:10D8180020283173742C20326E6420616E642033AA
:10D828007264207061722E292028302D32353529F6
:10D838002C2070756C736520706572696F64202880
:10D848006D73292028347468207061722E292C2069
:10D8580070756C73652064757479206379636C6581
:10D8680020286D73292028357468207061722E294C
:10D8780020090909090920616E642070756C7365B7
:10D88800207265706561742074696D65732028362F
:10D898007468207061722E29202874797065202799
:10D8A800696E662720666F7220706572696F646999
:10D8B80063207369676E616C290D0A0D0A00000008
:10D8C800D8D70208E4D70208E51C010806000000C2
:10D8D800737765657000000073776565703A0D0AA7
:10D8E80020506572666F726D20636F6C6F72207363
:10D8F80077656570206F6E20524742204C45442062
:10D908007573696E67206120737065636966696302
:10D91800207377656570206D6F64652028276261C4
:10D92800736963273A20737765657020626173694C
:10D938006320636F6C6F72206F6E6C792C20276682
:10D94800696E65273A20737765657020616C6C2075
:10D95800636F6C6F72732920283173742070617241
:10D968002E292C20737765657020706572696F6445
:10D9780020286D73292028326E64207061722E2948
:10D9880020090909090920616E64207377656570AB
:10D99800207265706561742074696D657320283321
:10D9A8007264207061722E2920287479706520278E
:10D9B800696E662720666F7220706572696F646988
:10D9C80063207369676E616C290D0A0D0A000000F7
:10D9D800D8D80208E0D80208E11E010803000000B8
:10D9E80064696D0064696D3A0D0A2044696D2061AF
:10D9F80020737065636966696320636F6C6F72205A
:10DA080028317374207061722E29206F6E2052475E
:10DA180042204C4544207573696E672061207370FD
:10DA28006563696669632064696D206D6F6465204C
:10DA380028277570272C2027757077616974272C23
:10DA48002027646F776E272C2027646F776E7761A5
:10DA58006974272C20277570646F776E272C202710
:10DA6800646F776E7570272C20277570646F776EDA
:10DA780077616974272C2027646F776E75707761DA
:10DA8800697427292028326E64207061722E292C2F
:10DA98002009090909092073776565702070657286
:10DAA800696F6420286D732920283372642070619F
:10DAB800722E292C20776169742074696D6520287D
:10DAC8006D73292028347468207061722E292061B2
:10DAD8006E642064696D2072657065617420746974
:10DAE8006D65732028357468207061722E2920288E
:10DAF800747970652027696E662720666F722070BA
:10DB08006572696F646963207369676E616C290D5A
:10DB18000A0D0A00E8D90208ECD9020851200108C8
:10DB280005000000E0FB0008E8FB0008F0FB000827
:10DB3800F8FB000800FC000856FC00085EFC000822
:10DB480066FC00086EFC000876FC00085247426C30
:10DB580065645461736B0000CE0501084A0501082D
:10DB68005605010862050108680501086E050108E7
:10DB78007A05010886050108920501089E05010835
:10DB8800AA050108B6050108C2050108981201088E
:10DB9800E6110108F4110108081201082012010811
:10DBA8003812010850120108681201088012010891
:10DBB8000D0A0000626C61636B000000776869748D
:10DBC8006500000072656400626C75650000000005
:10DBD80079656C6C6F7700006379616E00000000F6
:10DBE8006D6167656E746100677265656E0000003F
:10DBF800696E6600626173696300000066696E653C
:10DC0800000000007570000075707761697400008D
:10DC1800646F776E00000000646F776E77616974D7
:10DC2800000000007570646F776E0000646F776E97
:10DC3800757000007570646F776E776169740000A5
:10DC4800646F776E7570776169740000526564203F
:10DC58004C4544206973206F6E0D0A004772656554
:10DC68006E204C4544206973206F6E0D0A00000039
:10DC7800426C7565204C4544206973206F6E000026
:10DC8800524742204C4544206973206F6E206174CE
:10DC980020696E74656E7369747920256425250D75
:10DCA8000A00000057726F6E6720696E74656E73A4
:10DCB800697479210A0D0000524742204C454420DE
:10DCC8006973206F66660D0A000000005247422003
:10DCD8004C454420636F6C6F722069732025732054
:10DCE800617420696E74656E736974792025642582
:10DCF800250A0D00556E6B6E6F776E20636F6C6F23
:10DD080072210A0D00000000524742204C45442071
:10DD18006973202825642C2025642C20256429205B
:10DD2800617420696E74656E736974792025642541
:10DD3800250A0D0057726F6E6720636F6C6F722033
:10DD480076616C7565210A0D00000000412025737D
:10DD58002070756C736520776974682070657269C6
:10DD68006F64202564206D7320616E64206475746F
:10DD780079206379636C65202564206D732069734D
:10DD88002067656E65726174656420706572696F7D
:10DD9800646963616C6C790A0D0000004120257389
:10DDA8002070756C73652077697468207065726976
:10DDB8006F64202564206D7320616E64206475741F
:10DDC80079206379636C65202564206D73206973FD
:10DDD8002067656E657261746564202564207469C6
:10DDE8006D65730A0D00000041202825642C20254C
:10DDF800642C20256429205247422070756C736575
:10DE0800207769746820706572696F6420256420C2
:10DE18006D7320616E642064757479206379636C16
:10DE280065202564206D732069732067656E6572AF
:10DE38006174656420706572696F646963616C6C94
:10DE4800790A0D0041202825642C2025642C2025E2
:10DE58006429205247422070756C73652077697475
:10DE68006820706572696F64202564206D73206175
:10DE78006E642064757479206379636C6520256409
:10DE8800206D732069732067656E657261746564BF
:10DE98002025642074696D65730A0D005468652037
:10DEA800524742204C454420706572666F726D730C
:10DEB800206120257320636F6C6F7220737765650E
:10DEC80070207769746820706572696F64202564B2
:10DED800206D732E205468652073776565702069FE
:10DEE8007320726570656174656420706572696F0E
:10DEF800646963616C6C790A0D00000054686520E0
:10DF0800524742204C454420706572666F726D73AB
:10DF1800206120257320636F6C6F722073776565AD
:10DF280070207769746820706572696F6420256451
:10DF3800206D732E2054686520737765657020699D
:10DF48007320726570656174656420256420746946
:10DF58006D65730A0D000000546865205247422021
:10DF68004C45442064696D73206120257320636FDC
:10DF78006C6F72207769746820706572696F6420AD
:10DF88002564206D7320616E642077616974207444
:10DF9800696D65202564206D732E205468652064A2
:10DFA800696D206D6F646520697320257320616E2B
:10DFB80064207468652064696D206379636C6520EA
:10DFC8006973207265706561746564207065726933
:10DFD8006F646963616C6C790A0D00005468652090
:10DFE800524742204C45442064696D7320612025C6
:10DFF8007320636F6C6F7220776974682070657224
:10E00800696F64202564206D7320616E64207761D8
:10E0180069742074696D65202564206D732E205401
:10E0280068652064696D206D6F64652069732025BB
:10E038007320616E64207468652064696D2063795B
:10E04800636C65206973207265706561746564200E
:10E0580025642074696D65730A0D0000081C30443E
:10E06800586C800052657374617274696E672E2EE5
:10E078002E0D0A00486172644661756C7420457201
:10E08800726F720D0A000000537461636B204F7643
:10E098006572666C6F770D0A000000004865617054
:10E0A8002073697A652065786365656465640D0A1F
:10E0B80000000000081C3044586C80005365702034
:10E0C800313820323032350031363A34383A30314E
:10E0D80000000000081C3044586C8000965C010861
:10E0E800825C0108865C01088A5C01088E5C010874
:10E0F800925C0108081C3044586C80000000000045
:10E108000000000000000000000000000000000007
:10E1180000000000000000000000000001000000F6
:10E1280002000000030000000400000006000000D8
:10E1380007000000080000000900000000000000BF
:10E1480000000000000000000000000001000000C6
:10E15800020000000300000004000000081C304416
:10E16800586C800068656C70000000000D0A6865D6
:10E178006C703A0D0A204C6973747320616C6C20C2
:10E188007468652072656769737465726564206375
:10E198006F6D6D616E64732E2054797065202768E9
:10E1A800656C7020706172616D732720746F206CCC
:10E1B80069737420617661696C61626C6520706155
:10E1C80072616D657465727320616E642074686530
:10E1D800697220706F737369626C652076616C7503
:10E1E80065730D0A0D0A00006CE1020874E102086B
:10E1F800ED9B0108FF000000496E636F7272656352
:10E208007420636F6D6D616E6420706172616D65FD
:10E218007465722873292E2020456E746572202239
:10E2280068656C702220746F20766965772061209C
:10E238006C697374206F6620617661696C61626CC9
:10E248006520636F6D6D616E64732E0D0A0D0A0093
:10E25800436F6D6D616E64206E6F74207265636FBD
:10E26800676E697365642E2020456E74657220227E
:10E2780068656C702220746F20766965772061204C
:10E288006C697374206F6620617661696C61626C79
:10E298006520636F6D6D616E64732E0D0A0D0A0043
:10E2A800706172616D73000049444C4500000000C4
:10E2B8000925630925750925750925750D0A0000C5
:10E2C800F8C0010802C101080CC1010816C1010803
:10E2D80020C101080925750909257525250D0A009C
:10E2E80009257509093C3125250D0A002AC40108AC
:10E2F800ECC30108FAC3010806C401080EC40108EA
:10E3080032C50108F4C4010802C501080EC5010898
:10E3180016C50108546D72205376630084CB01083A
:10E3280084CB010884CB0108E8CB0108FCCB0108A9
:10E338002CCC010884CB010884CB0108E8CB010868
:10E34800FCCB0108546D725100000000081C3044D9
:10E35800586C8000201302088013020880130208FA
:10E368008013020830130208801302088013020881
:10E378008013020840130208801302088013020861
:10E388008013020850130208801302088013020841
:10E398008013020860130208801302088013020821
:10E3A8008013020870130208E21302087A150208A3
:10E3B8007A1502087A150208241402087A15020848
:10E3C8007A1502087A1502086A1402087A150208F2
:10E3D8007A1502087A150208AC1402087A150208A0
:10E3E8007A1502087A150208F21402087A1502084A
:10E3F8007A1502087A15020834150208BE160208B2
:10E40800CC170208CC170208CC170208EA16020833
:10E41800CC170208CC170208CC17020818170208F4
:10E42800CC170208CC170208CC17020844170208B8
:10E43800CC170208CC170208CC170208721702087A
:10E44800CC170208CC170208CC1702089E1702083E
:10E45800081C3044586C80000100020004000600CB
:10E4680008000A000C001000200040008000000195
:10E47800081C3044586C80000101010307010000AA
:10E488000804020408010101060A0008320900080C
:10E498001C090008980900081C090008CC09000894
:10E4A8001C09000898090008320900083209000808
:10E4B800CC0900089809000808090008080900089C
:10E4C80008090008D60900083209000832090008BE
:10E4D8001C090008720A00081C090008CC09000879
:10E4E8001C090008720A00083209000832090008ED
:10E4F800CC090008720A0008080900080809000881
:10E5080008090008B41E0008721D0008501D000804
:10E518003C1D0008501D0008561E0008501D00082C
:10E528003C1D0008721D0008721D0008561E0008D8
:10E538003C1D0008341D0008341D0008341D000867
:10E54800781E00082E004300504F5349580042617E
:10E558006C6C6F6320737563636565646564002F15
:10E568006275696C642F676E752D746F6F6C732D8F
:10E57800666F722D73746D33325F31332E332E72A2
:10E58800656C312E32303234303932362D313731F4
:10E59800352F7372632F6E65776C69622F6E65779E
:10E5A8006C69622F6C6962632F7374646C69622F83
:10E5B8006764746F612D6765746865782E63002FD2
:10E5C8006275696C642F676E752D746F6F6C732D2F
:10E5D800666F722D73746D33325F31332E332E7242
:10E5E800656C312E32303234303932362D31373194
:10E5F800352F7372632F6E65776C69622F6E65773E
:10E608006C69622F6C6962632F7374646C69622F22
:10E618006D707265632E6300494E4600696E660030
:10E628004E414E006E616E0030313233343536372C
:10E6380038396162636465660030313233343536A7
:10E648003738394142434445460030002C2066752E
:10E658006E6374696F6E3A200061737365727469D2
:10E668006F6E2022257322206661696C65643A20EA
:10E6780066696C6520222573222C206C696E6520E2
:10E688002564257325730A00496E66696E69747975
:10E69800004E614E002F6275696C642F676E752D90
:10E6A800746F6F6C732D666F722D73746D33325F78
:10E6B80031332E332E72656C312E3230323430398C
:10E6C80032362D313731352F7372632F6E65776C83
:10E6D80069622F6E65776C69622F6C6962632F734C
:10E6E80074646C69622F64746F612E6300000000AB
:10E6F80034000000CEFBFFFFCB0300000100000048
:10E708000000000035000000CEFBFFFFCB03000037
:10E718000100000000000000BC89D897B2D29C3CE0
:10E7280033A7A8D523F649393DA7F444FD0FA532F0
:10E738009D978CCF08BA5B25436FAC642806681197
:10E7480000202020202020202020282828282820B9
:10E7580020202020202020202020202020202020B1
:10E768002088101010101010101010101010101019
:10E778001004040404040404040404101010101009
:10E7880010104141414141410101010101010101D3
:10E798000101010101010101010101011010101025
:10E7A80010104242424242420202020202020202A5
:10E7B80002020202020202020202020210101010F9
:10E7C8002000000000000000000000000000000021
:10E7D8000000000000000000000000000000000031
:10E7E8000000000000000000000000000000000021
:10E7F8000000000000000000000000000000000011
:10E808000000000000000000000000000000000000
:10E8180000000000000000000000000000000000F0
:10E8280000000000000000000000000000000000E0
:10E8380000000000000000000000000000000000D0
:10E848000000000005000000190000007D00000025
:10E858000080E03779C34143176E05B5B5B89346D4
:10E86800F5F93FE9034F384D321D30F94877825AA0
:10E878003CBF737FDD4F1575000000000000F03FBE
:10E888000000000000002440000000000000594083
:10E898000000000000408F40000000000088C340D6
:10E8A80000000000006AF8400000000080842E414B
:10E8B80000000000D01263410000000084D7974197
:10E8C8000000000065CDCD41000000205FA002429D
:10E8D800000000E876483742000000A2941A6D4212
:10E8E800000040E59C30A2420000901EC4BCD64205
:10E8F80000003426F56B0C430080E03779C34143B0
:10E9080000A0D8855734764300C84E676DC1AB4325
:10E91800003D9160E458E143408CB5781DAF154443
:10E9280050EFE2D6E41A4B4492D54D06CFF080441E
:10E93800F64AE1C7022DB544B49DD9794378EA4433
:10E9480030303030303030303030303030303030BF
:10E9580020202020202020202020202020202020AF
:10E96800303030303030303030303030303030309F
:10E97800202020202020202020202020202020208F
:08E98800501DFD7F010000009D
:08E9900061610208E9000008C2
:04E99800C1000008B2
:10E99C000200110000000000000000000000200038
:10E9AC0009000000000000000000000094AB020809
:10E9BC009CAB0208A4AB0208B0AB0208BCAB0208CB
:10E9CC00C4AB0208D0AB0208D8AB0208DCAB02081F
:10E9DC00E0AB0208E4AB0208E8AB0208ECAB0208BF
:10E9EC00F0AB0208F4AB0208F8AB0208FCAB02086F
:10E9FC0000AC020804AC020808AC020834AC0208F3
:10EA0C0060AC020834AD020860AD02088CAD02089F
:10EA1C00B4AD0208DCAD0208C4AE0208F8AE0208C0
:10EA2C00FCAF0208FF000200020101001E003200D0
:10EA3C0005FA000000100E00001800000000000095
:10EA4C0000000000000000000200110000000000A7
:10EA5C000000000000002000090000000000000081
:10EA6C000000000058B30208ECB50208F0B502082B
:10EA7C000200110000000000000000000000200057
:10EA8C00090000000000000000000000FCC80208A3
:10EA9C0010C902082CC902084CC902085CC902083A
:10EAAC0074C90208B4C90208E8C9020828CA0208D5
:10EABC004CCA020878CA020894CA020874C902082F
:10EACC00B4C90208E8C90208B4CA0208E8CA0208B4
:10EADC0010CB020824CB020854CB020808CC020845
:10EAEC004CC902081CCC020824CC020840CC0208F9
:10EAFC0008CC020854CC020874CC02089CCC020846
:10EB0C004CC90208DCCC020804CD020830CD020846
:10EB1C0048CD02085CCD020884CD020894CD0208D1
:10EB2C00A8CD0208C0CD0208E0CD020818CE02081C
:10EB3C0024CE020838CE020850CE020864CE020859
:10EB4C0074CE02087CCE020888CE020840CF0208A0
:10EB5C0078CF02089CCF020878CF0208D4CF0208E5
:10EB6C0078CF02080CD0020830D0020840D002083E
:10EB7C0058D0020830D0020878D0020894D002088D
:10EB8C00B0D00208C4D0020818D1020830D0020854
:10EB9C0034D1020848D10208020011000000000024
:10EBAC000000000000002000090000000000000030
:10EBBC000000000001000000020011000000000035
:10EBCC000000000000002000090000000000000010
:10EBDC000000000002001100000000000000000016
:10EBEC0000002000090000000000000000000000F0
:10EBFC0054DC020864DC020878DC020888DC0208B9
:10EC0C00ACDC0208C0DC0208D4DC0208FCDC020824
:10EC1C00ACDC020810DD02083CDD0208ACDC0208AA
:10EC2C0088DC0208C0DC0208ACDC020854DD0208F7
:10EC3C00A4DD0208F0DD02084CDE0208A4DE0208A6
:10EC4C0004DF020860DF0208E4DF020802001100A2
:10EC5C00000000000000000000002000090000007F
:10EC6C0000000000000000006CE002080024F4002A
:10EC7C002000000002001100000000000000000055
:10EC8C00000020000900000000000000000000004F
:10EC9C00F0E102080000000000030020AAAAAAAAC2
:10ECAC000400000001000000FFFFFFFF0000020055
:10ECBC0000000000000000002003002020030020C2
:10ECCC0028030020280300203003002030030020FC
:10ECDC0038030020380300204003002040030020AC
:10ECEC00480300204803002050030020500300205C
:10ECFC00580300205803002060030020600300200C
:10ED0C0068030020680300207003002070030020BB
:10ED1C00780300207803002080030020800300206B
:10ED2C00880300208803002090030020900300201B
:10ED3C009803002098030020A0030020A0030020CB
:10ED4C00A8030020A8030020B0030020B00300207B
:10ED5C00B8030020B8030020C0030020C00300202B
:10ED6C00C8030020C8030020D0030020D0030020DB
:10ED7C00D8030020D8030020E0030020E00300208B
:10ED8C00E8030020E8030020F0030020F00300203B
:10ED9C00F8030020F80300200004002000040020E9
:10EDAC000804002008040020100400201004002097
:10EDBC001804002018040020200400202004002047
:10EDCC0028040020280400203004002030040020F7
:10EDDC0038040020380400204004002040040020A7
:10EDEC004804002048040020500400205004002057
:10EDFC005804002058040020600400206004002007
:10EE0C0068040020680400207004002070040020B6
:10EE1C007804002078040020800400208004002066
:10EE2C008804002088040020900400209004002016
:10EE3C009804002098040020A0040020A0040020C6
:10EE4C00A8040020A8040020B0040020B004002076
:10EE5C00B8040020B8040020C0040020C004002026
:10EE6C00C8040020C8040020D0040020D0040020D6
:10EE7C00D8040020D8040020E0040020E004002086
:10EE8C00E8040020E8040020F0040020F004002036
:10EE9C00F8040020F80400200005002000050020E4
:10EEAC000805002008050020100500201005002092
:10EEBC001805002018050020200500202005002042
:10EECC0028050020280500203005002030050020F2
:10EEDC0038050020380500204005002040050020A2
:10EEEC004805002048050020500500205005002052
:10EEFC005805002058050020600500206005002002
:10EF0C0068050020680500207005002070050020B1
:10EF1C007805002078050020800500208005002061
:10EF2C008805002088050020900500209005002011
:10EF3C009805002098050020A0050020A0050020C1
:10EF4C00A8050020A8050020B0050020B005002071
:10EF5C00B8050020B8050020C0050020C005002021
:10EF6C00C8050020C8050020D0050020D0050020D1
:10EF7C00D8050020D8050020E0050020E005002081
:10EF8C00E8050020E8050020F0050020F005002031
:10EF9C00F8050020F80500200006002000060020DF
:10EFAC00080600200806002010060020100600208D
:10EFBC00180600201806002020060020200600203D
:10EFCC0028060020280600203006002030060020ED
:10EFDC00380600203806002040060020400600209D
:10EFEC00480600204806002050060020500600204D
:10EFFC0058060020580600206006002060060020FD
:10F00C0068060020680600207006002070060020AC
:10F01C00780600207806002080060020800600205C
:10F02C00880600208806002090060020900600200C
:10F03C009806002098060020A0060020A0060020BC
:10F04C00A8060020A8060020B0060020B00600206C
:10F05C00B8060020B8060020C0060020C00600201C
:10F06C00C8060020C8060020D0060020D0060020CC
:10F07C00D8060020D8060020E0060020E00600207C
:10F08C00E8060020E8060020F0060020F00600202C
:10F09C00F8060020F80600200007002000070020DA
:10F0AC000807002008070020100700201007002088
:10F0BC0018070020180700200000000003000000C3
:10F0CC002499012043000000000000000000000013
:10F0DC000000000000000000000000000000000024
:10F0EC0000000000430000000000000000000000D1
:10F0FC000000000000000000000000000000000004
:10F10C0000000000430000000000000000000000B0
:10F11C0000000000000000000000000000000000E3
:10F12C000000000043000000000000000000000090
:10F13C0000000000000000000000000000000000C3
:10F14C000000000043000000000000000000000070
:10F15C0000000000000000000000000000000000A3
:10F16C000000000043000000000000000000000050
:10F17C000000000000000000000000000000000083
:10F18C000000000043000000000000000000000030
:10F19C000000000000000000000000000000000063
:10F1AC0000000000557302084D6A020800000000C0
:10F1BC0048E702084CE502088FE602088FE60208D1
:10F1CC008FE602088FE602088FE602088FE6020837
:10F1DC008FE602088FE602088FE60208FFFFFFFFAA
:10F1EC00FFFFFFFFFFFFFFFFFFFF00000100415388
:10F1FC00434949000000000000000000000000002E
:10F20C00000000000000000000000000000041535E
:10F21C00434949000000000000000000000000000D
:10F22C0000000000000000000000000000000000D2
:10F23C00A808002000000000000000002499012014
:10F24C008C990120F49901200000000000000000BE
:10F25C0000000000000000000000000000000000A2
:10F26C000000000000000000000000000000000092
:10F27C000000000000000000000000000000000082
:10F28C000000000000000000000000000000000072
:10F29C000000000000000000000000000000000062
:10F2AC000000000000000000000000000000000052
:10F2BC000000000000000000000000000000000042
:10F2CC000000000000000000000000000000000032
:10F2DC0001000000000000000E33CDAB34126DE6CF
:10F2EC00ECDE05000B000000000000000000000038
:10F2FC000000000000000000000000000000000002
:10F30C0000000000000000000000000000000000F1
:10F31C0000000000000000000000000000000000E1
:10F32C0000000000000000000000000000000000D1
:10F33C0000000000000000000000000000000000C1
:10F34C0000000000000000000000000000000000B1
:10F35C0000000000000000000000000000000000A1
:10F36C000000000000000000000000000000000091
:10F37C000000000000000000659A012080B588B0F4
:10F38C0000AF786039601F23FB1800221A707B686D
:10F39C00BB613B687B611A4B5A69194B8021C902CE
:10F3AC000A435A61EFF31083FB60FB683B6172B652
:10F3BC00C0460FE07A69BB6912681A607B69043336
:10F3CC007B61BB690433BB611F217B181A787B18E6
:10F3DC0001321A701F23FB181B783F2BEAD9C04649
:10F3EC00074B1A69C0239B021340F9D13B69BB60E0
:10F3FC00BB6883F31088C046C046BD4608B080BDCC
:04F40C00002002409A
:0400000508015EF997
:00000001FF
